account_id,npi,month,territory,district,region,specialty,payer_channel,referrals_in,active_referrers
HCP0001,9999000001,2024-07,N-PCP-01,North District 1,North,Primary Care,Commercial,1,1
HCP0002,9999000002,2024-07,N-PCP-02,North District 2,North,Primary Care,Medicare Part D,1,1
HCP0003,9999000003,2024-07,N-PCP-01,North District 1,North,Primary Care,Medicaid,1,1
HCP0004,9999000004,2024-07,N-PCP-02,North District 2,North,Primary Care,Cash,0,0
HCP0006,9999000006,2024-07,N-PCP-02,North District 2,North,Primary Care,Medicare Part D,0,0
HCP0007,9999000007,2024-07,N-PCP-01,North District 1,North,Primary Care,Medicaid,1,1
HCP0008,9999000008,2024-07,N-PCP-02,North District 2,North,Primary Care,Cash,0,0
HCP0009,9999000009,2024-07,N-PCP-01,North District 1,North,Primary Care,Commercial,1,1
HCP0011,9999000011,2024-07,N-PCP-01,North District 1,North,Primary Care,Medicaid,1,1
HCP0012,9999000012,2024-07,N-PCP-02,North District 2,North,Primary Care,Cash,2,2
HCP0013,9999000013,2024-07,N-PCP-01,North District 1,North,Primary Care,Commercial,0,0
HCP0014,9999000014,2024-07,N-PCP-02,North District 2,North,Primary Care,Medicare Part D,0,0
HCP0016,9999000016,2024-07,N-PCP-02,North District 2,North,Primary Care,Cash,1,1
HCP0017,9999000017,2024-07,N-PCP-01,North District 1,North,Primary Care,Commercial,1,1
HCP0018,9999000018,2024-07,N-PCP-02,North District 2,North,Primary Care,Medicare Part D,0,0
HCP0019,9999000019,2024-07,N-PCP-01,North District 1,North,Primary Care,Medicaid,2,2
HCP0021,9999000021,2024-07,N-CAR-01,North District 1,North,Cardiology,Commercial,2,2
HCP0022,9999000022,2024-07,N-CAR-02,North District 2,North,Cardiology,Medicare Part D,1,1
HCP0023,9999000023,2024-07,N-CAR-01,North District 1,North,Cardiology,Medicaid,0,0
HCP0024,9999000024,2024-07,N-CAR-02,North District 2,North,Cardiology,Cash,1,1
HCP0026,9999000026,2024-07,N-CAR-02,North District 2,North,Cardiology,Medicare Part D,1,1
HCP0027,9999000027,2024-07,N-CAR-01,North District 1,North,Cardiology,Medicaid,3,2
HCP0028,9999000028,2024-07,N-CAR-02,North District 2,North,Cardiology,Cash,0,0
HCP0029,9999000029,2024-07,N-CAR-01,North District 1,North,Cardiology,Commercial,0,0
HCP0031,9999000031,2024-07,N-CAR-01,North District 1,North,Cardiology,Medicaid,3,2
HCP0032,9999000032,2024-07,N-CAR-02,North District 2,North,Cardiology,Cash,1,1
HCP0033,9999000033,2024-07,N-CAR-01,North District 1,North,Cardiology,Commercial,0,0
HCP0034,9999000034,2024-07,N-CAR-02,North District 2,North,Cardiology,Medicare Part D,0,0
HCP0036,9999000036,2024-07,N-CAR-02,North District 2,North,Cardiology,Cash,0,0
HCP0037,9999000037,2024-07,N-CAR-01,North District 1,North,Cardiology,Commercial,0,0
HCP0038,9999000038,2024-07,N-CAR-02,North District 2,North,Cardiology,Medicare Part D,0,0
HCP0039,9999000039,2024-07,N-CAR-01,North District 1,North,Cardiology,Medicaid,0,0
HCP0041,9999000041,2024-07,N-END-01,North District 1,North,Endocrinology,Commercial,3,1
HCP0042,9999000042,2024-07,N-END-02,North District 2,North,Endocrinology,Medicare Part D,2,2
HCP0043,9999000043,2024-07,N-END-01,North District 1,North,Endocrinology,Medicaid,1,1
HCP0044,9999000044,2024-07,N-END-02,North District 2,North,Endocrinology,Cash,0,0
HCP0046,9999000046,2024-07,N-END-02,North District 2,North,Endocrinology,Medicare Part D,0,0
HCP0047,9999000047,2024-07,N-END-01,North District 1,North,Endocrinology,Medicaid,0,0
HCP0048,9999000048,2024-07,N-END-02,North District 2,North,Endocrinology,Cash,1,1
HCP0049,9999000049,2024-07,N-END-01,North District 1,North,Endocrinology,Commercial,0,0
HCP0051,9999000051,2024-07,N-END-01,North District 1,North,Endocrinology,Medicaid,0,0
HCP0052,9999000052,2024-07,N-END-02,North District 2,North,Endocrinology,Cash,1,1
HCP0053,9999000053,2024-07,N-END-01,North District 1,North,Endocrinology,Commercial,0,0
HCP0054,9999000054,2024-07,N-END-02,North District 2,North,Endocrinology,Medicare Part D,0,0
HCP0056,9999000056,2024-07,N-END-02,North District 2,North,Endocrinology,Cash,0,0
HCP0057,9999000057,2024-07,N-END-01,North District 1,North,Endocrinology,Commercial,0,0
HCP0058,9999000058,2024-07,N-END-02,North District 2,North,Endocrinology,Medicare Part D,1,1
HCP0059,9999000059,2024-07,N-END-01,North District 1,North,Endocrinology,Medicaid,1,1
HCP0061,9999000061,2024-07,S-PCP-01,South District 1,South,Primary Care,Medicare Part D,0,0
HCP0062,9999000062,2024-07,S-PCP-02,South District 2,South,Primary Care,Medicaid,0,0
HCP0063,9999000063,2024-07,S-PCP-01,South District 1,South,Primary Care,Cash,0,0
HCP0064,9999000064,2024-07,S-PCP-02,South District 2,South,Primary Care,Commercial,0,0
HCP0066,9999000066,2024-07,S-PCP-02,South District 2,South,Primary Care,Medicaid,0,0
HCP0067,9999000067,2024-07,S-PCP-01,South District 1,South,Primary Care,Cash,1,1
HCP0068,9999000068,2024-07,S-PCP-02,South District 2,South,Primary Care,Commercial,0,0
HCP0069,9999000069,2024-07,S-PCP-01,South District 1,South,Primary Care,Medicare Part D,0,0
HCP0071,9999000071,2024-07,S-PCP-01,South District 1,South,Primary Care,Cash,1,1
HCP0072,9999000072,2024-07,S-PCP-02,South District 2,South,Primary Care,Commercial,0,0
HCP0073,9999000073,2024-07,S-PCP-01,South District 1,South,Primary Care,Medicare Part D,0,0
HCP0074,9999000074,2024-07,S-PCP-02,South District 2,South,Primary Care,Medicaid,2,2
HCP0076,9999000076,2024-07,S-PCP-02,South District 2,South,Primary Care,Commercial,0,0
HCP0077,9999000077,2024-07,S-PCP-01,South District 1,South,Primary Care,Medicare Part D,0,0
HCP0078,9999000078,2024-07,S-PCP-02,South District 2,South,Primary Care,Medicaid,0,0
HCP0079,9999000079,2024-07,S-PCP-01,South District 1,South,Primary Care,Cash,0,0
HCP0081,9999000081,2024-07,S-CAR-01,South District 1,South,Cardiology,Medicare Part D,0,0
HCP0082,9999000082,2024-07,S-CAR-02,South District 2,South,Cardiology,Medicaid,2,1
HCP0083,9999000083,2024-07,S-CAR-01,South District 1,South,Cardiology,Cash,2,1
HCP0084,9999000084,2024-07,S-CAR-02,South District 2,South,Cardiology,Commercial,1,1
HCP0086,9999000086,2024-07,S-CAR-02,South District 2,South,Cardiology,Medicaid,0,0
HCP0087,9999000087,2024-07,S-CAR-01,South District 1,South,Cardiology,Cash,0,0
HCP0088,9999000088,2024-07,S-CAR-02,South District 2,South,Cardiology,Commercial,2,2
HCP0089,9999000089,2024-07,S-CAR-01,South District 1,South,Cardiology,Medicare Part D,0,0
HCP0091,9999000091,2024-07,S-CAR-01,South District 1,South,Cardiology,Cash,1,1
HCP0092,9999000092,2024-07,S-CAR-02,South District 2,South,Cardiology,Commercial,1,1
HCP0093,9999000093,2024-07,S-CAR-01,South District 1,South,Cardiology,Medicare Part D,0,0
HCP0094,9999000094,2024-07,S-CAR-02,South District 2,South,Cardiology,Medicaid,1,1
HCP0096,9999000096,2024-07,S-CAR-02,South District 2,South,Cardiology,Commercial,1,1
HCP0097,9999000097,2024-07,S-CAR-01,South District 1,South,Cardiology,Medicare Part D,1,1
HCP0098,9999000098,2024-07,S-CAR-02,South District 2,South,Cardiology,Medicaid,1,1
HCP0099,9999000099,2024-07,S-CAR-01,South District 1,South,Cardiology,Cash,0,0
HCP0101,9999000101,2024-07,S-END-01,South District 1,South,Endocrinology,Medicare Part D,0,0
HCP0102,9999000102,2024-07,S-END-02,South District 2,South,Endocrinology,Medicaid,1,1
HCP0103,9999000103,2024-07,S-END-01,South District 1,South,Endocrinology,Cash,1,1
HCP0104,9999000104,2024-07,S-END-02,South District 2,South,Endocrinology,Commercial,0,0
HCP0106,9999000106,2024-07,S-END-02,South District 2,South,Endocrinology,Medicaid,0,0
HCP0107,9999000107,2024-07,S-END-01,South District 1,South,Endocrinology,Cash,0,0
HCP0108,9999000108,2024-07,S-END-02,South District 2,South,Endocrinology,Commercial,0,0
HCP0109,9999000109,2024-07,S-END-01,South District 1,South,Endocrinology,Medicare Part D,1,1
HCP0111,9999000111,2024-07,S-END-01,South District 1,South,Endocrinology,Cash,1,1
HCP0112,9999000112,2024-07,S-END-02,South District 2,South,Endocrinology,Commercial,0,0
HCP0113,9999000113,2024-07,S-END-01,South District 1,South,Endocrinology,Medicare Part D,0,0
HCP0114,9999000114,2024-07,S-END-02,South District 2,South,Endocrinology,Medicaid,0,0
HCP0116,9999000116,2024-07,S-END-02,South District 2,South,Endocrinology,Commercial,0,0
HCP0117,9999000117,2024-07,S-END-01,South District 1,South,Endocrinology,Medicare Part D,0,0
HCP0118,9999000118,2024-07,S-END-02,South District 2,South,Endocrinology,Medicaid,0,0
HCP0119,9999000119,2024-07,S-END-01,South District 1,South,Endocrinology,Cash,0,0
HCP0121,9999000121,2024-07,E-PCP-01,East District 1,East,Primary Care,Medicaid,1,1
HCP0122,9999000122,2024-07,E-PCP-02,East District 2,East,Primary Care,Cash,0,0
HCP0123,9999000123,2024-07,E-PCP-01,East District 1,East,Primary Care,Commercial,1,1
HCP0124,9999000124,2024-07,E-PCP-02,East District 2,East,Primary Care,Medicare Part D,2,2
HCP0126,9999000126,2024-07,E-PCP-02,East District 2,East,Primary Care,Cash,2,2
HCP0127,9999000127,2024-07,E-PCP-01,East District 1,East,Primary Care,Commercial,2,1
HCP0128,9999000128,2024-07,E-PCP-02,East District 2,East,Primary Care,Medicare Part D,0,0
HCP0129,9999000129,2024-07,E-PCP-01,East District 1,East,Primary Care,Medicaid,0,0
HCP0131,9999000131,2024-07,E-PCP-01,East District 1,East,Primary Care,Commercial,0,0
HCP0132,9999000132,2024-07,E-PCP-02,East District 2,East,Primary Care,Medicare Part D,0,0
HCP0133,9999000133,2024-07,E-PCP-01,East District 1,East,Primary Care,Medicaid,1,1
HCP0134,9999000134,2024-07,E-PCP-02,East District 2,East,Primary Care,Cash,1,1
HCP0136,9999000136,2024-07,E-PCP-02,East District 2,East,Primary Care,Medicare Part D,1,1
HCP0137,9999000137,2024-07,E-PCP-01,East District 1,East,Primary Care,Medicaid,0,0
HCP0138,9999000138,2024-07,E-PCP-02,East District 2,East,Primary Care,Cash,0,0
HCP0139,9999000139,2024-07,E-PCP-01,East District 1,East,Primary Care,Commercial,3,1
HCP0141,9999000141,2024-07,E-CAR-01,East District 1,East,Cardiology,Medicaid,0,0
HCP0142,9999000142,2024-07,E-CAR-02,East District 2,East,Cardiology,Cash,0,0
HCP0143,9999000143,2024-07,E-CAR-01,East District 1,East,Cardiology,Commercial,0,0
HCP0144,9999000144,2024-07,E-CAR-02,East District 2,East,Cardiology,Medicare Part D,0,0
HCP0146,9999000146,2024-07,E-CAR-02,East District 2,East,Cardiology,Cash,1,1
HCP0147,9999000147,2024-07,E-CAR-01,East District 1,East,Cardiology,Commercial,0,0
HCP0148,9999000148,2024-07,E-CAR-02,East District 2,East,Cardiology,Medicare Part D,2,2
HCP0149,9999000149,2024-07,E-CAR-01,East District 1,East,Cardiology,Medicaid,0,0
HCP0151,9999000151,2024-07,E-CAR-01,East District 1,East,Cardiology,Commercial,2,1
HCP0152,9999000152,2024-07,E-CAR-02,East District 2,East,Cardiology,Medicare Part D,2,2
HCP0153,9999000153,2024-07,E-CAR-01,East District 1,East,Cardiology,Medicaid,1,1
HCP0154,9999000154,2024-07,E-CAR-02,East District 2,East,Cardiology,Cash,2,2
HCP0156,9999000156,2024-07,E-CAR-02,East District 2,East,Cardiology,Medicare Part D,2,2
HCP0157,9999000157,2024-07,E-CAR-01,East District 1,East,Cardiology,Medicaid,0,0
HCP0158,9999000158,2024-07,E-CAR-02,East District 2,East,Cardiology,Cash,0,0
HCP0159,9999000159,2024-07,E-CAR-01,East District 1,East,Cardiology,Commercial,1,1
HCP0161,9999000161,2024-07,E-END-01,East District 1,East,Endocrinology,Medicaid,0,0
HCP0162,9999000162,2024-07,E-END-02,East District 2,East,Endocrinology,Cash,0,0
HCP0163,9999000163,2024-07,E-END-01,East District 1,East,Endocrinology,Commercial,2,1
HCP0164,9999000164,2024-07,E-END-02,East District 2,East,Endocrinology,Medicare Part D,0,0
HCP0166,9999000166,2024-07,E-END-02,East District 2,East,Endocrinology,Cash,0,0
HCP0167,9999000167,2024-07,E-END-01,East District 1,East,Endocrinology,Commercial,0,0
HCP0168,9999000168,2024-07,E-END-02,East District 2,East,Endocrinology,Medicare Part D,2,2
HCP0169,9999000169,2024-07,E-END-01,East District 1,East,Endocrinology,Medicaid,0,0
HCP0171,9999000171,2024-07,E-END-01,East District 1,East,Endocrinology,Commercial,0,0
HCP0172,9999000172,2024-07,E-END-02,East District 2,East,Endocrinology,Medicare Part D,0,0
HCP0173,9999000173,2024-07,E-END-01,East District 1,East,Endocrinology,Medicaid,0,0
HCP0174,9999000174,2024-07,E-END-02,East District 2,East,Endocrinology,Cash,1,1
HCP0176,9999000176,2024-07,E-END-02,East District 2,East,Endocrinology,Medicare Part D,0,0
HCP0177,9999000177,2024-07,E-END-01,East District 1,East,Endocrinology,Medicaid,2,2
HCP0178,9999000178,2024-07,E-END-02,East District 2,East,Endocrinology,Cash,1,1
HCP0179,9999000179,2024-07,E-END-01,East District 1,East,Endocrinology,Commercial,1,1
HCP0181,9999000181,2024-07,W-PCP-01,West District 1,West,Primary Care,Cash,0,0
HCP0182,9999000182,2024-07,W-PCP-02,West District 2,West,Primary Care,Commercial,0,0
HCP0183,9999000183,2024-07,W-PCP-01,West District 1,West,Primary Care,Medicare Part D,1,1
HCP0184,9999000184,2024-07,W-PCP-02,West District 2,West,Primary Care,Medicaid,0,0
HCP0186,9999000186,2024-07,W-PCP-02,West District 2,West,Primary Care,Commercial,1,1
HCP0187,9999000187,2024-07,W-PCP-01,West District 1,West,Primary Care,Medicare Part D,0,0
HCP0188,9999000188,2024-07,W-PCP-02,West District 2,West,Primary Care,Medicaid,0,0
HCP0189,9999000189,2024-07,W-PCP-01,West District 1,West,Primary Care,Cash,1,1
HCP0191,9999000191,2024-07,W-PCP-01,West District 1,West,Primary Care,Medicare Part D,0,0
HCP0192,9999000192,2024-07,W-PCP-02,West District 2,West,Primary Care,Medicaid,0,0
HCP0193,9999000193,2024-07,W-PCP-01,West District 1,West,Primary Care,Cash,0,0
HCP0194,9999000194,2024-07,W-PCP-02,West District 2,West,Primary Care,Commercial,3,2
HCP0196,9999000196,2024-07,W-PCP-02,West District 2,West,Primary Care,Medicaid,0,0
HCP0197,9999000197,2024-07,W-PCP-01,West District 1,West,Primary Care,Cash,0,0
HCP0198,9999000198,2024-07,W-PCP-02,West District 2,West,Primary Care,Commercial,0,0
HCP0199,9999000199,2024-07,W-PCP-01,West District 1,West,Primary Care,Medicare Part D,0,0
HCP0201,9999000201,2024-07,W-CAR-01,West District 1,West,Cardiology,Cash,0,0
HCP0202,9999000202,2024-07,W-CAR-02,West District 2,West,Cardiology,Commercial,1,1
HCP0203,9999000203,2024-07,W-CAR-01,West District 1,West,Cardiology,Medicare Part D,1,1
HCP0204,9999000204,2024-07,W-CAR-02,West District 2,West,Cardiology,Medicaid,1,1
HCP0206,9999000206,2024-07,W-CAR-02,West District 2,West,Cardiology,Commercial,0,0
HCP0207,9999000207,2024-07,W-CAR-01,West District 1,West,Cardiology,Medicare Part D,0,0
HCP0208,9999000208,2024-07,W-CAR-02,West District 2,West,Cardiology,Medicaid,1,1
HCP0209,9999000209,2024-07,W-CAR-01,West District 1,West,Cardiology,Cash,0,0
HCP0211,9999000211,2024-07,W-CAR-01,West District 1,West,Cardiology,Medicare Part D,0,0
HCP0212,9999000212,2024-07,W-CAR-02,West District 2,West,Cardiology,Medicaid,0,0
HCP0213,9999000213,2024-07,W-CAR-01,West District 1,West,Cardiology,Cash,1,1
HCP0214,9999000214,2024-07,W-CAR-02,West District 2,West,Cardiology,Commercial,1,1
HCP0216,9999000216,2024-07,W-CAR-02,West District 2,West,Cardiology,Medicaid,1,1
HCP0217,9999000217,2024-07,W-CAR-01,West District 1,West,Cardiology,Cash,1,1
HCP0218,9999000218,2024-07,W-CAR-02,West District 2,West,Cardiology,Commercial,2,1
HCP0219,9999000219,2024-07,W-CAR-01,West District 1,West,Cardiology,Medicare Part D,0,0
HCP0221,9999000221,2024-07,W-END-01,West District 1,West,Endocrinology,Cash,2,1
HCP0222,9999000222,2024-07,W-END-02,West District 2,West,Endocrinology,Commercial,1,1
HCP0223,9999000223,2024-07,W-END-01,West District 1,West,Endocrinology,Medicare Part D,1,1
HCP0224,9999000224,2024-07,W-END-02,West District 2,West,Endocrinology,Medicaid,0,0
HCP0226,9999000226,2024-07,W-END-02,West District 2,West,Endocrinology,Commercial,0,0
HCP0227,9999000227,2024-07,W-END-01,West District 1,West,Endocrinology,Medicare Part D,0,0
HCP0228,9999000228,2024-07,W-END-02,West District 2,West,Endocrinology,Medicaid,1,1
HCP0229,9999000229,2024-07,W-END-01,West District 1,West,Endocrinology,Cash,0,0
HCP0231,9999000231,2024-07,W-END-01,West District 1,West,Endocrinology,Medicare Part D,1,1
HCP0232,9999000232,2024-07,W-END-02,West District 2,West,Endocrinology,Medicaid,0,0
HCP0233,9999000233,2024-07,W-END-01,West District 1,West,Endocrinology,Cash,0,0
HCP0234,9999000234,2024-07,W-END-02,West District 2,West,Endocrinology,Commercial,1,1
HCP0236,9999000236,2024-07,W-END-02,West District 2,West,Endocrinology,Medicaid,0,0
HCP0237,9999000237,2024-07,W-END-01,West District 1,West,Endocrinology,Cash,1,1
HCP0238,9999000238,2024-07,W-END-02,West District 2,West,Endocrinology,Commercial,2,1
HCP0239,9999000239,2024-07,W-END-01,West District 1,West,Endocrinology,Medicare Part D,1,1
HCP0001,9999000001,2024-08,N-PCP-01,North District 1,North,Primary Care,Commercial,2,2
HCP0002,9999000002,2024-08,N-PCP-02,North District 2,North,Primary Care,Medicare Part D,1,1
HCP0003,9999000003,2024-08,N-PCP-01,North District 1,North,Primary Care,Medicaid,0,0
HCP0004,9999000004,2024-08,N-PCP-02,North District 2,North,Primary Care,Cash,0,0
HCP0006,9999000006,2024-08,N-PCP-02,North District 2,North,Primary Care,Medicare Part D,0,0
HCP0007,9999000007,2024-08,N-PCP-01,North District 1,North,Primary Care,Medicaid,0,0
HCP0008,9999000008,2024-08,N-PCP-02,North District 2,North,Primary Care,Cash,1,1
HCP0009,9999000009,2024-08,N-PCP-01,North District 1,North,Primary Care,Commercial,0,0
HCP0011,9999000011,2024-08,N-PCP-01,North District 1,North,Primary Care,Medicaid,0,0
HCP0012,9999000012,2024-08,N-PCP-02,North District 2,North,Primary Care,Cash,0,0
HCP0013,9999000013,2024-08,N-PCP-01,North District 1,North,Primary Care,Commercial,1,1
HCP0014,9999000014,2024-08,N-PCP-02,North District 2,North,Primary Care,Medicare Part D,0,0
HCP0016,9999000016,2024-08,N-PCP-02,North District 2,North,Primary Care,Cash,2,2
HCP0017,9999000017,2024-08,N-PCP-01,North District 1,North,Primary Care,Commercial,1,1
HCP0018,9999000018,2024-08,N-PCP-02,North District 2,North,Primary Care,Medicare Part D,0,0
HCP0019,9999000019,2024-08,N-PCP-01,North District 1,North,Primary Care,Medicaid,0,0
HCP0021,9999000021,2024-08,N-CAR-01,North District 1,North,Cardiology,Commercial,2,1
HCP0022,9999000022,2024-08,N-CAR-02,North District 2,North,Cardiology,Medicare Part D,0,0
HCP0023,9999000023,2024-08,N-CAR-01,North District 1,North,Cardiology,Medicaid,1,1
HCP0024,9999000024,2024-08,N-CAR-02,North District 2,North,Cardiology,Cash,0,0
HCP0026,9999000026,2024-08,N-CAR-02,North District 2,North,Cardiology,Medicare Part D,0,0
HCP0027,9999000027,2024-08,N-CAR-01,North District 1,North,Cardiology,Medicaid,0,0
HCP0028,9999000028,2024-08,N-CAR-02,North District 2,North,Cardiology,Cash,1,1
HCP0029,9999000029,2024-08,N-CAR-01,North District 1,North,Cardiology,Commercial,0,0
HCP0031,9999000031,2024-08,N-CAR-01,North District 1,North,Cardiology,Medicaid,0,0
HCP0032,9999000032,2024-08,N-CAR-02,North District 2,North,Cardiology,Cash,0,0
HCP0033,9999000033,2024-08,N-CAR-01,North District 1,North,Cardiology,Commercial,2,1
HCP0034,9999000034,2024-08,N-CAR-02,North District 2,North,Cardiology,Medicare Part D,2,1
HCP0036,9999000036,2024-08,N-CAR-02,North District 2,North,Cardiology,Cash,1,1
HCP0037,9999000037,2024-08,N-CAR-01,North District 1,North,Cardiology,Commercial,1,1
HCP0038,9999000038,2024-08,N-CAR-02,North District 2,North,Cardiology,Medicare Part D,1,1
HCP0039,9999000039,2024-08,N-CAR-01,North District 1,North,Cardiology,Medicaid,0,0
HCP0041,9999000041,2024-08,N-END-01,North District 1,North,Endocrinology,Commercial,0,0
HCP0042,9999000042,2024-08,N-END-02,North District 2,North,Endocrinology,Medicare Part D,1,1
HCP0043,9999000043,2024-08,N-END-01,North District 1,North,Endocrinology,Medicaid,2,1
HCP0044,9999000044,2024-08,N-END-02,North District 2,North,Endocrinology,Cash,0,0
HCP0046,9999000046,2024-08,N-END-02,North District 2,North,Endocrinology,Medicare Part D,0,0
HCP0047,9999000047,2024-08,N-END-01,North District 1,North,Endocrinology,Medicaid,0,0
HCP0048,9999000048,2024-08,N-END-02,North District 2,North,Endocrinology,Cash,0,0
HCP0049,9999000049,2024-08,N-END-01,North District 1,North,Endocrinology,Commercial,0,0
HCP0051,9999000051,2024-08,N-END-01,North District 1,North,Endocrinology,Medicaid,0,0
HCP0052,9999000052,2024-08,N-END-02,North District 2,North,Endocrinology,Cash,4,1
HCP0053,9999000053,2024-08,N-END-01,North District 1,North,Endocrinology,Commercial,0,0
HCP0054,9999000054,2024-08,N-END-02,North District 2,North,Endocrinology,Medicare Part D,1,1
HCP0056,9999000056,2024-08,N-END-02,North District 2,North,Endocrinology,Cash,1,1
HCP0057,9999000057,2024-08,N-END-01,North District 1,North,Endocrinology,Commercial,1,1
HCP0058,9999000058,2024-08,N-END-02,North District 2,North,Endocrinology,Medicare Part D,1,1
HCP0059,9999000059,2024-08,N-END-01,North District 1,North,Endocrinology,Medicaid,1,1
HCP0061,9999000061,2024-08,S-PCP-01,South District 1,South,Primary Care,Medicare Part D,1,1
HCP0062,9999000062,2024-08,S-PCP-02,South District 2,South,Primary Care,Medicaid,0,0
HCP0063,9999000063,2024-08,S-PCP-01,South District 1,South,Primary Care,Cash,0,0
HCP0064,9999000064,2024-08,S-PCP-02,South District 2,South,Primary Care,Commercial,0,0
HCP0066,9999000066,2024-08,S-PCP-02,South District 2,South,Primary Care,Medicaid,1,1
HCP0067,9999000067,2024-08,S-PCP-01,South District 1,South,Primary Care,Cash,0,0
HCP0068,9999000068,2024-08,S-PCP-02,South District 2,South,Primary Care,Commercial,1,1
HCP0069,9999000069,2024-08,S-PCP-01,South District 1,South,Primary Care,Medicare Part D,1,1
HCP0071,9999000071,2024-08,S-PCP-01,South District 1,South,Primary Care,Cash,0,0
HCP0072,9999000072,2024-08,S-PCP-02,South District 2,South,Primary Care,Commercial,0,0
HCP0073,9999000073,2024-08,S-PCP-01,South District 1,South,Primary Care,Medicare Part D,0,0
HCP0074,9999000074,2024-08,S-PCP-02,South District 2,South,Primary Care,Medicaid,0,0
HCP0076,9999000076,2024-08,S-PCP-02,South District 2,South,Primary Care,Commercial,0,0
HCP0077,9999000077,2024-08,S-PCP-01,South District 1,South,Primary Care,Medicare Part D,0,0
HCP0078,9999000078,2024-08,S-PCP-02,South District 2,South,Primary Care,Medicaid,0,0
HCP0079,9999000079,2024-08,S-PCP-01,South District 1,South,Primary Care,Cash,1,1
HCP0081,9999000081,2024-08,S-CAR-01,South District 1,South,Cardiology,Medicare Part D,1,1
HCP0082,9999000082,2024-08,S-CAR-02,South District 2,South,Cardiology,Medicaid,0,0
HCP0083,9999000083,2024-08,S-CAR-01,South District 1,South,Cardiology,Cash,0,0
HCP0084,9999000084,2024-08,S-CAR-02,South District 2,South,Cardiology,Commercial,3,1
HCP0086,9999000086,2024-08,S-CAR-02,South District 2,South,Cardiology,Medicaid,2,2
HCP0087,9999000087,2024-08,S-CAR-01,South District 1,South,Cardiology,Cash,0,0
HCP0088,9999000088,2024-08,S-CAR-02,South District 2,South,Cardiology,Commercial,0,0
HCP0089,9999000089,2024-08,S-CAR-01,South District 1,South,Cardiology,Medicare Part D,1,1
HCP0091,9999000091,2024-08,S-CAR-01,South District 1,South,Cardiology,Cash,0,0
HCP0092,9999000092,2024-08,S-CAR-02,South District 2,South,Cardiology,Commercial,1,1
HCP0093,9999000093,2024-08,S-CAR-01,South District 1,South,Cardiology,Medicare Part D,1,1
HCP0094,9999000094,2024-08,S-CAR-02,South District 2,South,Cardiology,Medicaid,1,1
HCP0096,9999000096,2024-08,S-CAR-02,South District 2,South,Cardiology,Commercial,1,1
HCP0097,9999000097,2024-08,S-CAR-01,South District 1,South,Cardiology,Medicare Part D,0,0
HCP0098,9999000098,2024-08,S-CAR-02,South District 2,South,Cardiology,Medicaid,0,0
HCP0099,9999000099,2024-08,S-CAR-01,South District 1,South,Cardiology,Cash,0,0
HCP0101,9999000101,2024-08,S-END-01,South District 1,South,Endocrinology,Medicare Part D,2,1
HCP0102,9999000102,2024-08,S-END-02,South District 2,South,Endocrinology,Medicaid,2,1
HCP0103,9999000103,2024-08,S-END-01,South District 1,South,Endocrinology,Cash,0,0
HCP0104,9999000104,2024-08,S-END-02,South District 2,South,Endocrinology,Commercial,3,2
HCP0106,9999000106,2024-08,S-END-02,South District 2,South,Endocrinology,Medicaid,3,1
HCP0107,9999000107,2024-08,S-END-01,South District 1,South,Endocrinology,Cash,1,1
HCP0108,9999000108,2024-08,S-END-02,South District 2,South,Endocrinology,Commercial,0,0
HCP0109,9999000109,2024-08,S-END-01,South District 1,South,Endocrinology,Medicare Part D,1,1
HCP0111,9999000111,2024-08,S-END-01,South District 1,South,Endocrinology,Cash,1,1
HCP0112,9999000112,2024-08,S-END-02,South District 2,South,Endocrinology,Commercial,1,1
HCP0113,9999000113,2024-08,S-END-01,South District 1,South,Endocrinology,Medicare Part D,0,0
HCP0114,9999000114,2024-08,S-END-02,South District 2,South,Endocrinology,Medicaid,0,0
HCP0116,9999000116,2024-08,S-END-02,South District 2,South,Endocrinology,Commercial,0,0
HCP0117,9999000117,2024-08,S-END-01,South District 1,South,Endocrinology,Medicare Part D,1,1
HCP0118,9999000118,2024-08,S-END-02,South District 2,South,Endocrinology,Medicaid,0,0
HCP0119,9999000119,2024-08,S-END-01,South District 1,South,Endocrinology,Cash,0,0
HCP0121,9999000121,2024-08,E-PCP-01,East District 1,East,Primary Care,Medicaid,1,1
HCP0122,9999000122,2024-08,E-PCP-02,East District 2,East,Primary Care,Cash,0,0
HCP0123,9999000123,2024-08,E-PCP-01,East District 1,East,Primary Care,Commercial,0,0
HCP0124,9999000124,2024-08,E-PCP-02,East District 2,East,Primary Care,Medicare Part D,0,0
HCP0126,9999000126,2024-08,E-PCP-02,East District 2,East,Primary Care,Cash,1,1
HCP0127,9999000127,2024-08,E-PCP-01,East District 1,East,Primary Care,Commercial,0,0
HCP0128,9999000128,2024-08,E-PCP-02,East District 2,East,Primary Care,Medicare Part D,0,0
HCP0129,9999000129,2024-08,E-PCP-01,East District 1,East,Primary Care,Medicaid,1,1
HCP0131,9999000131,2024-08,E-PCP-01,East District 1,East,Primary Care,Commercial,2,1
HCP0132,9999000132,2024-08,E-PCP-02,East District 2,East,Primary Care,Medicare Part D,1,1
HCP0133,9999000133,2024-08,E-PCP-01,East District 1,East,Primary Care,Medicaid,1,1
HCP0134,9999000134,2024-08,E-PCP-02,East District 2,East,Primary Care,Cash,2,1
HCP0136,9999000136,2024-08,E-PCP-02,East District 2,East,Primary Care,Medicare Part D,0,0
HCP0137,9999000137,2024-08,E-PCP-01,East District 1,East,Primary Care,Medicaid,0,0
HCP0138,9999000138,2024-08,E-PCP-02,East District 2,East,Primary Care,Cash,0,0
HCP0139,9999000139,2024-08,E-PCP-01,East District 1,East,Primary Care,Commercial,2,2
HCP0141,9999000141,2024-08,E-CAR-01,East District 1,East,Cardiology,Medicaid,3,3
HCP0142,9999000142,2024-08,E-CAR-02,East District 2,East,Cardiology,Cash,1,1
HCP0143,9999000143,2024-08,E-CAR-01,East District 1,East,Cardiology,Commercial,0,0
HCP0144,9999000144,2024-08,E-CAR-02,East District 2,East,Cardiology,Medicare Part D,0,0
HCP0146,9999000146,2024-08,E-CAR-02,East District 2,East,Cardiology,Cash,0,0
HCP0147,9999000147,2024-08,E-CAR-01,East District 1,East,Cardiology,Commercial,0,0
HCP0148,9999000148,2024-08,E-CAR-02,East District 2,East,Cardiology,Medicare Part D,2,2
HCP0149,9999000149,2024-08,E-CAR-01,East District 1,East,Cardiology,Medicaid,1,1
HCP0151,9999000151,2024-08,E-CAR-01,East District 1,East,Cardiology,Commercial,0,0
HCP0152,9999000152,2024-08,E-CAR-02,East District 2,East,Cardiology,Medicare Part D,2,2
HCP0153,9999000153,2024-08,E-CAR-01,East District 1,East,Cardiology,Medicaid,1,1
HCP0154,9999000154,2024-08,E-CAR-02,East District 2,East,Cardiology,Cash,0,0
HCP0156,9999000156,2024-08,E-CAR-02,East District 2,East,Cardiology,Medicare Part D,0,0
HCP0157,9999000157,2024-08,E-CAR-01,East District 1,East,Cardiology,Medicaid,0,0
HCP0158,9999000158,2024-08,E-CAR-02,East District 2,East,Cardiology,Cash,1,1
HCP0159,9999000159,2024-08,E-CAR-01,East District 1,East,Cardiology,Commercial,4,3
HCP0161,9999000161,2024-08,E-END-01,East District 1,East,Endocrinology,Medicaid,0,0
HCP0162,9999000162,2024-08,E-END-02,East District 2,East,Endocrinology,Cash,0,0
HCP0163,9999000163,2024-08,E-END-01,East District 1,East,Endocrinology,Commercial,1,1
HCP0164,9999000164,2024-08,E-END-02,East District 2,East,Endocrinology,Medicare Part D,2,1
HCP0166,9999000166,2024-08,E-END-02,East District 2,East,Endocrinology,Cash,0,0
HCP0167,9999000167,2024-08,E-END-01,East District 1,East,Endocrinology,Commercial,1,1
HCP0168,9999000168,2024-08,E-END-02,East District 2,East,Endocrinology,Medicare Part D,1,1
HCP0169,9999000169,2024-08,E-END-01,East District 1,East,Endocrinology,Medicaid,1,1
HCP0171,9999000171,2024-08,E-END-01,East District 1,East,Endocrinology,Commercial,0,0
HCP0172,9999000172,2024-08,E-END-02,East District 2,East,Endocrinology,Medicare Part D,0,0
HCP0173,9999000173,2024-08,E-END-01,East District 1,East,Endocrinology,Medicaid,0,0
HCP0174,9999000174,2024-08,E-END-02,East District 2,East,Endocrinology,Cash,3,2
HCP0176,9999000176,2024-08,E-END-02,East District 2,East,Endocrinology,Medicare Part D,2,2
HCP0177,9999000177,2024-08,E-END-01,East District 1,East,Endocrinology,Medicaid,0,0
HCP0178,9999000178,2024-08,E-END-02,East District 2,East,Endocrinology,Cash,2,1
HCP0179,9999000179,2024-08,E-END-01,East District 1,East,Endocrinology,Commercial,2,2
HCP0181,9999000181,2024-08,W-PCP-01,West District 1,West,Primary Care,Cash,1,1
HCP0182,9999000182,2024-08,W-PCP-02,West District 2,West,Primary Care,Commercial,0,0
HCP0183,9999000183,2024-08,W-PCP-01,West District 1,West,Primary Care,Medicare Part D,0,0
HCP0184,9999000184,2024-08,W-PCP-02,West District 2,West,Primary Care,Medicaid,0,0
HCP0186,9999000186,2024-08,W-PCP-02,West District 2,West,Primary Care,Commercial,0,0
HCP0187,9999000187,2024-08,W-PCP-01,West District 1,West,Primary Care,Medicare Part D,1,1
HCP0188,9999000188,2024-08,W-PCP-02,West District 2,West,Primary Care,Medicaid,1,1
HCP0189,9999000189,2024-08,W-PCP-01,West District 1,West,Primary Care,Cash,0,0
HCP0191,9999000191,2024-08,W-PCP-01,West District 1,West,Primary Care,Medicare Part D,0,0
HCP0192,9999000192,2024-08,W-PCP-02,West District 2,West,Primary Care,Medicaid,0,0
HCP0193,9999000193,2024-08,W-PCP-01,West District 1,West,Primary Care,Cash,0,0
HCP0194,9999000194,2024-08,W-PCP-02,West District 2,West,Primary Care,Commercial,0,0
HCP0196,9999000196,2024-08,W-PCP-02,West District 2,West,Primary Care,Medicaid,1,1
HCP0197,9999000197,2024-08,W-PCP-01,West District 1,West,Primary Care,Cash,0,0
HCP0198,9999000198,2024-08,W-PCP-02,West District 2,West,Primary Care,Commercial,0,0
HCP0199,9999000199,2024-08,W-PCP-01,West District 1,West,Primary Care,Medicare Part D,1,1
HCP0201,9999000201,2024-08,W-CAR-01,West District 1,West,Cardiology,Cash,2,2
HCP0202,9999000202,2024-08,W-CAR-02,West District 2,West,Cardiology,Commercial,0,0
HCP0203,9999000203,2024-08,W-CAR-01,West District 1,West,Cardiology,Medicare Part D,2,2
HCP0204,9999000204,2024-08,W-CAR-02,West District 2,West,Cardiology,Medicaid,1,1
HCP0206,9999000206,2024-08,W-CAR-02,West District 2,West,Cardiology,Commercial,2,1
HCP0207,9999000207,2024-08,W-CAR-01,West District 1,West,Cardiology,Medicare Part D,3,3
HCP0208,9999000208,2024-08,W-CAR-02,West District 2,West,Cardiology,Medicaid,0,0
HCP0209,9999000209,2024-08,W-CAR-01,West District 1,West,Cardiology,Cash,1,1
HCP0211,9999000211,2024-08,W-CAR-01,West District 1,West,Cardiology,Medicare Part D,2,2
HCP0212,9999000212,2024-08,W-CAR-02,West District 2,West,Cardiology,Medicaid,2,2
HCP0213,9999000213,2024-08,W-CAR-01,West District 1,West,Cardiology,Cash,1,1
HCP0214,9999000214,2024-08,W-CAR-02,West District 2,West,Cardiology,Commercial,1,1
HCP0216,9999000216,2024-08,W-CAR-02,West District 2,West,Cardiology,Medicaid,2,1
HCP0217,9999000217,2024-08,W-CAR-01,West District 1,West,Cardiology,Cash,1,1
HCP0218,9999000218,2024-08,W-CAR-02,West District 2,West,Cardiology,Commercial,2,1
HCP0219,9999000219,2024-08,W-CAR-01,West District 1,West,Cardiology,Medicare Part D,1,1
HCP0221,9999000221,2024-08,W-END-01,West District 1,West,Endocrinology,Cash,1,1
HCP0222,9999000222,2024-08,W-END-02,West District 2,West,Endocrinology,Commercial,1,1
HCP0223,9999000223,2024-08,W-END-01,West District 1,West,Endocrinology,Medicare Part D,1,1
HCP0224,9999000224,2024-08,W-END-02,West District 2,West,Endocrinology,Medicaid,1,1
HCP0226,9999000226,2024-08,W-END-02,West District 2,West,Endocrinology,Commercial,0,0
HCP0227,9999000227,2024-08,W-END-01,West District 1,West,Endocrinology,Medicare Part D,1,1
HCP0228,9999000228,2024-08,W-END-02,West District 2,West,Endocrinology,Medicaid,0,0
HCP0229,9999000229,2024-08,W-END-01,West District 1,West,Endocrinology,Cash,0,0
HCP0231,9999000231,2024-08,W-END-01,West District 1,West,Endocrinology,Medicare Part D,1,1
HCP0232,9999000232,2024-08,W-END-02,West District 2,West,Endocrinology,Medicaid,1,1
HCP0233,9999000233,2024-08,W-END-01,West District 1,West,Endocrinology,Cash,0,0
HCP0234,9999000234,2024-08,W-END-02,West District 2,West,Endocrinology,Commercial,0,0
HCP0236,9999000236,2024-08,W-END-02,West District 2,West,Endocrinology,Medicaid,2,2
HCP0237,9999000237,2024-08,W-END-01,West District 1,West,Endocrinology,Cash,1,1
HCP0238,9999000238,2024-08,W-END-02,West District 2,West,Endocrinology,Commercial,0,0
HCP0239,9999000239,2024-08,W-END-01,West District 1,West,Endocrinology,Medicare Part D,0,0
HCP0001,9999000001,2024-09,N-PCP-01,North District 1,North,Primary Care,Commercial,1,1
HCP0002,9999000002,2024-09,N-PCP-02,North District 2,North,Primary Care,Medicare Part D,1,1
HCP0003,9999000003,2024-09,N-PCP-01,North District 1,North,Primary Care,Medicaid,0,0
HCP0004,9999000004,2024-09,N-PCP-02,North District 2,North,Primary Care,Cash,0,0
HCP0006,9999000006,2024-09,N-PCP-02,North District 2,North,Primary Care,Medicare Part D,2,2
HCP0007,9999000007,2024-09,N-PCP-01,North District 1,North,Primary Care,Medicaid,3,3
HCP0008,9999000008,2024-09,N-PCP-02,North District 2,North,Primary Care,Cash,0,0
HCP0009,9999000009,2024-09,N-PCP-01,North District 1,North,Primary Care,Commercial,1,1
HCP0011,9999000011,2024-09,N-PCP-01,North District 1,North,Primary Care,Medicaid,1,1
HCP0012,9999000012,2024-09,N-PCP-02,North District 2,North,Primary Care,Cash,2,1
HCP0013,9999000013,2024-09,N-PCP-01,North District 1,North,Primary Care,Commercial,0,0
HCP0014,9999000014,2024-09,N-PCP-02,North District 2,North,Primary Care,Medicare Part D,0,0
HCP0016,9999000016,2024-09,N-PCP-02,North District 2,North,Primary Care,Cash,0,0
HCP0017,9999000017,2024-09,N-PCP-01,North District 1,North,Primary Care,Commercial,2,1
HCP0018,9999000018,2024-09,N-PCP-02,North District 2,North,Primary Care,Medicare Part D,1,1
HCP0019,9999000019,2024-09,N-PCP-01,North District 1,North,Primary Care,Medicaid,2,2
HCP0021,9999000021,2024-09,N-CAR-01,North District 1,North,Cardiology,Commercial,0,0
HCP0022,9999000022,2024-09,N-CAR-02,North District 2,North,Cardiology,Medicare Part D,0,0
HCP0023,9999000023,2024-09,N-CAR-01,North District 1,North,Cardiology,Medicaid,1,1
HCP0024,9999000024,2024-09,N-CAR-02,North District 2,North,Cardiology,Cash,0,0
HCP0026,9999000026,2024-09,N-CAR-02,North District 2,North,Cardiology,Medicare Part D,1,1
HCP0027,9999000027,2024-09,N-CAR-01,North District 1,North,Cardiology,Medicaid,0,0
HCP0028,9999000028,2024-09,N-CAR-02,North District 2,North,Cardiology,Cash,0,0
HCP0029,9999000029,2024-09,N-CAR-01,North District 1,North,Cardiology,Commercial,1,1
HCP0031,9999000031,2024-09,N-CAR-01,North District 1,North,Cardiology,Medicaid,0,0
HCP0032,9999000032,2024-09,N-CAR-02,North District 2,North,Cardiology,Cash,0,0
HCP0033,9999000033,2024-09,N-CAR-01,North District 1,North,Cardiology,Commercial,1,1
HCP0034,9999000034,2024-09,N-CAR-02,North District 2,North,Cardiology,Medicare Part D,0,0
HCP0036,9999000036,2024-09,N-CAR-02,North District 2,North,Cardiology,Cash,0,0
HCP0037,9999000037,2024-09,N-CAR-01,North District 1,North,Cardiology,Commercial,1,1
HCP0038,9999000038,2024-09,N-CAR-02,North District 2,North,Cardiology,Medicare Part D,0,0
HCP0039,9999000039,2024-09,N-CAR-01,North District 1,North,Cardiology,Medicaid,2,2
HCP0041,9999000041,2024-09,N-END-01,North District 1,North,Endocrinology,Commercial,1,1
HCP0042,9999000042,2024-09,N-END-02,North District 2,North,Endocrinology,Medicare Part D,0,0
HCP0043,9999000043,2024-09,N-END-01,North District 1,North,Endocrinology,Medicaid,1,1
HCP0044,9999000044,2024-09,N-END-02,North District 2,North,Endocrinology,Cash,0,0
HCP0046,9999000046,2024-09,N-END-02,North District 2,North,Endocrinology,Medicare Part D,0,0
HCP0047,9999000047,2024-09,N-END-01,North District 1,North,Endocrinology,Medicaid,1,1
HCP0048,9999000048,2024-09,N-END-02,North District 2,North,Endocrinology,Cash,1,1
HCP0049,9999000049,2024-09,N-END-01,North District 1,North,Endocrinology,Commercial,0,0
HCP0051,9999000051,2024-09,N-END-01,North District 1,North,Endocrinology,Medicaid,1,1
HCP0052,9999000052,2024-09,N-END-02,North District 2,North,Endocrinology,Cash,0,0
HCP0053,9999000053,2024-09,N-END-01,North District 1,North,Endocrinology,Commercial,1,1
HCP0054,9999000054,2024-09,N-END-02,North District 2,North,Endocrinology,Medicare Part D,0,0
HCP0056,9999000056,2024-09,N-END-02,North District 2,North,Endocrinology,Cash,1,1
HCP0057,9999000057,2024-09,N-END-01,North District 1,North,Endocrinology,Commercial,1,1
HCP0058,9999000058,2024-09,N-END-02,North District 2,North,Endocrinology,Medicare Part D,0,0
HCP0059,9999000059,2024-09,N-END-01,North District 1,North,Endocrinology,Medicaid,1,1
HCP0061,9999000061,2024-09,S-PCP-01,South District 1,South,Primary Care,Medicare Part D,0,0
HCP0062,9999000062,2024-09,S-PCP-02,South District 2,South,Primary Care,Medicaid,1,1
HCP0063,9999000063,2024-09,S-PCP-01,South District 1,South,Primary Care,Cash,0,0
HCP0064,9999000064,2024-09,S-PCP-02,South District 2,South,Primary Care,Commercial,0,0
HCP0066,9999000066,2024-09,S-PCP-02,South District 2,South,Primary Care,Medicaid,1,1
HCP0067,9999000067,2024-09,S-PCP-01,South District 1,South,Primary Care,Cash,1,1
HCP0068,9999000068,2024-09,S-PCP-02,South District 2,South,Primary Care,Commercial,2,2
HCP0069,9999000069,2024-09,S-PCP-01,South District 1,South,Primary Care,Medicare Part D,2,2
HCP0071,9999000071,2024-09,S-PCP-01,South District 1,South,Primary Care,Cash,0,0
HCP0072,9999000072,2024-09,S-PCP-02,South District 2,South,Primary Care,Commercial,2,1
HCP0073,9999000073,2024-09,S-PCP-01,South District 1,South,Primary Care,Medicare Part D,0,0
HCP0074,9999000074,2024-09,S-PCP-02,South District 2,South,Primary Care,Medicaid,1,1
HCP0076,9999000076,2024-09,S-PCP-02,South District 2,South,Primary Care,Commercial,1,1
HCP0077,9999000077,2024-09,S-PCP-01,South District 1,South,Primary Care,Medicare Part D,0,0
HCP0078,9999000078,2024-09,S-PCP-02,South District 2,South,Primary Care,Medicaid,0,0
HCP0079,9999000079,2024-09,S-PCP-01,South District 1,South,Primary Care,Cash,0,0
HCP0081,9999000081,2024-09,S-CAR-01,South District 1,South,Cardiology,Medicare Part D,0,0
HCP0082,9999000082,2024-09,S-CAR-02,South District 2,South,Cardiology,Medicaid,1,1
HCP0083,9999000083,2024-09,S-CAR-01,South District 1,South,Cardiology,Cash,2,2
HCP0084,9999000084,2024-09,S-CAR-02,South District 2,South,Cardiology,Commercial,2,2
HCP0086,9999000086,2024-09,S-CAR-02,South District 2,South,Cardiology,Medicaid,0,0
HCP0087,9999000087,2024-09,S-CAR-01,South District 1,South,Cardiology,Cash,4,4
HCP0088,9999000088,2024-09,S-CAR-02,South District 2,South,Cardiology,Commercial,2,1
HCP0089,9999000089,2024-09,S-CAR-01,South District 1,South,Cardiology,Medicare Part D,0,0
HCP0091,9999000091,2024-09,S-CAR-01,South District 1,South,Cardiology,Cash,1,1
HCP0092,9999000092,2024-09,S-CAR-02,South District 2,South,Cardiology,Commercial,1,1
HCP0093,9999000093,2024-09,S-CAR-01,South District 1,South,Cardiology,Medicare Part D,0,0
HCP0094,9999000094,2024-09,S-CAR-02,South District 2,South,Cardiology,Medicaid,0,0
HCP0096,9999000096,2024-09,S-CAR-02,South District 2,South,Cardiology,Commercial,2,2
HCP0097,9999000097,2024-09,S-CAR-01,South District 1,South,Cardiology,Medicare Part D,1,1
HCP0098,9999000098,2024-09,S-CAR-02,South District 2,South,Cardiology,Medicaid,0,0
HCP0099,9999000099,2024-09,S-CAR-01,South District 1,South,Cardiology,Cash,1,1
HCP0101,9999000101,2024-09,S-END-01,South District 1,South,Endocrinology,Medicare Part D,0,0
HCP0102,9999000102,2024-09,S-END-02,South District 2,South,Endocrinology,Medicaid,0,0
HCP0103,9999000103,2024-09,S-END-01,South District 1,South,Endocrinology,Cash,0,0
HCP0104,9999000104,2024-09,S-END-02,South District 2,South,Endocrinology,Commercial,2,2
HCP0106,9999000106,2024-09,S-END-02,South District 2,South,Endocrinology,Medicaid,0,0
HCP0107,9999000107,2024-09,S-END-01,South District 1,South,Endocrinology,Cash,1,1
HCP0108,9999000108,2024-09,S-END-02,South District 2,South,Endocrinology,Commercial,0,0
HCP0109,9999000109,2024-09,S-END-01,South District 1,South,Endocrinology,Medicare Part D,0,0
HCP0111,9999000111,2024-09,S-END-01,South District 1,South,Endocrinology,Cash,2,1
HCP0112,9999000112,2024-09,S-END-02,South District 2,South,Endocrinology,Commercial,1,1
HCP0113,9999000113,2024-09,S-END-01,South District 1,South,Endocrinology,Medicare Part D,0,0
HCP0114,9999000114,2024-09,S-END-02,South District 2,South,Endocrinology,Medicaid,3,1
HCP0116,9999000116,2024-09,S-END-02,South District 2,South,Endocrinology,Commercial,0,0
HCP0117,9999000117,2024-09,S-END-01,South District 1,South,Endocrinology,Medicare Part D,2,1
HCP0118,9999000118,2024-09,S-END-02,South District 2,South,Endocrinology,Medicaid,1,1
HCP0119,9999000119,2024-09,S-END-01,South District 1,South,Endocrinology,Cash,1,1
HCP0121,9999000121,2024-09,E-PCP-01,East District 1,East,Primary Care,Medicaid,0,0
HCP0122,9999000122,2024-09,E-PCP-02,East District 2,East,Primary Care,Cash,2,2
HCP0123,9999000123,2024-09,E-PCP-01,East District 1,East,Primary Care,Commercial,1,1
HCP0124,9999000124,2024-09,E-PCP-02,East District 2,East,Primary Care,Medicare Part D,2,1
HCP0126,9999000126,2024-09,E-PCP-02,East District 2,East,Primary Care,Cash,2,1
HCP0127,9999000127,2024-09,E-PCP-01,East District 1,East,Primary Care,Commercial,3,2
HCP0128,9999000128,2024-09,E-PCP-02,East District 2,East,Primary Care,Medicare Part D,1,1
HCP0129,9999000129,2024-09,E-PCP-01,East District 1,East,Primary Care,Medicaid,0,0
HCP0131,9999000131,2024-09,E-PCP-01,East District 1,East,Primary Care,Commercial,1,1
HCP0132,9999000132,2024-09,E-PCP-02,East District 2,East,Primary Care,Medicare Part D,1,1
HCP0133,9999000133,2024-09,E-PCP-01,East District 1,East,Primary Care,Medicaid,0,0
HCP0134,9999000134,2024-09,E-PCP-02,East District 2,East,Primary Care,Cash,0,0
HCP0136,9999000136,2024-09,E-PCP-02,East District 2,East,Primary Care,Medicare Part D,0,0
HCP0137,9999000137,2024-09,E-PCP-01,East District 1,East,Primary Care,Medicaid,0,0
HCP0138,9999000138,2024-09,E-PCP-02,East District 2,East,Primary Care,Cash,0,0
HCP0139,9999000139,2024-09,E-PCP-01,East District 1,East,Primary Care,Commercial,0,0
HCP0141,9999000141,2024-09,E-CAR-01,East District 1,East,Cardiology,Medicaid,1,1
HCP0142,9999000142,2024-09,E-CAR-02,East District 2,East,Cardiology,Cash,0,0
HCP0143,9999000143,2024-09,E-CAR-01,East District 1,East,Cardiology,Commercial,0,0
HCP0144,9999000144,2024-09,E-CAR-02,East District 2,East,Cardiology,Medicare Part D,0,0
HCP0146,9999000146,2024-09,E-CAR-02,East District 2,East,Cardiology,Cash,2,1
HCP0147,9999000147,2024-09,E-CAR-01,East District 1,East,Cardiology,Commercial,1,1
HCP0148,9999000148,2024-09,E-CAR-02,East District 2,East,Cardiology,Medicare Part D,1,1
HCP0149,9999000149,2024-09,E-CAR-01,East District 1,East,Cardiology,Medicaid,0,0
HCP0151,9999000151,2024-09,E-CAR-01,East District 1,East,Cardiology,Commercial,3,2
HCP0152,9999000152,2024-09,E-CAR-02,East District 2,East,Cardiology,Medicare Part D,1,1
HCP0153,9999000153,2024-09,E-CAR-01,East District 1,East,Cardiology,Medicaid,0,0
HCP0154,9999000154,2024-09,E-CAR-02,East District 2,East,Cardiology,Cash,1,1
HCP0156,9999000156,2024-09,E-CAR-02,East District 2,East,Cardiology,Medicare Part D,2,2
HCP0157,9999000157,2024-09,E-CAR-01,East District 1,East,Cardiology,Medicaid,0,0
HCP0158,9999000158,2024-09,E-CAR-02,East District 2,East,Cardiology,Cash,0,0
HCP0159,9999000159,2024-09,E-CAR-01,East District 1,East,Cardiology,Commercial,1,1
HCP0161,9999000161,2024-09,E-END-01,East District 1,East,Endocrinology,Medicaid,0,0
HCP0162,9999000162,2024-09,E-END-02,East District 2,East,Endocrinology,Cash,0,0
HCP0163,9999000163,2024-09,E-END-01,East District 1,East,Endocrinology,Commercial,0,0
HCP0164,9999000164,2024-09,E-END-02,East District 2,East,Endocrinology,Medicare Part D,1,1
HCP0166,9999000166,2024-09,E-END-02,East District 2,East,Endocrinology,Cash,1,1
HCP0167,9999000167,2024-09,E-END-01,East District 1,East,Endocrinology,Commercial,1,1
HCP0168,9999000168,2024-09,E-END-02,East District 2,East,Endocrinology,Medicare Part D,0,0
HCP0169,9999000169,2024-09,E-END-01,East District 1,East,Endocrinology,Medicaid,1,1
HCP0171,9999000171,2024-09,E-END-01,East District 1,East,Endocrinology,Commercial,0,0
HCP0172,9999000172,2024-09,E-END-02,East District 2,East,Endocrinology,Medicare Part D,0,0
HCP0173,9999000173,2024-09,E-END-01,East District 1,East,Endocrinology,Medicaid,1,1
HCP0174,9999000174,2024-09,E-END-02,East District 2,East,Endocrinology,Cash,2,2
HCP0176,9999000176,2024-09,E-END-02,East District 2,East,Endocrinology,Medicare Part D,0,0
HCP0177,9999000177,2024-09,E-END-01,East District 1,East,Endocrinology,Medicaid,2,1
HCP0178,9999000178,2024-09,E-END-02,East District 2,East,Endocrinology,Cash,0,0
HCP0179,9999000179,2024-09,E-END-01,East District 1,East,Endocrinology,Commercial,0,0
HCP0181,9999000181,2024-09,W-PCP-01,West District 1,West,Primary Care,Cash,2,1
HCP0182,9999000182,2024-09,W-PCP-02,West District 2,West,Primary Care,Commercial,1,1
HCP0183,9999000183,2024-09,W-PCP-01,West District 1,West,Primary Care,Medicare Part D,1,1
HCP0184,9999000184,2024-09,W-PCP-02,West District 2,West,Primary Care,Medicaid,1,1
HCP0186,9999000186,2024-09,W-PCP-02,West District 2,West,Primary Care,Commercial,0,0
HCP0187,9999000187,2024-09,W-PCP-01,West District 1,West,Primary Care,Medicare Part D,1,1
HCP0188,9999000188,2024-09,W-PCP-02,West District 2,West,Primary Care,Medicaid,0,0
HCP0189,9999000189,2024-09,W-PCP-01,West District 1,West,Primary Care,Cash,0,0
HCP0191,9999000191,2024-09,W-PCP-01,West District 1,West,Primary Care,Medicare Part D,2,1
HCP0192,9999000192,2024-09,W-PCP-02,West District 2,West,Primary Care,Medicaid,0,0
HCP0193,9999000193,2024-09,W-PCP-01,West District 1,West,Primary Care,Cash,1,1
HCP0194,9999000194,2024-09,W-PCP-02,West District 2,West,Primary Care,Commercial,0,0
HCP0196,9999000196,2024-09,W-PCP-02,West District 2,West,Primary Care,Medicaid,0,0
HCP0197,9999000197,2024-09,W-PCP-01,West District 1,West,Primary Care,Cash,0,0
HCP0198,9999000198,2024-09,W-PCP-02,West District 2,West,Primary Care,Commercial,0,0
HCP0199,9999000199,2024-09,W-PCP-01,West District 1,West,Primary Care,Medicare Part D,0,0
HCP0201,9999000201,2024-09,W-CAR-01,West District 1,West,Cardiology,Cash,1,1
HCP0202,9999000202,2024-09,W-CAR-02,West District 2,West,Cardiology,Commercial,1,1
HCP0203,9999000203,2024-09,W-CAR-01,West District 1,West,Cardiology,Medicare Part D,0,0
HCP0204,9999000204,2024-09,W-CAR-02,West District 2,West,Cardiology,Medicaid,0,0
HCP0206,9999000206,2024-09,W-CAR-02,West District 2,West,Cardiology,Commercial,2,2
HCP0207,9999000207,2024-09,W-CAR-01,West District 1,West,Cardiology,Medicare Part D,0,0
HCP0208,9999000208,2024-09,W-CAR-02,West District 2,West,Cardiology,Medicaid,0,0
HCP0209,9999000209,2024-09,W-CAR-01,West District 1,West,Cardiology,Cash,0,0
HCP0211,9999000211,2024-09,W-CAR-01,West District 1,West,Cardiology,Medicare Part D,0,0
HCP0212,9999000212,2024-09,W-CAR-02,West District 2,West,Cardiology,Medicaid,0,0
HCP0213,9999000213,2024-09,W-CAR-01,West District 1,West,Cardiology,Cash,2,2
HCP0214,9999000214,2024-09,W-CAR-02,West District 2,West,Cardiology,Commercial,1,1
HCP0216,9999000216,2024-09,W-CAR-02,West District 2,West,Cardiology,Medicaid,1,1
HCP0217,9999000217,2024-09,W-CAR-01,West District 1,West,Cardiology,Cash,1,1
HCP0218,9999000218,2024-09,W-CAR-02,West District 2,West,Cardiology,Commercial,0,0
HCP0219,9999000219,2024-09,W-CAR-01,West District 1,West,Cardiology,Medicare Part D,1,1
HCP0221,9999000221,2024-09,W-END-01,West District 1,West,Endocrinology,Cash,0,0
HCP0222,9999000222,2024-09,W-END-02,West District 2,West,Endocrinology,Commercial,1,1
HCP0223,9999000223,2024-09,W-END-01,West District 1,West,Endocrinology,Medicare Part D,1,1
HCP0224,9999000224,2024-09,W-END-02,West District 2,West,Endocrinology,Medicaid,0,0
HCP0226,9999000226,2024-09,W-END-02,West District 2,West,Endocrinology,Commercial,2,1
HCP0227,9999000227,2024-09,W-END-01,West District 1,West,Endocrinology,Medicare Part D,1,1
HCP0228,9999000228,2024-09,W-END-02,West District 2,West,Endocrinology,Medicaid,0,0
HCP0229,9999000229,2024-09,W-END-01,West District 1,West,Endocrinology,Cash,0,0
HCP0231,9999000231,2024-09,W-END-01,West District 1,West,Endocrinology,Medicare Part D,0,0
HCP0232,9999000232,2024-09,W-END-02,West District 2,West,Endocrinology,Medicaid,0,0
HCP0233,9999000233,2024-09,W-END-01,West District 1,West,Endocrinology,Cash,2,2
HCP0234,9999000234,2024-09,W-END-02,West District 2,West,Endocrinology,Commercial,0,0
HCP0236,9999000236,2024-09,W-END-02,West District 2,West,Endocrinology,Medicaid,2,1
HCP0237,9999000237,2024-09,W-END-01,West District 1,West,Endocrinology,Cash,0,0
HCP0238,9999000238,2024-09,W-END-02,West District 2,West,Endocrinology,Commercial,0,0
HCP0239,9999000239,2024-09,W-END-01,West District 1,West,Endocrinology,Medicare Part D,0,0
HCP0001,9999000001,2024-10,N-PCP-01,North District 1,North,Primary Care,Commercial,4,4
HCP0002,9999000002,2024-10,N-PCP-02,North District 2,North,Primary Care,Medicare Part D,1,1
HCP0003,9999000003,2024-10,N-PCP-01,North District 1,North,Primary Care,Medicaid,0,0
HCP0004,9999000004,2024-10,N-PCP-02,North District 2,North,Primary Care,Cash,1,1
HCP0006,9999000006,2024-10,N-PCP-02,North District 2,North,Primary Care,Medicare Part D,1,1
HCP0007,9999000007,2024-10,N-PCP-01,North District 1,North,Primary Care,Medicaid,3,2
HCP0008,9999000008,2024-10,N-PCP-02,North District 2,North,Primary Care,Cash,0,0
HCP0009,9999000009,2024-10,N-PCP-01,North District 1,North,Primary Care,Commercial,1,1
HCP0011,9999000011,2024-10,N-PCP-01,North District 1,North,Primary Care,Medicaid,1,1
HCP0012,9999000012,2024-10,N-PCP-02,North District 2,North,Primary Care,Cash,1,1
HCP0013,9999000013,2024-10,N-PCP-01,North District 1,North,Primary Care,Commercial,2,2
HCP0014,9999000014,2024-10,N-PCP-02,North District 2,North,Primary Care,Medicare Part D,1,1
HCP0016,9999000016,2024-10,N-PCP-02,North District 2,North,Primary Care,Cash,0,0
HCP0017,9999000017,2024-10,N-PCP-01,North District 1,North,Primary Care,Commercial,0,0
HCP0018,9999000018,2024-10,N-PCP-02,North District 2,North,Primary Care,Medicare Part D,0,0
HCP0019,9999000019,2024-10,N-PCP-01,North District 1,North,Primary Care,Medicaid,0,0
HCP0021,9999000021,2024-10,N-CAR-01,North District 1,North,Cardiology,Commercial,1,1
HCP0022,9999000022,2024-10,N-CAR-02,North District 2,North,Cardiology,Medicare Part D,0,0
HCP0023,9999000023,2024-10,N-CAR-01,North District 1,North,Cardiology,Medicaid,1,1
HCP0024,9999000024,2024-10,N-CAR-02,North District 2,North,Cardiology,Cash,0,0
HCP0026,9999000026,2024-10,N-CAR-02,North District 2,North,Cardiology,Medicare Part D,0,0
HCP0027,9999000027,2024-10,N-CAR-01,North District 1,North,Cardiology,Medicaid,0,0
HCP0028,9999000028,2024-10,N-CAR-02,North District 2,North,Cardiology,Cash,0,0
HCP0029,9999000029,2024-10,N-CAR-01,North District 1,North,Cardiology,Commercial,3,2
HCP0031,9999000031,2024-10,N-CAR-01,North District 1,North,Cardiology,Medicaid,0,0
HCP0032,9999000032,2024-10,N-CAR-02,North District 2,North,Cardiology,Cash,0,0
HCP0033,9999000033,2024-10,N-CAR-01,North District 1,North,Cardiology,Commercial,0,0
HCP0034,9999000034,2024-10,N-CAR-02,North District 2,North,Cardiology,Medicare Part D,0,0
HCP0036,9999000036,2024-10,N-CAR-02,North District 2,North,Cardiology,Cash,0,0
HCP0037,9999000037,2024-10,N-CAR-01,North District 1,North,Cardiology,Commercial,0,0
HCP0038,9999000038,2024-10,N-CAR-02,North District 2,North,Cardiology,Medicare Part D,1,1
HCP0039,9999000039,2024-10,N-CAR-01,North District 1,North,Cardiology,Medicaid,3,3
HCP0041,9999000041,2024-10,N-END-01,North District 1,North,Endocrinology,Commercial,3,3
HCP0042,9999000042,2024-10,N-END-02,North District 2,North,Endocrinology,Medicare Part D,0,0
HCP0043,9999000043,2024-10,N-END-01,North District 1,North,Endocrinology,Medicaid,2,1
HCP0044,9999000044,2024-10,N-END-02,North District 2,North,Endocrinology,Cash,0,0
HCP0046,9999000046,2024-10,N-END-02,North District 2,North,Endocrinology,Medicare Part D,4,2
HCP0047,9999000047,2024-10,N-END-01,North District 1,North,Endocrinology,Medicaid,1,1
HCP0048,9999000048,2024-10,N-END-02,North District 2,North,Endocrinology,Cash,0,0
HCP0049,9999000049,2024-10,N-END-01,North District 1,North,Endocrinology,Commercial,0,0
HCP0051,9999000051,2024-10,N-END-01,North District 1,North,Endocrinology,Medicaid,2,1
HCP0052,9999000052,2024-10,N-END-02,North District 2,North,Endocrinology,Cash,0,0
HCP0053,9999000053,2024-10,N-END-01,North District 1,North,Endocrinology,Commercial,0,0
HCP0054,9999000054,2024-10,N-END-02,North District 2,North,Endocrinology,Medicare Part D,1,1
HCP0056,9999000056,2024-10,N-END-02,North District 2,North,Endocrinology,Cash,0,0
HCP0057,9999000057,2024-10,N-END-01,North District 1,North,Endocrinology,Commercial,1,1
HCP0058,9999000058,2024-10,N-END-02,North District 2,North,Endocrinology,Medicare Part D,1,1
HCP0059,9999000059,2024-10,N-END-01,North District 1,North,Endocrinology,Medicaid,1,1
HCP0061,9999000061,2024-10,S-PCP-01,South District 1,South,Primary Care,Medicare Part D,1,1
HCP0062,9999000062,2024-10,S-PCP-02,South District 2,South,Primary Care,Medicaid,1,1
HCP0063,9999000063,2024-10,S-PCP-01,South District 1,South,Primary Care,Cash,1,1
HCP0064,9999000064,2024-10,S-PCP-02,South District 2,South,Primary Care,Commercial,0,0
HCP0066,9999000066,2024-10,S-PCP-02,South District 2,South,Primary Care,Medicaid,0,0
HCP0067,9999000067,2024-10,S-PCP-01,South District 1,South,Primary Care,Cash,1,1
HCP0068,9999000068,2024-10,S-PCP-02,South District 2,South,Primary Care,Commercial,0,0
HCP0069,9999000069,2024-10,S-PCP-01,South District 1,South,Primary Care,Medicare Part D,1,1
HCP0071,9999000071,2024-10,S-PCP-01,South District 1,South,Primary Care,Cash,0,0
HCP0072,9999000072,2024-10,S-PCP-02,South District 2,South,Primary Care,Commercial,1,1
HCP0073,9999000073,2024-10,S-PCP-01,South District 1,South,Primary Care,Medicare Part D,0,0
HCP0074,9999000074,2024-10,S-PCP-02,South District 2,South,Primary Care,Medicaid,1,1
HCP0076,9999000076,2024-10,S-PCP-02,South District 2,South,Primary Care,Commercial,0,0
HCP0077,9999000077,2024-10,S-PCP-01,South District 1,South,Primary Care,Medicare Part D,0,0
HCP0078,9999000078,2024-10,S-PCP-02,South District 2,South,Primary Care,Medicaid,0,0
HCP0079,9999000079,2024-10,S-PCP-01,South District 1,South,Primary Care,Cash,1,1
HCP0081,9999000081,2024-10,S-CAR-01,South District 1,South,Cardiology,Medicare Part D,0,0
HCP0082,9999000082,2024-10,S-CAR-02,South District 2,South,Cardiology,Medicaid,2,2
HCP0083,9999000083,2024-10,S-CAR-01,South District 1,South,Cardiology,Cash,0,0
HCP0084,9999000084,2024-10,S-CAR-02,South District 2,South,Cardiology,Commercial,0,0
HCP0086,9999000086,2024-10,S-CAR-02,South District 2,South,Cardiology,Medicaid,2,2
HCP0087,9999000087,2024-10,S-CAR-01,South District 1,South,Cardiology,Cash,1,1
HCP0088,9999000088,2024-10,S-CAR-02,South District 2,South,Cardiology,Commercial,2,1
HCP0089,9999000089,2024-10,S-CAR-01,South District 1,South,Cardiology,Medicare Part D,1,1
HCP0091,9999000091,2024-10,S-CAR-01,South District 1,South,Cardiology,Cash,0,0
HCP0092,9999000092,2024-10,S-CAR-02,South District 2,South,Cardiology,Commercial,1,1
HCP0093,9999000093,2024-10,S-CAR-01,South District 1,South,Cardiology,Medicare Part D,2,1
HCP0094,9999000094,2024-10,S-CAR-02,South District 2,South,Cardiology,Medicaid,1,1
HCP0096,9999000096,2024-10,S-CAR-02,South District 2,South,Cardiology,Commercial,0,0
HCP0097,9999000097,2024-10,S-CAR-01,South District 1,South,Cardiology,Medicare Part D,0,0
HCP0098,9999000098,2024-10,S-CAR-02,South District 2,South,Cardiology,Medicaid,2,2
HCP0099,9999000099,2024-10,S-CAR-01,South District 1,South,Cardiology,Cash,0,0
HCP0101,9999000101,2024-10,S-END-01,South District 1,South,Endocrinology,Medicare Part D,2,2
HCP0102,9999000102,2024-10,S-END-02,South District 2,South,Endocrinology,Medicaid,1,1
HCP0103,9999000103,2024-10,S-END-01,South District 1,South,Endocrinology,Cash,0,0
HCP0104,9999000104,2024-10,S-END-02,South District 2,South,Endocrinology,Commercial,0,0
HCP0106,9999000106,2024-10,S-END-02,South District 2,South,Endocrinology,Medicaid,0,0
HCP0107,9999000107,2024-10,S-END-01,South District 1,South,Endocrinology,Cash,1,1
HCP0108,9999000108,2024-10,S-END-02,South District 2,South,Endocrinology,Commercial,0,0
HCP0109,9999000109,2024-10,S-END-01,South District 1,South,Endocrinology,Medicare Part D,1,1
HCP0111,9999000111,2024-10,S-END-01,South District 1,South,Endocrinology,Cash,1,1
HCP0112,9999000112,2024-10,S-END-02,South District 2,South,Endocrinology,Commercial,0,0
HCP0113,9999000113,2024-10,S-END-01,South District 1,South,Endocrinology,Medicare Part D,0,0
HCP0114,9999000114,2024-10,S-END-02,South District 2,South,Endocrinology,Medicaid,0,0
HCP0116,9999000116,2024-10,S-END-02,South District 2,South,Endocrinology,Commercial,1,1
HCP0117,9999000117,2024-10,S-END-01,South District 1,South,Endocrinology,Medicare Part D,1,1
HCP0118,9999000118,2024-10,S-END-02,South District 2,South,Endocrinology,Medicaid,2,2
HCP0119,9999000119,2024-10,S-END-01,South District 1,South,Endocrinology,Cash,0,0
HCP0121,9999000121,2024-10,E-PCP-01,East District 1,East,Primary Care,Medicaid,0,0
HCP0122,9999000122,2024-10,E-PCP-02,East District 2,East,Primary Care,Cash,1,1
HCP0123,9999000123,2024-10,E-PCP-01,East District 1,East,Primary Care,Commercial,0,0
HCP0124,9999000124,2024-10,E-PCP-02,East District 2,East,Primary Care,Medicare Part D,2,1
HCP0126,9999000126,2024-10,E-PCP-02,East District 2,East,Primary Care,Cash,0,0
HCP0127,9999000127,2024-10,E-PCP-01,East District 1,East,Primary Care,Commercial,1,1
HCP0128,9999000128,2024-10,E-PCP-02,East District 2,East,Primary Care,Medicare Part D,2,2
HCP0129,9999000129,2024-10,E-PCP-01,East District 1,East,Primary Care,Medicaid,0,0
HCP0131,9999000131,2024-10,E-PCP-01,East District 1,East,Primary Care,Commercial,1,1
HCP0132,9999000132,2024-10,E-PCP-02,East District 2,East,Primary Care,Medicare Part D,1,1
HCP0133,9999000133,2024-10,E-PCP-01,East District 1,East,Primary Care,Medicaid,1,1
HCP0134,9999000134,2024-10,E-PCP-02,East District 2,East,Primary Care,Cash,4,4
HCP0136,9999000136,2024-10,E-PCP-02,East District 2,East,Primary Care,Medicare Part D,0,0
HCP0137,9999000137,2024-10,E-PCP-01,East District 1,East,Primary Care,Medicaid,0,0
HCP0138,9999000138,2024-10,E-PCP-02,East District 2,East,Primary Care,Cash,0,0
HCP0139,9999000139,2024-10,E-PCP-01,East District 1,East,Primary Care,Commercial,0,0
HCP0141,9999000141,2024-10,E-CAR-01,East District 1,East,Cardiology,Medicaid,0,0
HCP0142,9999000142,2024-10,E-CAR-02,East District 2,East,Cardiology,Cash,0,0
HCP0143,9999000143,2024-10,E-CAR-01,East District 1,East,Cardiology,Commercial,0,0
HCP0144,9999000144,2024-10,E-CAR-02,East District 2,East,Cardiology,Medicare Part D,3,3
HCP0146,9999000146,2024-10,E-CAR-02,East District 2,East,Cardiology,Cash,0,0
HCP0147,9999000147,2024-10,E-CAR-01,East District 1,East,Cardiology,Commercial,0,0
HCP0148,9999000148,2024-10,E-CAR-02,East District 2,East,Cardiology,Medicare Part D,2,2
HCP0149,9999000149,2024-10,E-CAR-01,East District 1,East,Cardiology,Medicaid,1,1
HCP0151,9999000151,2024-10,E-CAR-01,East District 1,East,Cardiology,Commercial,1,1
HCP0152,9999000152,2024-10,E-CAR-02,East District 2,East,Cardiology,Medicare Part D,0,0
HCP0153,9999000153,2024-10,E-CAR-01,East District 1,East,Cardiology,Medicaid,0,0
HCP0154,9999000154,2024-10,E-CAR-02,East District 2,East,Cardiology,Cash,0,0
HCP0156,9999000156,2024-10,E-CAR-02,East District 2,East,Cardiology,Medicare Part D,2,1
HCP0157,9999000157,2024-10,E-CAR-01,East District 1,East,Cardiology,Medicaid,2,2
HCP0158,9999000158,2024-10,E-CAR-02,East District 2,East,Cardiology,Cash,1,1
HCP0159,9999000159,2024-10,E-CAR-01,East District 1,East,Cardiology,Commercial,2,1
HCP0161,9999000161,2024-10,E-END-01,East District 1,East,Endocrinology,Medicaid,1,1
HCP0162,9999000162,2024-10,E-END-02,East District 2,East,Endocrinology,Cash,0,0
HCP0163,9999000163,2024-10,E-END-01,East District 1,East,Endocrinology,Commercial,3,3
HCP0164,9999000164,2024-10,E-END-02,East District 2,East,Endocrinology,Medicare Part D,0,0
HCP0166,9999000166,2024-10,E-END-02,East District 2,East,Endocrinology,Cash,0,0
HCP0167,9999000167,2024-10,E-END-01,East District 1,East,Endocrinology,Commercial,0,0
HCP0168,9999000168,2024-10,E-END-02,East District 2,East,Endocrinology,Medicare Part D,0,0
HCP0169,9999000169,2024-10,E-END-01,East District 1,East,Endocrinology,Medicaid,1,1
HCP0171,9999000171,2024-10,E-END-01,East District 1,East,Endocrinology,Commercial,2,1
HCP0172,9999000172,2024-10,E-END-02,East District 2,East,Endocrinology,Medicare Part D,0,0
HCP0173,9999000173,2024-10,E-END-01,East District 1,East,Endocrinology,Medicaid,0,0
HCP0174,9999000174,2024-10,E-END-02,East District 2,East,Endocrinology,Cash,2,1
HCP0176,9999000176,2024-10,E-END-02,East District 2,East,Endocrinology,Medicare Part D,0,0
HCP0177,9999000177,2024-10,E-END-01,East District 1,East,Endocrinology,Medicaid,1,1
HCP0178,9999000178,2024-10,E-END-02,East District 2,East,Endocrinology,Cash,0,0
HCP0179,9999000179,2024-10,E-END-01,East District 1,East,Endocrinology,Commercial,1,1
HCP0181,9999000181,2024-10,W-PCP-01,West District 1,West,Primary Care,Cash,0,0
HCP0182,9999000182,2024-10,W-PCP-02,West District 2,West,Primary Care,Commercial,1,1
HCP0183,9999000183,2024-10,W-PCP-01,West District 1,West,Primary Care,Medicare Part D,0,0
HCP0184,9999000184,2024-10,W-PCP-02,West District 2,West,Primary Care,Medicaid,1,1
HCP0186,9999000186,2024-10,W-PCP-02,West District 2,West,Primary Care,Commercial,0,0
HCP0187,9999000187,2024-10,W-PCP-01,West District 1,West,Primary Care,Medicare Part D,0,0
HCP0188,9999000188,2024-10,W-PCP-02,West District 2,West,Primary Care,Medicaid,0,0
HCP0189,9999000189,2024-10,W-PCP-01,West District 1,West,Primary Care,Cash,0,0
HCP0191,9999000191,2024-10,W-PCP-01,West District 1,West,Primary Care,Medicare Part D,0,0
HCP0192,9999000192,2024-10,W-PCP-02,West District 2,West,Primary Care,Medicaid,1,1
HCP0193,9999000193,2024-10,W-PCP-01,West District 1,West,Primary Care,Cash,1,1
HCP0194,9999000194,2024-10,W-PCP-02,West District 2,West,Primary Care,Commercial,0,0
HCP0196,9999000196,2024-10,W-PCP-02,West District 2,West,Primary Care,Medicaid,0,0
HCP0197,9999000197,2024-10,W-PCP-01,West District 1,West,Primary Care,Cash,1,1
HCP0198,9999000198,2024-10,W-PCP-02,West District 2,West,Primary Care,Commercial,1,1
HCP0199,9999000199,2024-10,W-PCP-01,West District 1,West,Primary Care,Medicare Part D,1,1
HCP0201,9999000201,2024-10,W-CAR-01,West District 1,West,Cardiology,Cash,0,0
HCP0202,9999000202,2024-10,W-CAR-02,West District 2,West,Cardiology,Commercial,0,0
HCP0203,9999000203,2024-10,W-CAR-01,West District 1,West,Cardiology,Medicare Part D,0,0
HCP0204,9999000204,2024-10,W-CAR-02,West District 2,West,Cardiology,Medicaid,0,0
HCP0206,9999000206,2024-10,W-CAR-02,West District 2,West,Cardiology,Commercial,1,1
HCP0207,9999000207,2024-10,W-CAR-01,West District 1,West,Cardiology,Medicare Part D,0,0
HCP0208,9999000208,2024-10,W-CAR-02,West District 2,West,Cardiology,Medicaid,2,2
HCP0209,9999000209,2024-10,W-CAR-01,West District 1,West,Cardiology,Cash,1,1
HCP0211,9999000211,2024-10,W-CAR-01,West District 1,West,Cardiology,Medicare Part D,0,0
HCP0212,9999000212,2024-10,W-CAR-02,West District 2,West,Cardiology,Medicaid,0,0
HCP0213,9999000213,2024-10,W-CAR-01,West District 1,West,Cardiology,Cash,0,0
HCP0214,9999000214,2024-10,W-CAR-02,West District 2,West,Cardiology,Commercial,0,0
HCP0216,9999000216,2024-10,W-CAR-02,West District 2,West,Cardiology,Medicaid,1,1
HCP0217,9999000217,2024-10,W-CAR-01,West District 1,West,Cardiology,Cash,1,1
HCP0218,9999000218,2024-10,W-CAR-02,West District 2,West,Cardiology,Commercial,1,1
HCP0219,9999000219,2024-10,W-CAR-01,West District 1,West,Cardiology,Medicare Part D,2,1
HCP0221,9999000221,2024-10,W-END-01,West District 1,West,Endocrinology,Cash,0,0
HCP0222,9999000222,2024-10,W-END-02,West District 2,West,Endocrinology,Commercial,0,0
HCP0223,9999000223,2024-10,W-END-01,West District 1,West,Endocrinology,Medicare Part D,1,1
HCP0224,9999000224,2024-10,W-END-02,West District 2,West,Endocrinology,Medicaid,0,0
HCP0226,9999000226,2024-10,W-END-02,West District 2,West,Endocrinology,Commercial,0,0
HCP0227,9999000227,2024-10,W-END-01,West District 1,West,Endocrinology,Medicare Part D,0,0
HCP0228,9999000228,2024-10,W-END-02,West District 2,West,Endocrinology,Medicaid,0,0
HCP0229,9999000229,2024-10,W-END-01,West District 1,West,Endocrinology,Cash,0,0
HCP0231,9999000231,2024-10,W-END-01,West District 1,West,Endocrinology,Medicare Part D,1,1
HCP0232,9999000232,2024-10,W-END-02,West District 2,West,Endocrinology,Medicaid,0,0
HCP0233,9999000233,2024-10,W-END-01,West District 1,West,Endocrinology,Cash,0,0
HCP0234,9999000234,2024-10,W-END-02,West District 2,West,Endocrinology,Commercial,1,1
HCP0236,9999000236,2024-10,W-END-02,West District 2,West,Endocrinology,Medicaid,3,2
HCP0237,9999000237,2024-10,W-END-01,West District 1,West,Endocrinology,Cash,1,1
HCP0238,9999000238,2024-10,W-END-02,West District 2,West,Endocrinology,Commercial,0,0
HCP0239,9999000239,2024-10,W-END-01,West District 1,West,Endocrinology,Medicare Part D,0,0
HCP0001,9999000001,2024-11,N-PCP-01,North District 1,North,Primary Care,Commercial,1,1
HCP0002,9999000002,2024-11,N-PCP-02,North District 2,North,Primary Care,Medicare Part D,1,1
HCP0003,9999000003,2024-11,N-PCP-01,North District 1,North,Primary Care,Medicaid,0,0
HCP0004,9999000004,2024-11,N-PCP-02,North District 2,North,Primary Care,Cash,0,0
HCP0006,9999000006,2024-11,N-PCP-02,North District 2,North,Primary Care,Medicare Part D,0,0
HCP0007,9999000007,2024-11,N-PCP-01,North District 1,North,Primary Care,Medicaid,1,1
HCP0008,9999000008,2024-11,N-PCP-02,North District 2,North,Primary Care,Cash,0,0
HCP0009,9999000009,2024-11,N-PCP-01,North District 1,North,Primary Care,Commercial,0,0
HCP0011,9999000011,2024-11,N-PCP-01,North District 1,North,Primary Care,Medicaid,0,0
HCP0012,9999000012,2024-11,N-PCP-02,North District 2,North,Primary Care,Cash,1,1
HCP0013,9999000013,2024-11,N-PCP-01,North District 1,North,Primary Care,Commercial,2,1
HCP0014,9999000014,2024-11,N-PCP-02,North District 2,North,Primary Care,Medicare Part D,1,1
HCP0016,9999000016,2024-11,N-PCP-02,North District 2,North,Primary Care,Cash,0,0
HCP0017,9999000017,2024-11,N-PCP-01,North District 1,North,Primary Care,Commercial,3,1
HCP0018,9999000018,2024-11,N-PCP-02,North District 2,North,Primary Care,Medicare Part D,0,0
HCP0019,9999000019,2024-11,N-PCP-01,North District 1,North,Primary Care,Medicaid,2,2
HCP0021,9999000021,2024-11,N-CAR-01,North District 1,North,Cardiology,Commercial,2,1
HCP0022,9999000022,2024-11,N-CAR-02,North District 2,North,Cardiology,Medicare Part D,0,0
HCP0023,9999000023,2024-11,N-CAR-01,North District 1,North,Cardiology,Medicaid,0,0
HCP0024,9999000024,2024-11,N-CAR-02,North District 2,North,Cardiology,Cash,0,0
HCP0026,9999000026,2024-11,N-CAR-02,North District 2,North,Cardiology,Medicare Part D,1,1
HCP0027,9999000027,2024-11,N-CAR-01,North District 1,North,Cardiology,Medicaid,1,1
HCP0028,9999000028,2024-11,N-CAR-02,North District 2,North,Cardiology,Cash,0,0
HCP0029,9999000029,2024-11,N-CAR-01,North District 1,North,Cardiology,Commercial,1,1
HCP0031,9999000031,2024-11,N-CAR-01,North District 1,North,Cardiology,Medicaid,1,1
HCP0032,9999000032,2024-11,N-CAR-02,North District 2,North,Cardiology,Cash,1,1
HCP0033,9999000033,2024-11,N-CAR-01,North District 1,North,Cardiology,Commercial,1,1
HCP0034,9999000034,2024-11,N-CAR-02,North District 2,North,Cardiology,Medicare Part D,0,0
HCP0036,9999000036,2024-11,N-CAR-02,North District 2,North,Cardiology,Cash,1,1
HCP0037,9999000037,2024-11,N-CAR-01,North District 1,North,Cardiology,Commercial,1,1
HCP0038,9999000038,2024-11,N-CAR-02,North District 2,North,Cardiology,Medicare Part D,2,2
HCP0039,9999000039,2024-11,N-CAR-01,North District 1,North,Cardiology,Medicaid,2,2
HCP0041,9999000041,2024-11,N-END-01,North District 1,North,Endocrinology,Commercial,2,1
HCP0042,9999000042,2024-11,N-END-02,North District 2,North,Endocrinology,Medicare Part D,0,0
HCP0043,9999000043,2024-11,N-END-01,North District 1,North,Endocrinology,Medicaid,0,0
HCP0044,9999000044,2024-11,N-END-02,North District 2,North,Endocrinology,Cash,0,0
HCP0046,9999000046,2024-11,N-END-02,North District 2,North,Endocrinology,Medicare Part D,1,1
HCP0047,9999000047,2024-11,N-END-01,North District 1,North,Endocrinology,Medicaid,0,0
HCP0048,9999000048,2024-11,N-END-02,North District 2,North,Endocrinology,Cash,0,0
HCP0049,9999000049,2024-11,N-END-01,North District 1,North,Endocrinology,Commercial,2,2
HCP0051,9999000051,2024-11,N-END-01,North District 1,North,Endocrinology,Medicaid,0,0
HCP0052,9999000052,2024-11,N-END-02,North District 2,North,Endocrinology,Cash,1,1
HCP0053,9999000053,2024-11,N-END-01,North District 1,North,Endocrinology,Commercial,1,1
HCP0054,9999000054,2024-11,N-END-02,North District 2,North,Endocrinology,Medicare Part D,2,1
HCP0056,9999000056,2024-11,N-END-02,North District 2,North,Endocrinology,Cash,2,2
HCP0057,9999000057,2024-11,N-END-01,North District 1,North,Endocrinology,Commercial,0,0
HCP0058,9999000058,2024-11,N-END-02,North District 2,North,Endocrinology,Medicare Part D,1,1
HCP0059,9999000059,2024-11,N-END-01,North District 1,North,Endocrinology,Medicaid,0,0
HCP0061,9999000061,2024-11,S-PCP-01,South District 1,South,Primary Care,Medicare Part D,1,1
HCP0062,9999000062,2024-11,S-PCP-02,South District 2,South,Primary Care,Medicaid,1,1
HCP0063,9999000063,2024-11,S-PCP-01,South District 1,South,Primary Care,Cash,0,0
HCP0064,9999000064,2024-11,S-PCP-02,South District 2,South,Primary Care,Commercial,0,0
HCP0066,9999000066,2024-11,S-PCP-02,South District 2,South,Primary Care,Medicaid,2,1
HCP0067,9999000067,2024-11,S-PCP-01,South District 1,South,Primary Care,Cash,2,2
HCP0068,9999000068,2024-11,S-PCP-02,South District 2,South,Primary Care,Commercial,1,1
HCP0069,9999000069,2024-11,S-PCP-01,South District 1,South,Primary Care,Medicare Part D,0,0
HCP0071,9999000071,2024-11,S-PCP-01,South District 1,South,Primary Care,Cash,0,0
HCP0072,9999000072,2024-11,S-PCP-02,South District 2,South,Primary Care,Commercial,3,2
HCP0073,9999000073,2024-11,S-PCP-01,South District 1,South,Primary Care,Medicare Part D,0,0
HCP0074,9999000074,2024-11,S-PCP-02,South District 2,South,Primary Care,Medicaid,1,1
HCP0076,9999000076,2024-11,S-PCP-02,South District 2,South,Primary Care,Commercial,0,0
HCP0077,9999000077,2024-11,S-PCP-01,South District 1,South,Primary Care,Medicare Part D,0,0
HCP0078,9999000078,2024-11,S-PCP-02,South District 2,South,Primary Care,Medicaid,0,0
HCP0079,9999000079,2024-11,S-PCP-01,South District 1,South,Primary Care,Cash,2,1
HCP0081,9999000081,2024-11,S-CAR-01,South District 1,South,Cardiology,Medicare Part D,0,0
HCP0082,9999000082,2024-11,S-CAR-02,South District 2,South,Cardiology,Medicaid,1,1
HCP0083,9999000083,2024-11,S-CAR-01,South District 1,South,Cardiology,Cash,0,0
HCP0084,9999000084,2024-11,S-CAR-02,South District 2,South,Cardiology,Commercial,0,0
HCP0086,9999000086,2024-11,S-CAR-02,South District 2,South,Cardiology,Medicaid,0,0
HCP0087,9999000087,2024-11,S-CAR-01,South District 1,South,Cardiology,Cash,0,0
HCP0088,9999000088,2024-11,S-CAR-02,South District 2,South,Cardiology,Commercial,2,1
HCP0089,9999000089,2024-11,S-CAR-01,South District 1,South,Cardiology,Medicare Part D,1,1
HCP0091,9999000091,2024-11,S-CAR-01,South District 1,South,Cardiology,Cash,0,0
HCP0092,9999000092,2024-11,S-CAR-02,South District 2,South,Cardiology,Commercial,1,1
HCP0093,9999000093,2024-11,S-CAR-01,South District 1,South,Cardiology,Medicare Part D,0,0
HCP0094,9999000094,2024-11,S-CAR-02,South District 2,South,Cardiology,Medicaid,0,0
HCP0096,9999000096,2024-11,S-CAR-02,South District 2,South,Cardiology,Commercial,1,1
HCP0097,9999000097,2024-11,S-CAR-01,South District 1,South,Cardiology,Medicare Part D,2,1
HCP0098,9999000098,2024-11,S-CAR-02,South District 2,South,Cardiology,Medicaid,2,2
HCP0099,9999000099,2024-11,S-CAR-01,South District 1,South,Cardiology,Cash,0,0
HCP0101,9999000101,2024-11,S-END-01,South District 1,South,Endocrinology,Medicare Part D,1,1
HCP0102,9999000102,2024-11,S-END-02,South District 2,South,Endocrinology,Medicaid,0,0
HCP0103,9999000103,2024-11,S-END-01,South District 1,South,Endocrinology,Cash,1,1
HCP0104,9999000104,2024-11,S-END-02,South District 2,South,Endocrinology,Commercial,0,0
HCP0106,9999000106,2024-11,S-END-02,South District 2,South,Endocrinology,Medicaid,0,0
HCP0107,9999000107,2024-11,S-END-01,South District 1,South,Endocrinology,Cash,0,0
HCP0108,9999000108,2024-11,S-END-02,South District 2,South,Endocrinology,Commercial,1,1
HCP0109,9999000109,2024-11,S-END-01,South District 1,South,Endocrinology,Medicare Part D,0,0
HCP0111,9999000111,2024-11,S-END-01,South District 1,South,Endocrinology,Cash,0,0
HCP0112,9999000112,2024-11,S-END-02,South District 2,South,Endocrinology,Commercial,0,0
HCP0113,9999000113,2024-11,S-END-01,South District 1,South,Endocrinology,Medicare Part D,2,2
HCP0114,9999000114,2024-11,S-END-02,South District 2,South,Endocrinology,Medicaid,0,0
HCP0116,9999000116,2024-11,S-END-02,South District 2,South,Endocrinology,Commercial,0,0
HCP0117,9999000117,2024-11,S-END-01,South District 1,South,Endocrinology,Medicare Part D,1,1
HCP0118,9999000118,2024-11,S-END-02,South District 2,South,Endocrinology,Medicaid,0,0
HCP0119,9999000119,2024-11,S-END-01,South District 1,South,Endocrinology,Cash,0,0
HCP0121,9999000121,2024-11,E-PCP-01,East District 1,East,Primary Care,Medicaid,0,0
HCP0122,9999000122,2024-11,E-PCP-02,East District 2,East,Primary Care,Cash,0,0
HCP0123,9999000123,2024-11,E-PCP-01,East District 1,East,Primary Care,Commercial,1,1
HCP0124,9999000124,2024-11,E-PCP-02,East District 2,East,Primary Care,Medicare Part D,1,1
HCP0126,9999000126,2024-11,E-PCP-02,East District 2,East,Primary Care,Cash,0,0
HCP0127,9999000127,2024-11,E-PCP-01,East District 1,East,Primary Care,Commercial,0,0
HCP0128,9999000128,2024-11,E-PCP-02,East District 2,East,Primary Care,Medicare Part D,2,1
HCP0129,9999000129,2024-11,E-PCP-01,East District 1,East,Primary Care,Medicaid,4,3
HCP0131,9999000131,2024-11,E-PCP-01,East District 1,East,Primary Care,Commercial,2,2
HCP0132,9999000132,2024-11,E-PCP-02,East District 2,East,Primary Care,Medicare Part D,0,0
HCP0133,9999000133,2024-11,E-PCP-01,East District 1,East,Primary Care,Medicaid,2,1
HCP0134,9999000134,2024-11,E-PCP-02,East District 2,East,Primary Care,Cash,2,1
HCP0136,9999000136,2024-11,E-PCP-02,East District 2,East,Primary Care,Medicare Part D,1,1
HCP0137,9999000137,2024-11,E-PCP-01,East District 1,East,Primary Care,Medicaid,1,1
HCP0138,9999000138,2024-11,E-PCP-02,East District 2,East,Primary Care,Cash,1,1
HCP0139,9999000139,2024-11,E-PCP-01,East District 1,East,Primary Care,Commercial,0,0
HCP0141,9999000141,2024-11,E-CAR-01,East District 1,East,Cardiology,Medicaid,1,1
HCP0142,9999000142,2024-11,E-CAR-02,East District 2,East,Cardiology,Cash,0,0
HCP0143,9999000143,2024-11,E-CAR-01,East District 1,East,Cardiology,Commercial,0,0
HCP0144,9999000144,2024-11,E-CAR-02,East District 2,East,Cardiology,Medicare Part D,1,1
HCP0146,9999000146,2024-11,E-CAR-02,East District 2,East,Cardiology,Cash,0,0
HCP0147,9999000147,2024-11,E-CAR-01,East District 1,East,Cardiology,Commercial,3,3
HCP0148,9999000148,2024-11,E-CAR-02,East District 2,East,Cardiology,Medicare Part D,0,0
HCP0149,9999000149,2024-11,E-CAR-01,East District 1,East,Cardiology,Medicaid,1,1
HCP0151,9999000151,2024-11,E-CAR-01,East District 1,East,Cardiology,Commercial,1,1
HCP0152,9999000152,2024-11,E-CAR-02,East District 2,East,Cardiology,Medicare Part D,0,0
HCP0153,9999000153,2024-11,E-CAR-01,East District 1,East,Cardiology,Medicaid,0,0
HCP0154,9999000154,2024-11,E-CAR-02,East District 2,East,Cardiology,Cash,0,0
HCP0156,9999000156,2024-11,E-CAR-02,East District 2,East,Cardiology,Medicare Part D,0,0
HCP0157,9999000157,2024-11,E-CAR-01,East District 1,East,Cardiology,Medicaid,0,0
HCP0158,9999000158,2024-11,E-CAR-02,East District 2,East,Cardiology,Cash,0,0
HCP0159,9999000159,2024-11,E-CAR-01,East District 1,East,Cardiology,Commercial,2,2
HCP0161,9999000161,2024-11,E-END-01,East District 1,East,Endocrinology,Medicaid,0,0
HCP0162,9999000162,2024-11,E-END-02,East District 2,East,Endocrinology,Cash,0,0
HCP0163,9999000163,2024-11,E-END-01,East District 1,East,Endocrinology,Commercial,1,1
HCP0164,9999000164,2024-11,E-END-02,East District 2,East,Endocrinology,Medicare Part D,1,1
HCP0166,9999000166,2024-11,E-END-02,East District 2,East,Endocrinology,Cash,0,0
HCP0167,9999000167,2024-11,E-END-01,East District 1,East,Endocrinology,Commercial,0,0
HCP0168,9999000168,2024-11,E-END-02,East District 2,East,Endocrinology,Medicare Part D,0,0
HCP0169,9999000169,2024-11,E-END-01,East District 1,East,Endocrinology,Medicaid,1,1
HCP0171,9999000171,2024-11,E-END-01,East District 1,East,Endocrinology,Commercial,1,1
HCP0172,9999000172,2024-11,E-END-02,East District 2,East,Endocrinology,Medicare Part D,1,1
HCP0173,9999000173,2024-11,E-END-01,East District 1,East,Endocrinology,Medicaid,2,2
HCP0174,9999000174,2024-11,E-END-02,East District 2,East,Endocrinology,Cash,0,0
HCP0176,9999000176,2024-11,E-END-02,East District 2,East,Endocrinology,Medicare Part D,2,2
HCP0177,9999000177,2024-11,E-END-01,East District 1,East,Endocrinology,Medicaid,1,1
HCP0178,9999000178,2024-11,E-END-02,East District 2,East,Endocrinology,Cash,1,1
HCP0179,9999000179,2024-11,E-END-01,East District 1,East,Endocrinology,Commercial,2,1
HCP0181,9999000181,2024-11,W-PCP-01,West District 1,West,Primary Care,Cash,0,0
HCP0182,9999000182,2024-11,W-PCP-02,West District 2,West,Primary Care,Commercial,1,1
HCP0183,9999000183,2024-11,W-PCP-01,West District 1,West,Primary Care,Medicare Part D,1,1
HCP0184,9999000184,2024-11,W-PCP-02,West District 2,West,Primary Care,Medicaid,0,0
HCP0186,9999000186,2024-11,W-PCP-02,West District 2,West,Primary Care,Commercial,0,0
HCP0187,9999000187,2024-11,W-PCP-01,West District 1,West,Primary Care,Medicare Part D,0,0
HCP0188,9999000188,2024-11,W-PCP-02,West District 2,West,Primary Care,Medicaid,0,0
HCP0189,9999000189,2024-11,W-PCP-01,West District 1,West,Primary Care,Cash,0,0
HCP0191,9999000191,2024-11,W-PCP-01,West District 1,West,Primary Care,Medicare Part D,1,1
HCP0192,9999000192,2024-11,W-PCP-02,West District 2,West,Primary Care,Medicaid,0,0
HCP0193,9999000193,2024-11,W-PCP-01,West District 1,West,Primary Care,Cash,0,0
HCP0194,9999000194,2024-11,W-PCP-02,West District 2,West,Primary Care,Commercial,0,0
HCP0196,9999000196,2024-11,W-PCP-02,West District 2,West,Primary Care,Medicaid,1,1
HCP0197,9999000197,2024-11,W-PCP-01,West District 1,West,Primary Care,Cash,1,1
HCP0198,9999000198,2024-11,W-PCP-02,West District 2,West,Primary Care,Commercial,0,0
HCP0199,9999000199,2024-11,W-PCP-01,West District 1,West,Primary Care,Medicare Part D,0,0
HCP0201,9999000201,2024-11,W-CAR-01,West District 1,West,Cardiology,Cash,0,0
HCP0202,9999000202,2024-11,W-CAR-02,West District 2,West,Cardiology,Commercial,0,0
HCP0203,9999000203,2024-11,W-CAR-01,West District 1,West,Cardiology,Medicare Part D,1,1
HCP0204,9999000204,2024-11,W-CAR-02,West District 2,West,Cardiology,Medicaid,0,0
HCP0206,9999000206,2024-11,W-CAR-02,West District 2,West,Cardiology,Commercial,1,1
HCP0207,9999000207,2024-11,W-CAR-01,West District 1,West,Cardiology,Medicare Part D,2,2
HCP0208,9999000208,2024-11,W-CAR-02,West District 2,West,Cardiology,Medicaid,0,0
HCP0209,9999000209,2024-11,W-CAR-01,West District 1,West,Cardiology,Cash,0,0
HCP0211,9999000211,2024-11,W-CAR-01,West District 1,West,Cardiology,Medicare Part D,1,1
HCP0212,9999000212,2024-11,W-CAR-02,West District 2,West,Cardiology,Medicaid,1,1
HCP0213,9999000213,2024-11,W-CAR-01,West District 1,West,Cardiology,Cash,1,1
HCP0214,9999000214,2024-11,W-CAR-02,West District 2,West,Cardiology,Commercial,0,0
HCP0216,9999000216,2024-11,W-CAR-02,West District 2,West,Cardiology,Medicaid,0,0
HCP0217,9999000217,2024-11,W-CAR-01,West District 1,West,Cardiology,Cash,0,0
HCP0218,9999000218,2024-11,W-CAR-02,West District 2,West,Cardiology,Commercial,1,1
HCP0219,9999000219,2024-11,W-CAR-01,West District 1,West,Cardiology,Medicare Part D,1,1
HCP0221,9999000221,2024-11,W-END-01,West District 1,West,Endocrinology,Cash,1,1
HCP0222,9999000222,2024-11,W-END-02,West District 2,West,Endocrinology,Commercial,1,1
HCP0223,9999000223,2024-11,W-END-01,West District 1,West,Endocrinology,Medicare Part D,0,0
HCP0224,9999000224,2024-11,W-END-02,West District 2,West,Endocrinology,Medicaid,1,1
HCP0226,9999000226,2024-11,W-END-02,West District 2,West,Endocrinology,Commercial,1,1
HCP0227,9999000227,2024-11,W-END-01,West District 1,West,Endocrinology,Medicare Part D,0,0
HCP0228,9999000228,2024-11,W-END-02,West District 2,West,Endocrinology,Medicaid,1,1
HCP0229,9999000229,2024-11,W-END-01,West District 1,West,Endocrinology,Cash,2,2
HCP0231,9999000231,2024-11,W-END-01,West District 1,West,Endocrinology,Medicare Part D,2,2
HCP0232,9999000232,2024-11,W-END-02,West District 2,West,Endocrinology,Medicaid,0,0
HCP0233,9999000233,2024-11,W-END-01,West District 1,West,Endocrinology,Cash,0,0
HCP0234,9999000234,2024-11,W-END-02,West District 2,West,Endocrinology,Commercial,0,0
HCP0236,9999000236,2024-11,W-END-02,West District 2,West,Endocrinology,Medicaid,1,1
HCP0237,9999000237,2024-11,W-END-01,West District 1,West,Endocrinology,Cash,1,1
HCP0238,9999000238,2024-11,W-END-02,West District 2,West,Endocrinology,Commercial,1,1
HCP0239,9999000239,2024-11,W-END-01,West District 1,West,Endocrinology,Medicare Part D,0,0
HCP0001,9999000001,2024-12,N-PCP-01,North District 1,North,Primary Care,Commercial,0,0
HCP0002,9999000002,2024-12,N-PCP-02,North District 2,North,Primary Care,Medicare Part D,2,2
HCP0003,9999000003,2024-12,N-PCP-01,North District 1,North,Primary Care,Medicaid,1,1
HCP0004,9999000004,2024-12,N-PCP-02,North District 2,North,Primary Care,Cash,0,0
HCP0006,9999000006,2024-12,N-PCP-02,North District 2,North,Primary Care,Medicare Part D,0,0
HCP0007,9999000007,2024-12,N-PCP-01,North District 1,North,Primary Care,Medicaid,2,1
HCP0008,9999000008,2024-12,N-PCP-02,North District 2,North,Primary Care,Cash,0,0
HCP0009,9999000009,2024-12,N-PCP-01,North District 1,North,Primary Care,Commercial,0,0
HCP0011,9999000011,2024-12,N-PCP-01,North District 1,North,Primary Care,Medicaid,0,0
HCP0012,9999000012,2024-12,N-PCP-02,North District 2,North,Primary Care,Cash,2,1
HCP0013,9999000013,2024-12,N-PCP-01,North District 1,North,Primary Care,Commercial,3,2
HCP0014,9999000014,2024-12,N-PCP-02,North District 2,North,Primary Care,Medicare Part D,1,1
HCP0016,9999000016,2024-12,N-PCP-02,North District 2,North,Primary Care,Cash,0,0
HCP0017,9999000017,2024-12,N-PCP-01,North District 1,North,Primary Care,Commercial,0,0
HCP0018,9999000018,2024-12,N-PCP-02,North District 2,North,Primary Care,Medicare Part D,2,2
HCP0019,9999000019,2024-12,N-PCP-01,North District 1,North,Primary Care,Medicaid,1,1
HCP0021,9999000021,2024-12,N-CAR-01,North District 1,North,Cardiology,Commercial,1,1
HCP0022,9999000022,2024-12,N-CAR-02,North District 2,North,Cardiology,Medicare Part D,1,1
HCP0023,9999000023,2024-12,N-CAR-01,North District 1,North,Cardiology,Medicaid,0,0
HCP0024,9999000024,2024-12,N-CAR-02,North District 2,North,Cardiology,Cash,0,0
HCP0026,9999000026,2024-12,N-CAR-02,North District 2,North,Cardiology,Medicare Part D,0,0
HCP0027,9999000027,2024-12,N-CAR-01,North District 1,North,Cardiology,Medicaid,0,0
HCP0028,9999000028,2024-12,N-CAR-02,North District 2,North,Cardiology,Cash,0,0
HCP0029,9999000029,2024-12,N-CAR-01,North District 1,North,Cardiology,Commercial,1,1
HCP0031,9999000031,2024-12,N-CAR-01,North District 1,North,Cardiology,Medicaid,2,1
HCP0032,9999000032,2024-12,N-CAR-02,North District 2,North,Cardiology,Cash,0,0
HCP0033,9999000033,2024-12,N-CAR-01,North District 1,North,Cardiology,Commercial,2,2
HCP0034,9999000034,2024-12,N-CAR-02,North District 2,North,Cardiology,Medicare Part D,1,1
HCP0036,9999000036,2024-12,N-CAR-02,North District 2,North,Cardiology,Cash,0,0
HCP0037,9999000037,2024-12,N-CAR-01,North District 1,North,Cardiology,Commercial,1,1
HCP0038,9999000038,2024-12,N-CAR-02,North District 2,North,Cardiology,Medicare Part D,0,0
HCP0039,9999000039,2024-12,N-CAR-01,North District 1,North,Cardiology,Medicaid,1,1
HCP0041,9999000041,2024-12,N-END-01,North District 1,North,Endocrinology,Commercial,0,0
HCP0042,9999000042,2024-12,N-END-02,North District 2,North,Endocrinology,Medicare Part D,2,1
HCP0043,9999000043,2024-12,N-END-01,North District 1,North,Endocrinology,Medicaid,0,0
HCP0044,9999000044,2024-12,N-END-02,North District 2,North,Endocrinology,Cash,0,0
HCP0046,9999000046,2024-12,N-END-02,North District 2,North,Endocrinology,Medicare Part D,1,1
HCP0047,9999000047,2024-12,N-END-01,North District 1,North,Endocrinology,Medicaid,0,0
HCP0048,9999000048,2024-12,N-END-02,North District 2,North,Endocrinology,Cash,1,1
HCP0049,9999000049,2024-12,N-END-01,North District 1,North,Endocrinology,Commercial,1,1
HCP0051,9999000051,2024-12,N-END-01,North District 1,North,Endocrinology,Medicaid,2,1
HCP0052,9999000052,2024-12,N-END-02,North District 2,North,Endocrinology,Cash,3,2
HCP0053,9999000053,2024-12,N-END-01,North District 1,North,Endocrinology,Commercial,2,2
HCP0054,9999000054,2024-12,N-END-02,North District 2,North,Endocrinology,Medicare Part D,0,0
HCP0056,9999000056,2024-12,N-END-02,North District 2,North,Endocrinology,Cash,1,1
HCP0057,9999000057,2024-12,N-END-01,North District 1,North,Endocrinology,Commercial,1,1
HCP0058,9999000058,2024-12,N-END-02,North District 2,North,Endocrinology,Medicare Part D,1,1
HCP0059,9999000059,2024-12,N-END-01,North District 1,North,Endocrinology,Medicaid,0,0
HCP0061,9999000061,2024-12,S-PCP-01,South District 1,South,Primary Care,Medicare Part D,3,2
HCP0062,9999000062,2024-12,S-PCP-02,South District 2,South,Primary Care,Medicaid,3,2
HCP0063,9999000063,2024-12,S-PCP-01,South District 1,South,Primary Care,Cash,1,1
HCP0064,9999000064,2024-12,S-PCP-02,South District 2,South,Primary Care,Commercial,0,0
HCP0066,9999000066,2024-12,S-PCP-02,South District 2,South,Primary Care,Medicaid,1,1
HCP0067,9999000067,2024-12,S-PCP-01,South District 1,South,Primary Care,Cash,1,1
HCP0068,9999000068,2024-12,S-PCP-02,South District 2,South,Primary Care,Commercial,1,1
HCP0069,9999000069,2024-12,S-PCP-01,South District 1,South,Primary Care,Medicare Part D,0,0
HCP0071,9999000071,2024-12,S-PCP-01,South District 1,South,Primary Care,Cash,3,2
HCP0072,9999000072,2024-12,S-PCP-02,South District 2,South,Primary Care,Commercial,1,1
HCP0073,9999000073,2024-12,S-PCP-01,South District 1,South,Primary Care,Medicare Part D,0,0
HCP0074,9999000074,2024-12,S-PCP-02,South District 2,South,Primary Care,Medicaid,0,0
HCP0076,9999000076,2024-12,S-PCP-02,South District 2,South,Primary Care,Commercial,1,1
HCP0077,9999000077,2024-12,S-PCP-01,South District 1,South,Primary Care,Medicare Part D,1,1
HCP0078,9999000078,2024-12,S-PCP-02,South District 2,South,Primary Care,Medicaid,0,0
HCP0079,9999000079,2024-12,S-PCP-01,South District 1,South,Primary Care,Cash,0,0
HCP0081,9999000081,2024-12,S-CAR-01,South District 1,South,Cardiology,Medicare Part D,1,1
HCP0082,9999000082,2024-12,S-CAR-02,South District 2,South,Cardiology,Medicaid,1,1
HCP0083,9999000083,2024-12,S-CAR-01,South District 1,South,Cardiology,Cash,0,0
HCP0084,9999000084,2024-12,S-CAR-02,South District 2,South,Cardiology,Commercial,0,0
HCP0086,9999000086,2024-12,S-CAR-02,South District 2,South,Cardiology,Medicaid,1,1
HCP0087,9999000087,2024-12,S-CAR-01,South District 1,South,Cardiology,Cash,3,1
HCP0088,9999000088,2024-12,S-CAR-02,South District 2,South,Cardiology,Commercial,0,0
HCP0089,9999000089,2024-12,S-CAR-01,South District 1,South,Cardiology,Medicare Part D,0,0
HCP0091,9999000091,2024-12,S-CAR-01,South District 1,South,Cardiology,Cash,0,0
HCP0092,9999000092,2024-12,S-CAR-02,South District 2,South,Cardiology,Commercial,1,1
HCP0093,9999000093,2024-12,S-CAR-01,South District 1,South,Cardiology,Medicare Part D,0,0
HCP0094,9999000094,2024-12,S-CAR-02,South District 2,South,Cardiology,Medicaid,3,1
HCP0096,9999000096,2024-12,S-CAR-02,South District 2,South,Cardiology,Commercial,1,1
HCP0097,9999000097,2024-12,S-CAR-01,South District 1,South,Cardiology,Medicare Part D,0,0
HCP0098,9999000098,2024-12,S-CAR-02,South District 2,South,Cardiology,Medicaid,0,0
HCP0099,9999000099,2024-12,S-CAR-01,South District 1,South,Cardiology,Cash,0,0
HCP0101,9999000101,2024-12,S-END-01,South District 1,South,Endocrinology,Medicare Part D,0,0
HCP0102,9999000102,2024-12,S-END-02,South District 2,South,Endocrinology,Medicaid,0,0
HCP0103,9999000103,2024-12,S-END-01,South District 1,South,Endocrinology,Cash,0,0
HCP0104,9999000104,2024-12,S-END-02,South District 2,South,Endocrinology,Commercial,3,3
HCP0106,9999000106,2024-12,S-END-02,South District 2,South,Endocrinology,Medicaid,1,1
HCP0107,9999000107,2024-12,S-END-01,South District 1,South,Endocrinology,Cash,0,0
HCP0108,9999000108,2024-12,S-END-02,South District 2,South,Endocrinology,Commercial,0,0
HCP0109,9999000109,2024-12,S-END-01,South District 1,South,Endocrinology,Medicare Part D,1,1
HCP0111,9999000111,2024-12,S-END-01,South District 1,South,Endocrinology,Cash,0,0
HCP0112,9999000112,2024-12,S-END-02,South District 2,South,Endocrinology,Commercial,2,2
HCP0113,9999000113,2024-12,S-END-01,South District 1,South,Endocrinology,Medicare Part D,3,1
HCP0114,9999000114,2024-12,S-END-02,South District 2,South,Endocrinology,Medicaid,2,2
HCP0116,9999000116,2024-12,S-END-02,South District 2,South,Endocrinology,Commercial,0,0
HCP0117,9999000117,2024-12,S-END-01,South District 1,South,Endocrinology,Medicare Part D,1,1
HCP0118,9999000118,2024-12,S-END-02,South District 2,South,Endocrinology,Medicaid,1,1
HCP0119,9999000119,2024-12,S-END-01,South District 1,South,Endocrinology,Cash,1,1
HCP0121,9999000121,2024-12,E-PCP-01,East District 1,East,Primary Care,Medicaid,0,0
HCP0122,9999000122,2024-12,E-PCP-02,East District 2,East,Primary Care,Cash,0,0
HCP0123,9999000123,2024-12,E-PCP-01,East District 1,East,Primary Care,Commercial,1,1
HCP0124,9999000124,2024-12,E-PCP-02,East District 2,East,Primary Care,Medicare Part D,1,1
HCP0126,9999000126,2024-12,E-PCP-02,East District 2,East,Primary Care,Cash,0,0
HCP0127,9999000127,2024-12,E-PCP-01,East District 1,East,Primary Care,Commercial,0,0
HCP0128,9999000128,2024-12,E-PCP-02,East District 2,East,Primary Care,Medicare Part D,0,0
HCP0129,9999000129,2024-12,E-PCP-01,East District 1,East,Primary Care,Medicaid,0,0
HCP0131,9999000131,2024-12,E-PCP-01,East District 1,East,Primary Care,Commercial,0,0
HCP0132,9999000132,2024-12,E-PCP-02,East District 2,East,Primary Care,Medicare Part D,1,1
HCP0133,9999000133,2024-12,E-PCP-01,East District 1,East,Primary Care,Medicaid,0,0
HCP0134,9999000134,2024-12,E-PCP-02,East District 2,East,Primary Care,Cash,0,0
HCP0136,9999000136,2024-12,E-PCP-02,East District 2,East,Primary Care,Medicare Part D,1,1
HCP0137,9999000137,2024-12,E-PCP-01,East District 1,East,Primary Care,Medicaid,0,0
HCP0138,9999000138,2024-12,E-PCP-02,East District 2,East,Primary Care,Cash,0,0
HCP0139,9999000139,2024-12,E-PCP-01,East District 1,East,Primary Care,Commercial,1,1
HCP0141,9999000141,2024-12,E-CAR-01,East District 1,East,Cardiology,Medicaid,0,0
HCP0142,9999000142,2024-12,E-CAR-02,East District 2,East,Cardiology,Cash,1,1
HCP0143,9999000143,2024-12,E-CAR-01,East District 1,East,Cardiology,Commercial,0,0
HCP0144,9999000144,2024-12,E-CAR-02,East District 2,East,Cardiology,Medicare Part D,0,0
HCP0146,9999000146,2024-12,E-CAR-02,East District 2,East,Cardiology,Cash,0,0
HCP0147,9999000147,2024-12,E-CAR-01,East District 1,East,Cardiology,Commercial,2,1
HCP0148,9999000148,2024-12,E-CAR-02,East District 2,East,Cardiology,Medicare Part D,2,1
HCP0149,9999000149,2024-12,E-CAR-01,East District 1,East,Cardiology,Medicaid,1,1
HCP0151,9999000151,2024-12,E-CAR-01,East District 1,East,Cardiology,Commercial,3,3
HCP0152,9999000152,2024-12,E-CAR-02,East District 2,East,Cardiology,Medicare Part D,0,0
HCP0153,9999000153,2024-12,E-CAR-01,East District 1,East,Cardiology,Medicaid,0,0
HCP0154,9999000154,2024-12,E-CAR-02,East District 2,East,Cardiology,Cash,0,0
HCP0156,9999000156,2024-12,E-CAR-02,East District 2,East,Cardiology,Medicare Part D,0,0
HCP0157,9999000157,2024-12,E-CAR-01,East District 1,East,Cardiology,Medicaid,2,1
HCP0158,9999000158,2024-12,E-CAR-02,East District 2,East,Cardiology,Cash,0,0
HCP0159,9999000159,2024-12,E-CAR-01,East District 1,East,Cardiology,Commercial,1,1
HCP0161,9999000161,2024-12,E-END-01,East District 1,East,Endocrinology,Medicaid,0,0
HCP0162,9999000162,2024-12,E-END-02,East District 2,East,Endocrinology,Cash,2,2
HCP0163,9999000163,2024-12,E-END-01,East District 1,East,Endocrinology,Commercial,1,1
HCP0164,9999000164,2024-12,E-END-02,East District 2,East,Endocrinology,Medicare Part D,1,1
HCP0166,9999000166,2024-12,E-END-02,East District 2,East,Endocrinology,Cash,0,0
HCP0167,9999000167,2024-12,E-END-01,East District 1,East,Endocrinology,Commercial,0,0
HCP0168,9999000168,2024-12,E-END-02,East District 2,East,Endocrinology,Medicare Part D,1,1
HCP0169,9999000169,2024-12,E-END-01,East District 1,East,Endocrinology,Medicaid,0,0
HCP0171,9999000171,2024-12,E-END-01,East District 1,East,Endocrinology,Commercial,1,1
HCP0172,9999000172,2024-12,E-END-02,East District 2,East,Endocrinology,Medicare Part D,1,1
HCP0173,9999000173,2024-12,E-END-01,East District 1,East,Endocrinology,Medicaid,1,1
HCP0174,9999000174,2024-12,E-END-02,East District 2,East,Endocrinology,Cash,0,0
HCP0176,9999000176,2024-12,E-END-02,East District 2,East,Endocrinology,Medicare Part D,0,0
HCP0177,9999000177,2024-12,E-END-01,East District 1,East,Endocrinology,Medicaid,0,0
HCP0178,9999000178,2024-12,E-END-02,East District 2,East,Endocrinology,Cash,0,0
HCP0179,9999000179,2024-12,E-END-01,East District 1,East,Endocrinology,Commercial,4,3
HCP0181,9999000181,2024-12,W-PCP-01,West District 1,West,Primary Care,Cash,0,0
HCP0182,9999000182,2024-12,W-PCP-02,West District 2,West,Primary Care,Commercial,0,0
HCP0183,9999000183,2024-12,W-PCP-01,West District 1,West,Primary Care,Medicare Part D,1,1
HCP0184,9999000184,2024-12,W-PCP-02,West District 2,West,Primary Care,Medicaid,1,1
HCP0186,9999000186,2024-12,W-PCP-02,West District 2,West,Primary Care,Commercial,0,0
HCP0187,9999000187,2024-12,W-PCP-01,West District 1,West,Primary Care,Medicare Part D,1,1
HCP0188,9999000188,2024-12,W-PCP-02,West District 2,West,Primary Care,Medicaid,0,0
HCP0189,9999000189,2024-12,W-PCP-01,West District 1,West,Primary Care,Cash,1,1
HCP0191,9999000191,2024-12,W-PCP-01,West District 1,West,Primary Care,Medicare Part D,0,0
HCP0192,9999000192,2024-12,W-PCP-02,West District 2,West,Primary Care,Medicaid,0,0
HCP0193,9999000193,2024-12,W-PCP-01,West District 1,West,Primary Care,Cash,0,0
HCP0194,9999000194,2024-12,W-PCP-02,West District 2,West,Primary Care,Commercial,3,2
HCP0196,9999000196,2024-12,W-PCP-02,West District 2,West,Primary Care,Medicaid,2,1
HCP0197,9999000197,2024-12,W-PCP-01,West District 1,West,Primary Care,Cash,0,0
HCP0198,9999000198,2024-12,W-PCP-02,West District 2,West,Primary Care,Commercial,0,0
HCP0199,9999000199,2024-12,W-PCP-01,West District 1,West,Primary Care,Medicare Part D,2,1
HCP0201,9999000201,2024-12,W-CAR-01,West District 1,West,Cardiology,Cash,0,0
HCP0202,9999000202,2024-12,W-CAR-02,West District 2,West,Cardiology,Commercial,1,1
HCP0203,9999000203,2024-12,W-CAR-01,West District 1,West,Cardiology,Medicare Part D,1,1
HCP0204,9999000204,2024-12,W-CAR-02,West District 2,West,Cardiology,Medicaid,0,0
HCP0206,9999000206,2024-12,W-CAR-02,West District 2,West,Cardiology,Commercial,2,1
HCP0207,9999000207,2024-12,W-CAR-01,West District 1,West,Cardiology,Medicare Part D,1,1
HCP0208,9999000208,2024-12,W-CAR-02,West District 2,West,Cardiology,Medicaid,1,1
HCP0209,9999000209,2024-12,W-CAR-01,West District 1,West,Cardiology,Cash,0,0
HCP0211,9999000211,2024-12,W-CAR-01,West District 1,West,Cardiology,Medicare Part D,0,0
HCP0212,9999000212,2024-12,W-CAR-02,West District 2,West,Cardiology,Medicaid,1,1
HCP0213,9999000213,2024-12,W-CAR-01,West District 1,West,Cardiology,Cash,1,1
HCP0214,9999000214,2024-12,W-CAR-02,West District 2,West,Cardiology,Commercial,1,1
HCP0216,9999000216,2024-12,W-CAR-02,West District 2,West,Cardiology,Medicaid,0,0
HCP0217,9999000217,2024-12,W-CAR-01,West District 1,West,Cardiology,Cash,0,0
HCP0218,9999000218,2024-12,W-CAR-02,West District 2,West,Cardiology,Commercial,3,3
HCP0219,9999000219,2024-12,W-CAR-01,West District 1,West,Cardiology,Medicare Part D,0,0
HCP0221,9999000221,2024-12,W-END-01,West District 1,West,Endocrinology,Cash,1,1
HCP0222,9999000222,2024-12,W-END-02,West District 2,West,Endocrinology,Commercial,0,0
HCP0223,9999000223,2024-12,W-END-01,West District 1,West,Endocrinology,Medicare Part D,0,0
HCP0224,9999000224,2024-12,W-END-02,West District 2,West,Endocrinology,Medicaid,1,1
HCP0226,9999000226,2024-12,W-END-02,West District 2,West,Endocrinology,Commercial,1,1
HCP0227,9999000227,2024-12,W-END-01,West District 1,West,Endocrinology,Medicare Part D,0,0
HCP0228,9999000228,2024-12,W-END-02,West District 2,West,Endocrinology,Medicaid,1,1
HCP0229,9999000229,2024-12,W-END-01,West District 1,West,Endocrinology,Cash,2,2
HCP0231,9999000231,2024-12,W-END-01,West District 1,West,Endocrinology,Medicare Part D,0,0
HCP0232,9999000232,2024-12,W-END-02,West District 2,West,Endocrinology,Medicaid,2,1
HCP0233,9999000233,2024-12,W-END-01,West District 1,West,Endocrinology,Cash,0,0
HCP0234,9999000234,2024-12,W-END-02,West District 2,West,Endocrinology,Commercial,2,1
HCP0236,9999000236,2024-12,W-END-02,West District 2,West,Endocrinology,Medicaid,1,1
HCP0237,9999000237,2024-12,W-END-01,West District 1,West,Endocrinology,Cash,1,1
HCP0238,9999000238,2024-12,W-END-02,West District 2,West,Endocrinology,Commercial,0,0
HCP0239,9999000239,2024-12,W-END-01,West District 1,West,Endocrinology,Medicare Part D,0,0
HCP0001,9999000001,2025-01,N-PCP-01,North District 1,North,Primary Care,Commercial,0,0
HCP0002,9999000002,2025-01,N-PCP-02,North District 2,North,Primary Care,Medicare Part D,0,0
HCP0003,9999000003,2025-01,N-PCP-01,North District 1,North,Primary Care,Medicaid,0,0
HCP0004,9999000004,2025-01,N-PCP-02,North District 2,North,Primary Care,Cash,1,1
HCP0006,9999000006,2025-01,N-PCP-02,North District 2,North,Primary Care,Medicare Part D,0,0
HCP0007,9999000007,2025-01,N-PCP-01,North District 1,North,Primary Care,Medicaid,2,1
HCP0008,9999000008,2025-01,N-PCP-02,North District 2,North,Primary Care,Cash,1,1
HCP0009,9999000009,2025-01,N-PCP-01,North District 1,North,Primary Care,Commercial,0,0
HCP0011,9999000011,2025-01,N-PCP-01,North District 1,North,Primary Care,Medicaid,0,0
HCP0012,9999000012,2025-01,N-PCP-02,North District 2,North,Primary Care,Cash,1,1
HCP0013,9999000013,2025-01,N-PCP-01,North District 1,North,Primary Care,Commercial,0,0
HCP0014,9999000014,2025-01,N-PCP-02,North District 2,North,Primary Care,Medicare Part D,0,0
HCP0016,9999000016,2025-01,N-PCP-02,North District 2,North,Primary Care,Cash,0,0
HCP0017,9999000017,2025-01,N-PCP-01,North District 1,North,Primary Care,Commercial,1,1
HCP0018,9999000018,2025-01,N-PCP-02,North District 2,North,Primary Care,Medicare Part D,2,1
HCP0019,9999000019,2025-01,N-PCP-01,North District 1,North,Primary Care,Medicaid,1,1
HCP0021,9999000021,2025-01,N-CAR-01,North District 1,North,Cardiology,Commercial,0,0
HCP0022,9999000022,2025-01,N-CAR-02,North District 2,North,Cardiology,Medicare Part D,1,1
HCP0023,9999000023,2025-01,N-CAR-01,North District 1,North,Cardiology,Medicaid,2,2
HCP0024,9999000024,2025-01,N-CAR-02,North District 2,North,Cardiology,Cash,0,0
HCP0026,9999000026,2025-01,N-CAR-02,North District 2,North,Cardiology,Medicare Part D,1,1
HCP0027,9999000027,2025-01,N-CAR-01,North District 1,North,Cardiology,Medicaid,0,0
HCP0028,9999000028,2025-01,N-CAR-02,North District 2,North,Cardiology,Cash,0,0
HCP0029,9999000029,2025-01,N-CAR-01,North District 1,North,Cardiology,Commercial,0,0
HCP0031,9999000031,2025-01,N-CAR-01,North District 1,North,Cardiology,Medicaid,1,1
HCP0032,9999000032,2025-01,N-CAR-02,North District 2,North,Cardiology,Cash,0,0
HCP0033,9999000033,2025-01,N-CAR-01,North District 1,North,Cardiology,Commercial,0,0
HCP0034,9999000034,2025-01,N-CAR-02,North District 2,North,Cardiology,Medicare Part D,1,1
HCP0036,9999000036,2025-01,N-CAR-02,North District 2,North,Cardiology,Cash,2,1
HCP0037,9999000037,2025-01,N-CAR-01,North District 1,North,Cardiology,Commercial,0,0
HCP0038,9999000038,2025-01,N-CAR-02,North District 2,North,Cardiology,Medicare Part D,2,2
HCP0039,9999000039,2025-01,N-CAR-01,North District 1,North,Cardiology,Medicaid,1,1
HCP0041,9999000041,2025-01,N-END-01,North District 1,North,Endocrinology,Commercial,0,0
HCP0042,9999000042,2025-01,N-END-02,North District 2,North,Endocrinology,Medicare Part D,1,1
HCP0043,9999000043,2025-01,N-END-01,North District 1,North,Endocrinology,Medicaid,0,0
HCP0044,9999000044,2025-01,N-END-02,North District 2,North,Endocrinology,Cash,1,1
HCP0046,9999000046,2025-01,N-END-02,North District 2,North,Endocrinology,Medicare Part D,1,1
HCP0047,9999000047,2025-01,N-END-01,North District 1,North,Endocrinology,Medicaid,0,0
HCP0048,9999000048,2025-01,N-END-02,North District 2,North,Endocrinology,Cash,0,0
HCP0049,9999000049,2025-01,N-END-01,North District 1,North,Endocrinology,Commercial,1,1
HCP0051,9999000051,2025-01,N-END-01,North District 1,North,Endocrinology,Medicaid,0,0
HCP0052,9999000052,2025-01,N-END-02,North District 2,North,Endocrinology,Cash,1,1
HCP0053,9999000053,2025-01,N-END-01,North District 1,North,Endocrinology,Commercial,1,1
HCP0054,9999000054,2025-01,N-END-02,North District 2,North,Endocrinology,Medicare Part D,1,1
HCP0056,9999000056,2025-01,N-END-02,North District 2,North,Endocrinology,Cash,2,1
HCP0057,9999000057,2025-01,N-END-01,North District 1,North,Endocrinology,Commercial,0,0
HCP0058,9999000058,2025-01,N-END-02,North District 2,North,Endocrinology,Medicare Part D,0,0
HCP0059,9999000059,2025-01,N-END-01,North District 1,North,Endocrinology,Medicaid,1,1
HCP0061,9999000061,2025-01,S-PCP-01,South District 1,South,Primary Care,Medicare Part D,0,0
HCP0062,9999000062,2025-01,S-PCP-02,South District 2,South,Primary Care,Medicaid,1,1
HCP0063,9999000063,2025-01,S-PCP-01,South District 1,South,Primary Care,Cash,1,1
HCP0064,9999000064,2025-01,S-PCP-02,South District 2,South,Primary Care,Commercial,0,0
HCP0066,9999000066,2025-01,S-PCP-02,South District 2,South,Primary Care,Medicaid,2,2
HCP0067,9999000067,2025-01,S-PCP-01,South District 1,South,Primary Care,Cash,2,2
HCP0068,9999000068,2025-01,S-PCP-02,South District 2,South,Primary Care,Commercial,1,1
HCP0069,9999000069,2025-01,S-PCP-01,South District 1,South,Primary Care,Medicare Part D,1,1
HCP0071,9999000071,2025-01,S-PCP-01,South District 1,South,Primary Care,Cash,0,0
HCP0072,9999000072,2025-01,S-PCP-02,South District 2,South,Primary Care,Commercial,1,1
HCP0073,9999000073,2025-01,S-PCP-01,South District 1,South,Primary Care,Medicare Part D,0,0
HCP0074,9999000074,2025-01,S-PCP-02,South District 2,South,Primary Care,Medicaid,3,3
HCP0076,9999000076,2025-01,S-PCP-02,South District 2,South,Primary Care,Commercial,1,1
HCP0077,9999000077,2025-01,S-PCP-01,South District 1,South,Primary Care,Medicare Part D,0,0
HCP0078,9999000078,2025-01,S-PCP-02,South District 2,South,Primary Care,Medicaid,3,2
HCP0079,9999000079,2025-01,S-PCP-01,South District 1,South,Primary Care,Cash,1,1
HCP0081,9999000081,2025-01,S-CAR-01,South District 1,South,Cardiology,Medicare Part D,0,0
HCP0082,9999000082,2025-01,S-CAR-02,South District 2,South,Cardiology,Medicaid,1,1
HCP0083,9999000083,2025-01,S-CAR-01,South District 1,South,Cardiology,Cash,0,0
HCP0084,9999000084,2025-01,S-CAR-02,South District 2,South,Cardiology,Commercial,0,0
HCP0086,9999000086,2025-01,S-CAR-02,South District 2,South,Cardiology,Medicaid,0,0
HCP0087,9999000087,2025-01,S-CAR-01,South District 1,South,Cardiology,Cash,1,1
HCP0088,9999000088,2025-01,S-CAR-02,South District 2,South,Cardiology,Commercial,0,0
HCP0089,9999000089,2025-01,S-CAR-01,South District 1,South,Cardiology,Medicare Part D,1,1
HCP0091,9999000091,2025-01,S-CAR-01,South District 1,South,Cardiology,Cash,0,0
HCP0092,9999000092,2025-01,S-CAR-02,South District 2,South,Cardiology,Commercial,0,0
HCP0093,9999000093,2025-01,S-CAR-01,South District 1,South,Cardiology,Medicare Part D,0,0
HCP0094,9999000094,2025-01,S-CAR-02,South District 2,South,Cardiology,Medicaid,1,1
HCP0096,9999000096,2025-01,S-CAR-02,South District 2,South,Cardiology,Commercial,1,1
HCP0097,9999000097,2025-01,S-CAR-01,South District 1,South,Cardiology,Medicare Part D,0,0
HCP0098,9999000098,2025-01,S-CAR-02,South District 2,South,Cardiology,Medicaid,2,2
HCP0099,9999000099,2025-01,S-CAR-01,South District 1,South,Cardiology,Cash,1,1
HCP0101,9999000101,2025-01,S-END-01,South District 1,South,Endocrinology,Medicare Part D,1,1
HCP0102,9999000102,2025-01,S-END-02,South District 2,South,Endocrinology,Medicaid,2,1
HCP0103,9999000103,2025-01,S-END-01,South District 1,South,Endocrinology,Cash,2,1
HCP0104,9999000104,2025-01,S-END-02,South District 2,South,Endocrinology,Commercial,3,2
HCP0106,9999000106,2025-01,S-END-02,South District 2,South,Endocrinology,Medicaid,0,0
HCP0107,9999000107,2025-01,S-END-01,South District 1,South,Endocrinology,Cash,0,0
HCP0108,9999000108,2025-01,S-END-02,South District 2,South,Endocrinology,Commercial,1,1
HCP0109,9999000109,2025-01,S-END-01,South District 1,South,Endocrinology,Medicare Part D,2,1
HCP0111,9999000111,2025-01,S-END-01,South District 1,South,Endocrinology,Cash,2,1
HCP0112,9999000112,2025-01,S-END-02,South District 2,South,Endocrinology,Commercial,0,0
HCP0113,9999000113,2025-01,S-END-01,South District 1,South,Endocrinology,Medicare Part D,1,1
HCP0114,9999000114,2025-01,S-END-02,South District 2,South,Endocrinology,Medicaid,1,1
HCP0116,9999000116,2025-01,S-END-02,South District 2,South,Endocrinology,Commercial,0,0
HCP0117,9999000117,2025-01,S-END-01,South District 1,South,Endocrinology,Medicare Part D,1,1
HCP0118,9999000118,2025-01,S-END-02,South District 2,South,Endocrinology,Medicaid,0,0
HCP0119,9999000119,2025-01,S-END-01,South District 1,South,Endocrinology,Cash,0,0
HCP0121,9999000121,2025-01,E-PCP-01,East District 1,East,Primary Care,Medicaid,3,1
HCP0122,9999000122,2025-01,E-PCP-02,East District 2,East,Primary Care,Cash,0,0
HCP0123,9999000123,2025-01,E-PCP-01,East District 1,East,Primary Care,Commercial,2,1
HCP0124,9999000124,2025-01,E-PCP-02,East District 2,East,Primary Care,Medicare Part D,0,0
HCP0126,9999000126,2025-01,E-PCP-02,East District 2,East,Primary Care,Cash,1,1
HCP0127,9999000127,2025-01,E-PCP-01,East District 1,East,Primary Care,Commercial,1,1
HCP0128,9999000128,2025-01,E-PCP-02,East District 2,East,Primary Care,Medicare Part D,1,1
HCP0129,9999000129,2025-01,E-PCP-01,East District 1,East,Primary Care,Medicaid,0,0
HCP0131,9999000131,2025-01,E-PCP-01,East District 1,East,Primary Care,Commercial,0,0
HCP0132,9999000132,2025-01,E-PCP-02,East District 2,East,Primary Care,Medicare Part D,0,0
HCP0133,9999000133,2025-01,E-PCP-01,East District 1,East,Primary Care,Medicaid,1,1
HCP0134,9999000134,2025-01,E-PCP-02,East District 2,East,Primary Care,Cash,0,0
HCP0136,9999000136,2025-01,E-PCP-02,East District 2,East,Primary Care,Medicare Part D,1,1
HCP0137,9999000137,2025-01,E-PCP-01,East District 1,East,Primary Care,Medicaid,0,0
HCP0138,9999000138,2025-01,E-PCP-02,East District 2,East,Primary Care,Cash,2,1
HCP0139,9999000139,2025-01,E-PCP-01,East District 1,East,Primary Care,Commercial,1,1
HCP0141,9999000141,2025-01,E-CAR-01,East District 1,East,Cardiology,Medicaid,0,0
HCP0142,9999000142,2025-01,E-CAR-02,East District 2,East,Cardiology,Cash,0,0
HCP0143,9999000143,2025-01,E-CAR-01,East District 1,East,Cardiology,Commercial,1,1
HCP0144,9999000144,2025-01,E-CAR-02,East District 2,East,Cardiology,Medicare Part D,0,0
HCP0146,9999000146,2025-01,E-CAR-02,East District 2,East,Cardiology,Cash,1,1
HCP0147,9999000147,2025-01,E-CAR-01,East District 1,East,Cardiology,Commercial,2,2
HCP0148,9999000148,2025-01,E-CAR-02,East District 2,East,Cardiology,Medicare Part D,2,1
HCP0149,9999000149,2025-01,E-CAR-01,East District 1,East,Cardiology,Medicaid,2,1
HCP0151,9999000151,2025-01,E-CAR-01,East District 1,East,Cardiology,Commercial,1,1
HCP0152,9999000152,2025-01,E-CAR-02,East District 2,East,Cardiology,Medicare Part D,0,0
HCP0153,9999000153,2025-01,E-CAR-01,East District 1,East,Cardiology,Medicaid,0,0
HCP0154,9999000154,2025-01,E-CAR-02,East District 2,East,Cardiology,Cash,0,0
HCP0156,9999000156,2025-01,E-CAR-02,East District 2,East,Cardiology,Medicare Part D,0,0
HCP0157,9999000157,2025-01,E-CAR-01,East District 1,East,Cardiology,Medicaid,0,0
HCP0158,9999000158,2025-01,E-CAR-02,East District 2,East,Cardiology,Cash,1,1
HCP0159,9999000159,2025-01,E-CAR-01,East District 1,East,Cardiology,Commercial,0,0
HCP0161,9999000161,2025-01,E-END-01,East District 1,East,Endocrinology,Medicaid,0,0
HCP0162,9999000162,2025-01,E-END-02,East District 2,East,Endocrinology,Cash,1,1
HCP0163,9999000163,2025-01,E-END-01,East District 1,East,Endocrinology,Commercial,0,0
HCP0164,9999000164,2025-01,E-END-02,East District 2,East,Endocrinology,Medicare Part D,1,1
HCP0166,9999000166,2025-01,E-END-02,East District 2,East,Endocrinology,Cash,3,1
HCP0167,9999000167,2025-01,E-END-01,East District 1,East,Endocrinology,Commercial,0,0
HCP0168,9999000168,2025-01,E-END-02,East District 2,East,Endocrinology,Medicare Part D,1,1
HCP0169,9999000169,2025-01,E-END-01,East District 1,East,Endocrinology,Medicaid,2,2
HCP0171,9999000171,2025-01,E-END-01,East District 1,East,Endocrinology,Commercial,0,0
HCP0172,9999000172,2025-01,E-END-02,East District 2,East,Endocrinology,Medicare Part D,1,1
HCP0173,9999000173,2025-01,E-END-01,East District 1,East,Endocrinology,Medicaid,0,0
HCP0174,9999000174,2025-01,E-END-02,East District 2,East,Endocrinology,Cash,0,0
HCP0176,9999000176,2025-01,E-END-02,East District 2,East,Endocrinology,Medicare Part D,1,1
HCP0177,9999000177,2025-01,E-END-01,East District 1,East,Endocrinology,Medicaid,0,0
HCP0178,9999000178,2025-01,E-END-02,East District 2,East,Endocrinology,Cash,2,1
HCP0179,9999000179,2025-01,E-END-01,East District 1,East,Endocrinology,Commercial,3,2
HCP0181,9999000181,2025-01,W-PCP-01,West District 1,West,Primary Care,Cash,1,1
HCP0182,9999000182,2025-01,W-PCP-02,West District 2,West,Primary Care,Commercial,2,1
HCP0183,9999000183,2025-01,W-PCP-01,West District 1,West,Primary Care,Medicare Part D,0,0
HCP0184,9999000184,2025-01,W-PCP-02,West District 2,West,Primary Care,Medicaid,0,0
HCP0186,9999000186,2025-01,W-PCP-02,West District 2,West,Primary Care,Commercial,3,1
HCP0187,9999000187,2025-01,W-PCP-01,West District 1,West,Primary Care,Medicare Part D,0,0
HCP0188,9999000188,2025-01,W-PCP-02,West District 2,West,Primary Care,Medicaid,1,1
HCP0189,9999000189,2025-01,W-PCP-01,West District 1,West,Primary Care,Cash,0,0
HCP0191,9999000191,2025-01,W-PCP-01,West District 1,West,Primary Care,Medicare Part D,0,0
HCP0192,9999000192,2025-01,W-PCP-02,West District 2,West,Primary Care,Medicaid,0,0
HCP0193,9999000193,2025-01,W-PCP-01,West District 1,West,Primary Care,Cash,1,1
HCP0194,9999000194,2025-01,W-PCP-02,West District 2,West,Primary Care,Commercial,0,0
HCP0196,9999000196,2025-01,W-PCP-02,West District 2,West,Primary Care,Medicaid,1,1
HCP0197,9999000197,2025-01,W-PCP-01,West District 1,West,Primary Care,Cash,0,0
HCP0198,9999000198,2025-01,W-PCP-02,West District 2,West,Primary Care,Commercial,0,0
HCP0199,9999000199,2025-01,W-PCP-01,West District 1,West,Primary Care,Medicare Part D,2,2
HCP0201,9999000201,2025-01,W-CAR-01,West District 1,West,Cardiology,Cash,0,0
HCP0202,9999000202,2025-01,W-CAR-02,West District 2,West,Cardiology,Commercial,2,1
HCP0203,9999000203,2025-01,W-CAR-01,West District 1,West,Cardiology,Medicare Part D,2,1
HCP0204,9999000204,2025-01,W-CAR-02,West District 2,West,Cardiology,Medicaid,2,2
HCP0206,9999000206,2025-01,W-CAR-02,West District 2,West,Cardiology,Commercial,1,1
HCP0207,9999000207,2025-01,W-CAR-01,West District 1,West,Cardiology,Medicare Part D,1,1
HCP0208,9999000208,2025-01,W-CAR-02,West District 2,West,Cardiology,Medicaid,0,0
HCP0209,9999000209,2025-01,W-CAR-01,West District 1,West,Cardiology,Cash,1,1
HCP0211,9999000211,2025-01,W-CAR-01,West District 1,West,Cardiology,Medicare Part D,0,0
HCP0212,9999000212,2025-01,W-CAR-02,West District 2,West,Cardiology,Medicaid,0,0
HCP0213,9999000213,2025-01,W-CAR-01,West District 1,West,Cardiology,Cash,0,0
HCP0214,9999000214,2025-01,W-CAR-02,West District 2,West,Cardiology,Commercial,0,0
HCP0216,9999000216,2025-01,W-CAR-02,West District 2,West,Cardiology,Medicaid,1,1
HCP0217,9999000217,2025-01,W-CAR-01,West District 1,West,Cardiology,Cash,1,1
HCP0218,9999000218,2025-01,W-CAR-02,West District 2,West,Cardiology,Commercial,1,1
HCP0219,9999000219,2025-01,W-CAR-01,West District 1,West,Cardiology,Medicare Part D,1,1
HCP0221,9999000221,2025-01,W-END-01,West District 1,West,Endocrinology,Cash,1,1
HCP0222,9999000222,2025-01,W-END-02,West District 2,West,Endocrinology,Commercial,0,0
HCP0223,9999000223,2025-01,W-END-01,West District 1,West,Endocrinology,Medicare Part D,3,1
HCP0224,9999000224,2025-01,W-END-02,West District 2,West,Endocrinology,Medicaid,1,1
HCP0226,9999000226,2025-01,W-END-02,West District 2,West,Endocrinology,Commercial,0,0
HCP0227,9999000227,2025-01,W-END-01,West District 1,West,Endocrinology,Medicare Part D,0,0
HCP0228,9999000228,2025-01,W-END-02,West District 2,West,Endocrinology,Medicaid,0,0
HCP0229,9999000229,2025-01,W-END-01,West District 1,West,Endocrinology,Cash,0,0
HCP0231,9999000231,2025-01,W-END-01,West District 1,West,Endocrinology,Medicare Part D,1,1
HCP0232,9999000232,2025-01,W-END-02,West District 2,West,Endocrinology,Medicaid,1,1
HCP0233,9999000233,2025-01,W-END-01,West District 1,West,Endocrinology,Cash,2,1
HCP0234,9999000234,2025-01,W-END-02,West District 2,West,Endocrinology,Commercial,0,0
HCP0236,9999000236,2025-01,W-END-02,West District 2,West,Endocrinology,Medicaid,2,2
HCP0237,9999000237,2025-01,W-END-01,West District 1,West,Endocrinology,Cash,0,0
HCP0238,9999000238,2025-01,W-END-02,West District 2,West,Endocrinology,Commercial,0,0
HCP0239,9999000239,2025-01,W-END-01,West District 1,West,Endocrinology,Medicare Part D,0,0
HCP0001,9999000001,2025-02,N-PCP-01,North District 1,North,Primary Care,Commercial,0,0
HCP0002,9999000002,2025-02,N-PCP-02,North District 2,North,Primary Care,Medicare Part D,2,2
HCP0003,9999000003,2025-02,N-PCP-01,North District 1,North,Primary Care,Medicaid,0,0
HCP0004,9999000004,2025-02,N-PCP-02,North District 2,North,Primary Care,Cash,0,0
HCP0006,9999000006,2025-02,N-PCP-02,North District 2,North,Primary Care,Medicare Part D,0,0
HCP0007,9999000007,2025-02,N-PCP-01,North District 1,North,Primary Care,Medicaid,1,1
HCP0008,9999000008,2025-02,N-PCP-02,North District 2,North,Primary Care,Cash,1,1
HCP0009,9999000009,2025-02,N-PCP-01,North District 1,North,Primary Care,Commercial,0,0
HCP0011,9999000011,2025-02,N-PCP-01,North District 1,North,Primary Care,Medicaid,0,0
HCP0012,9999000012,2025-02,N-PCP-02,North District 2,North,Primary Care,Cash,0,0
HCP0013,9999000013,2025-02,N-PCP-01,North District 1,North,Primary Care,Commercial,0,0
HCP0014,9999000014,2025-02,N-PCP-02,North District 2,North,Primary Care,Medicare Part D,1,1
HCP0016,9999000016,2025-02,N-PCP-02,North District 2,North,Primary Care,Cash,0,0
HCP0017,9999000017,2025-02,N-PCP-01,North District 1,North,Primary Care,Commercial,0,0
HCP0018,9999000018,2025-02,N-PCP-02,North District 2,North,Primary Care,Medicare Part D,0,0
HCP0019,9999000019,2025-02,N-PCP-01,North District 1,North,Primary Care,Medicaid,2,1
HCP0021,9999000021,2025-02,N-CAR-01,North District 1,North,Cardiology,Commercial,1,1
HCP0022,9999000022,2025-02,N-CAR-02,North District 2,North,Cardiology,Medicare Part D,3,2
HCP0023,9999000023,2025-02,N-CAR-01,North District 1,North,Cardiology,Medicaid,0,0
HCP0024,9999000024,2025-02,N-CAR-02,North District 2,North,Cardiology,Cash,2,1
HCP0026,9999000026,2025-02,N-CAR-02,North District 2,North,Cardiology,Medicare Part D,0,0
HCP0027,9999000027,2025-02,N-CAR-01,North District 1,North,Cardiology,Medicaid,1,1
HCP0028,9999000028,2025-02,N-CAR-02,North District 2,North,Cardiology,Cash,1,1
HCP0029,9999000029,2025-02,N-CAR-01,North District 1,North,Cardiology,Commercial,1,1
HCP0031,9999000031,2025-02,N-CAR-01,North District 1,North,Cardiology,Medicaid,3,2
HCP0032,9999000032,2025-02,N-CAR-02,North District 2,North,Cardiology,Cash,0,0
HCP0033,9999000033,2025-02,N-CAR-01,North District 1,North,Cardiology,Commercial,1,1
HCP0034,9999000034,2025-02,N-CAR-02,North District 2,North,Cardiology,Medicare Part D,2,1
HCP0036,9999000036,2025-02,N-CAR-02,North District 2,North,Cardiology,Cash,3,2
HCP0037,9999000037,2025-02,N-CAR-01,North District 1,North,Cardiology,Commercial,1,1
HCP0038,9999000038,2025-02,N-CAR-02,North District 2,North,Cardiology,Medicare Part D,0,0
HCP0039,9999000039,2025-02,N-CAR-01,North District 1,North,Cardiology,Medicaid,0,0
HCP0041,9999000041,2025-02,N-END-01,North District 1,North,Endocrinology,Commercial,1,1
HCP0042,9999000042,2025-02,N-END-02,North District 2,North,Endocrinology,Medicare Part D,1,1
HCP0043,9999000043,2025-02,N-END-01,North District 1,North,Endocrinology,Medicaid,0,0
HCP0044,9999000044,2025-02,N-END-02,North District 2,North,Endocrinology,Cash,0,0
HCP0046,9999000046,2025-02,N-END-02,North District 2,North,Endocrinology,Medicare Part D,0,0
HCP0047,9999000047,2025-02,N-END-01,North District 1,North,Endocrinology,Medicaid,0,0
HCP0048,9999000048,2025-02,N-END-02,North District 2,North,Endocrinology,Cash,1,1
HCP0049,9999000049,2025-02,N-END-01,North District 1,North,Endocrinology,Commercial,3,2
HCP0051,9999000051,2025-02,N-END-01,North District 1,North,Endocrinology,Medicaid,0,0
HCP0052,9999000052,2025-02,N-END-02,North District 2,North,Endocrinology,Cash,1,1
HCP0053,9999000053,2025-02,N-END-01,North District 1,North,Endocrinology,Commercial,0,0
HCP0054,9999000054,2025-02,N-END-02,North District 2,North,Endocrinology,Medicare Part D,0,0
HCP0056,9999000056,2025-02,N-END-02,North District 2,North,Endocrinology,Cash,0,0
HCP0057,9999000057,2025-02,N-END-01,North District 1,North,Endocrinology,Commercial,0,0
HCP0058,9999000058,2025-02,N-END-02,North District 2,North,Endocrinology,Medicare Part D,0,0
HCP0059,9999000059,2025-02,N-END-01,North District 1,North,Endocrinology,Medicaid,1,1
HCP0061,9999000061,2025-02,S-PCP-01,South District 1,South,Primary Care,Medicare Part D,1,1
HCP0062,9999000062,2025-02,S-PCP-02,South District 2,South,Primary Care,Medicaid,0,0
HCP0063,9999000063,2025-02,S-PCP-01,South District 1,South,Primary Care,Cash,0,0
HCP0064,9999000064,2025-02,S-PCP-02,South District 2,South,Primary Care,Commercial,0,0
HCP0066,9999000066,2025-02,S-PCP-02,South District 2,South,Primary Care,Medicaid,0,0
HCP0067,9999000067,2025-02,S-PCP-01,South District 1,South,Primary Care,Cash,1,1
HCP0068,9999000068,2025-02,S-PCP-02,South District 2,South,Primary Care,Commercial,0,0
HCP0069,9999000069,2025-02,S-PCP-01,South District 1,South,Primary Care,Medicare Part D,1,1
HCP0071,9999000071,2025-02,S-PCP-01,South District 1,South,Primary Care,Cash,0,0
HCP0072,9999000072,2025-02,S-PCP-02,South District 2,South,Primary Care,Commercial,1,1
HCP0073,9999000073,2025-02,S-PCP-01,South District 1,South,Primary Care,Medicare Part D,1,1
HCP0074,9999000074,2025-02,S-PCP-02,South District 2,South,Primary Care,Medicaid,1,1
HCP0076,9999000076,2025-02,S-PCP-02,South District 2,South,Primary Care,Commercial,0,0
HCP0077,9999000077,2025-02,S-PCP-01,South District 1,South,Primary Care,Medicare Part D,1,1
HCP0078,9999000078,2025-02,S-PCP-02,South District 2,South,Primary Care,Medicaid,0,0
HCP0079,9999000079,2025-02,S-PCP-01,South District 1,South,Primary Care,Cash,2,1
HCP0081,9999000081,2025-02,S-CAR-01,South District 1,South,Cardiology,Medicare Part D,0,0
HCP0082,9999000082,2025-02,S-CAR-02,South District 2,South,Cardiology,Medicaid,0,0
HCP0083,9999000083,2025-02,S-CAR-01,South District 1,South,Cardiology,Cash,0,0
HCP0084,9999000084,2025-02,S-CAR-02,South District 2,South,Cardiology,Commercial,2,2
HCP0086,9999000086,2025-02,S-CAR-02,South District 2,South,Cardiology,Medicaid,0,0
HCP0087,9999000087,2025-02,S-CAR-01,South District 1,South,Cardiology,Cash,0,0
HCP0088,9999000088,2025-02,S-CAR-02,South District 2,South,Cardiology,Commercial,4,3
HCP0089,9999000089,2025-02,S-CAR-01,South District 1,South,Cardiology,Medicare Part D,1,1
HCP0091,9999000091,2025-02,S-CAR-01,South District 1,South,Cardiology,Cash,0,0
HCP0092,9999000092,2025-02,S-CAR-02,South District 2,South,Cardiology,Commercial,1,1
HCP0093,9999000093,2025-02,S-CAR-01,South District 1,South,Cardiology,Medicare Part D,0,0
HCP0094,9999000094,2025-02,S-CAR-02,South District 2,South,Cardiology,Medicaid,0,0
HCP0096,9999000096,2025-02,S-CAR-02,South District 2,South,Cardiology,Commercial,1,1
HCP0097,9999000097,2025-02,S-CAR-01,South District 1,South,Cardiology,Medicare Part D,0,0
HCP0098,9999000098,2025-02,S-CAR-02,South District 2,South,Cardiology,Medicaid,0,0
HCP0099,9999000099,2025-02,S-CAR-01,South District 1,South,Cardiology,Cash,1,1
HCP0101,9999000101,2025-02,S-END-01,South District 1,South,Endocrinology,Medicare Part D,0,0
HCP0102,9999000102,2025-02,S-END-02,South District 2,South,Endocrinology,Medicaid,0,0
HCP0103,9999000103,2025-02,S-END-01,South District 1,South,Endocrinology,Cash,0,0
HCP0104,9999000104,2025-02,S-END-02,South District 2,South,Endocrinology,Commercial,1,1
HCP0106,9999000106,2025-02,S-END-02,South District 2,South,Endocrinology,Medicaid,0,0
HCP0107,9999000107,2025-02,S-END-01,South District 1,South,Endocrinology,Cash,0,0
HCP0108,9999000108,2025-02,S-END-02,South District 2,South,Endocrinology,Commercial,4,3
HCP0109,9999000109,2025-02,S-END-01,South District 1,South,Endocrinology,Medicare Part D,0,0
HCP0111,9999000111,2025-02,S-END-01,South District 1,South,Endocrinology,Cash,0,0
HCP0112,9999000112,2025-02,S-END-02,South District 2,South,Endocrinology,Commercial,1,1
HCP0113,9999000113,2025-02,S-END-01,South District 1,South,Endocrinology,Medicare Part D,0,0
HCP0114,9999000114,2025-02,S-END-02,South District 2,South,Endocrinology,Medicaid,0,0
HCP0116,9999000116,2025-02,S-END-02,South District 2,South,Endocrinology,Commercial,1,1
HCP0117,9999000117,2025-02,S-END-01,South District 1,South,Endocrinology,Medicare Part D,2,1
HCP0118,9999000118,2025-02,S-END-02,South District 2,South,Endocrinology,Medicaid,0,0
HCP0119,9999000119,2025-02,S-END-01,South District 1,South,Endocrinology,Cash,0,0
HCP0121,9999000121,2025-02,E-PCP-01,East District 1,East,Primary Care,Medicaid,1,1
HCP0122,9999000122,2025-02,E-PCP-02,East District 2,East,Primary Care,Cash,3,2
HCP0123,9999000123,2025-02,E-PCP-01,East District 1,East,Primary Care,Commercial,0,0
HCP0124,9999000124,2025-02,E-PCP-02,East District 2,East,Primary Care,Medicare Part D,1,1
HCP0126,9999000126,2025-02,E-PCP-02,East District 2,East,Primary Care,Cash,1,1
HCP0127,9999000127,2025-02,E-PCP-01,East District 1,East,Primary Care,Commercial,0,0
HCP0128,9999000128,2025-02,E-PCP-02,East District 2,East,Primary Care,Medicare Part D,1,1
HCP0129,9999000129,2025-02,E-PCP-01,East District 1,East,Primary Care,Medicaid,0,0
HCP0131,9999000131,2025-02,E-PCP-01,East District 1,East,Primary Care,Commercial,1,1
HCP0132,9999000132,2025-02,E-PCP-02,East District 2,East,Primary Care,Medicare Part D,0,0
HCP0133,9999000133,2025-02,E-PCP-01,East District 1,East,Primary Care,Medicaid,0,0
HCP0134,9999000134,2025-02,E-PCP-02,East District 2,East,Primary Care,Cash,1,1
HCP0136,9999000136,2025-02,E-PCP-02,East District 2,East,Primary Care,Medicare Part D,1,1
HCP0137,9999000137,2025-02,E-PCP-01,East District 1,East,Primary Care,Medicaid,0,0
HCP0138,9999000138,2025-02,E-PCP-02,East District 2,East,Primary Care,Cash,0,0
HCP0139,9999000139,2025-02,E-PCP-01,East District 1,East,Primary Care,Commercial,0,0
HCP0141,9999000141,2025-02,E-CAR-01,East District 1,East,Cardiology,Medicaid,1,1
HCP0142,9999000142,2025-02,E-CAR-02,East District 2,East,Cardiology,Cash,0,0
HCP0143,9999000143,2025-02,E-CAR-01,East District 1,East,Cardiology,Commercial,1,1
HCP0144,9999000144,2025-02,E-CAR-02,East District 2,East,Cardiology,Medicare Part D,0,0
HCP0146,9999000146,2025-02,E-CAR-02,East District 2,East,Cardiology,Cash,1,1
HCP0147,9999000147,2025-02,E-CAR-01,East District 1,East,Cardiology,Commercial,1,1
HCP0148,9999000148,2025-02,E-CAR-02,East District 2,East,Cardiology,Medicare Part D,0,0
HCP0149,9999000149,2025-02,E-CAR-01,East District 1,East,Cardiology,Medicaid,3,1
HCP0151,9999000151,2025-02,E-CAR-01,East District 1,East,Cardiology,Commercial,1,1
HCP0152,9999000152,2025-02,E-CAR-02,East District 2,East,Cardiology,Medicare Part D,0,0
HCP0153,9999000153,2025-02,E-CAR-01,East District 1,East,Cardiology,Medicaid,0,0
HCP0154,9999000154,2025-02,E-CAR-02,East District 2,East,Cardiology,Cash,1,1
HCP0156,9999000156,2025-02,E-CAR-02,East District 2,East,Cardiology,Medicare Part D,1,1
HCP0157,9999000157,2025-02,E-CAR-01,East District 1,East,Cardiology,Medicaid,1,1
HCP0158,9999000158,2025-02,E-CAR-02,East District 2,East,Cardiology,Cash,1,1
HCP0159,9999000159,2025-02,E-CAR-01,East District 1,East,Cardiology,Commercial,1,1
HCP0161,9999000161,2025-02,E-END-01,East District 1,East,Endocrinology,Medicaid,0,0
HCP0162,9999000162,2025-02,E-END-02,East District 2,East,Endocrinology,Cash,1,1
HCP0163,9999000163,2025-02,E-END-01,East District 1,East,Endocrinology,Commercial,0,0
HCP0164,9999000164,2025-02,E-END-02,East District 2,East,Endocrinology,Medicare Part D,0,0
HCP0166,9999000166,2025-02,E-END-02,East District 2,East,Endocrinology,Cash,0,0
HCP0167,9999000167,2025-02,E-END-01,East District 1,East,Endocrinology,Commercial,0,0
HCP0168,9999000168,2025-02,E-END-02,East District 2,East,Endocrinology,Medicare Part D,1,1
HCP0169,9999000169,2025-02,E-END-01,East District 1,East,Endocrinology,Medicaid,0,0
HCP0171,9999000171,2025-02,E-END-01,East District 1,East,Endocrinology,Commercial,0,0
HCP0172,9999000172,2025-02,E-END-02,East District 2,East,Endocrinology,Medicare Part D,1,1
HCP0173,9999000173,2025-02,E-END-01,East District 1,East,Endocrinology,Medicaid,0,0
HCP0174,9999000174,2025-02,E-END-02,East District 2,East,Endocrinology,Cash,1,1
HCP0176,9999000176,2025-02,E-END-02,East District 2,East,Endocrinology,Medicare Part D,0,0
HCP0177,9999000177,2025-02,E-END-01,East District 1,East,Endocrinology,Medicaid,1,1
HCP0178,9999000178,2025-02,E-END-02,East District 2,East,Endocrinology,Cash,1,1
HCP0179,9999000179,2025-02,E-END-01,East District 1,East,Endocrinology,Commercial,0,0
HCP0181,9999000181,2025-02,W-PCP-01,West District 1,West,Primary Care,Cash,0,0
HCP0182,9999000182,2025-02,W-PCP-02,West District 2,West,Primary Care,Commercial,0,0
HCP0183,9999000183,2025-02,W-PCP-01,West District 1,West,Primary Care,Medicare Part D,0,0
HCP0184,9999000184,2025-02,W-PCP-02,West District 2,West,Primary Care,Medicaid,0,0
HCP0186,9999000186,2025-02,W-PCP-02,West District 2,West,Primary Care,Commercial,1,1
HCP0187,9999000187,2025-02,W-PCP-01,West District 1,West,Primary Care,Medicare Part D,0,0
HCP0188,9999000188,2025-02,W-PCP-02,West District 2,West,Primary Care,Medicaid,1,1
HCP0189,9999000189,2025-02,W-PCP-01,West District 1,West,Primary Care,Cash,0,0
HCP0191,9999000191,2025-02,W-PCP-01,West District 1,West,Primary Care,Medicare Part D,1,1
HCP0192,9999000192,2025-02,W-PCP-02,West District 2,West,Primary Care,Medicaid,1,1
HCP0193,9999000193,2025-02,W-PCP-01,West District 1,West,Primary Care,Cash,1,1
HCP0194,9999000194,2025-02,W-PCP-02,West District 2,West,Primary Care,Commercial,2,1
HCP0196,9999000196,2025-02,W-PCP-02,West District 2,West,Primary Care,Medicaid,0,0
HCP0197,9999000197,2025-02,W-PCP-01,West District 1,West,Primary Care,Cash,1,1
HCP0198,9999000198,2025-02,W-PCP-02,West District 2,West,Primary Care,Commercial,1,1
HCP0199,9999000199,2025-02,W-PCP-01,West District 1,West,Primary Care,Medicare Part D,0,0
HCP0201,9999000201,2025-02,W-CAR-01,West District 1,West,Cardiology,Cash,1,1
HCP0202,9999000202,2025-02,W-CAR-02,West District 2,West,Cardiology,Commercial,3,3
HCP0203,9999000203,2025-02,W-CAR-01,West District 1,West,Cardiology,Medicare Part D,0,0
HCP0204,9999000204,2025-02,W-CAR-02,West District 2,West,Cardiology,Medicaid,0,0
HCP0206,9999000206,2025-02,W-CAR-02,West District 2,West,Cardiology,Commercial,0,0
HCP0207,9999000207,2025-02,W-CAR-01,West District 1,West,Cardiology,Medicare Part D,1,1
HCP0208,9999000208,2025-02,W-CAR-02,West District 2,West,Cardiology,Medicaid,1,1
HCP0209,9999000209,2025-02,W-CAR-01,West District 1,West,Cardiology,Cash,0,0
HCP0211,9999000211,2025-02,W-CAR-01,West District 1,West,Cardiology,Medicare Part D,1,1
HCP0212,9999000212,2025-02,W-CAR-02,West District 2,West,Cardiology,Medicaid,1,1
HCP0213,9999000213,2025-02,W-CAR-01,West District 1,West,Cardiology,Cash,0,0
HCP0214,9999000214,2025-02,W-CAR-02,West District 2,West,Cardiology,Commercial,1,1
HCP0216,9999000216,2025-02,W-CAR-02,West District 2,West,Cardiology,Medicaid,3,2
HCP0217,9999000217,2025-02,W-CAR-01,West District 1,West,Cardiology,Cash,1,1
HCP0218,9999000218,2025-02,W-CAR-02,West District 2,West,Cardiology,Commercial,2,2
HCP0219,9999000219,2025-02,W-CAR-01,West District 1,West,Cardiology,Medicare Part D,1,1
HCP0221,9999000221,2025-02,W-END-01,West District 1,West,Endocrinology,Cash,0,0
HCP0222,9999000222,2025-02,W-END-02,West District 2,West,Endocrinology,Commercial,2,2
HCP0223,9999000223,2025-02,W-END-01,West District 1,West,Endocrinology,Medicare Part D,0,0
HCP0224,9999000224,2025-02,W-END-02,West District 2,West,Endocrinology,Medicaid,0,0
HCP0226,9999000226,2025-02,W-END-02,West District 2,West,Endocrinology,Commercial,1,1
HCP0227,9999000227,2025-02,W-END-01,West District 1,West,Endocrinology,Medicare Part D,1,1
HCP0228,9999000228,2025-02,W-END-02,West District 2,West,Endocrinology,Medicaid,1,1
HCP0229,9999000229,2025-02,W-END-01,West District 1,West,Endocrinology,Cash,1,1
HCP0231,9999000231,2025-02,W-END-01,West District 1,West,Endocrinology,Medicare Part D,1,1
HCP0232,9999000232,2025-02,W-END-02,West District 2,West,Endocrinology,Medicaid,0,0
HCP0233,9999000233,2025-02,W-END-01,West District 1,West,Endocrinology,Cash,0,0
HCP0234,9999000234,2025-02,W-END-02,West District 2,West,Endocrinology,Commercial,0,0
HCP0236,9999000236,2025-02,W-END-02,West District 2,West,Endocrinology,Medicaid,1,1
HCP0237,9999000237,2025-02,W-END-01,West District 1,West,Endocrinology,Cash,0,0
HCP0238,9999000238,2025-02,W-END-02,West District 2,West,Endocrinology,Commercial,0,0
HCP0239,9999000239,2025-02,W-END-01,West District 1,West,Endocrinology,Medicare Part D,1,1
HCP0001,9999000001,2025-03,N-PCP-01,North District 1,North,Primary Care,Commercial,0,0
HCP0002,9999000002,2025-03,N-PCP-02,North District 2,North,Primary Care,Medicare Part D,1,1
HCP0003,9999000003,2025-03,N-PCP-01,North District 1,North,Primary Care,Medicaid,0,0
HCP0004,9999000004,2025-03,N-PCP-02,North District 2,North,Primary Care,Cash,0,0
HCP0006,9999000006,2025-03,N-PCP-02,North District 2,North,Primary Care,Medicare Part D,1,1
HCP0007,9999000007,2025-03,N-PCP-01,North District 1,North,Primary Care,Medicaid,0,0
HCP0008,9999000008,2025-03,N-PCP-02,North District 2,North,Primary Care,Cash,0,0
HCP0009,9999000009,2025-03,N-PCP-01,North District 1,North,Primary Care,Commercial,1,1
HCP0011,9999000011,2025-03,N-PCP-01,North District 1,North,Primary Care,Medicaid,0,0
HCP0012,9999000012,2025-03,N-PCP-02,North District 2,North,Primary Care,Cash,3,2
HCP0013,9999000013,2025-03,N-PCP-01,North District 1,North,Primary Care,Commercial,0,0
HCP0014,9999000014,2025-03,N-PCP-02,North District 2,North,Primary Care,Medicare Part D,1,1
HCP0016,9999000016,2025-03,N-PCP-02,North District 2,North,Primary Care,Cash,1,1
HCP0017,9999000017,2025-03,N-PCP-01,North District 1,North,Primary Care,Commercial,0,0
HCP0018,9999000018,2025-03,N-PCP-02,North District 2,North,Primary Care,Medicare Part D,0,0
HCP0019,9999000019,2025-03,N-PCP-01,North District 1,North,Primary Care,Medicaid,4,2
HCP0021,9999000021,2025-03,N-CAR-01,North District 1,North,Cardiology,Commercial,2,1
HCP0022,9999000022,2025-03,N-CAR-02,North District 2,North,Cardiology,Medicare Part D,0,0
HCP0023,9999000023,2025-03,N-CAR-01,North District 1,North,Cardiology,Medicaid,0,0
HCP0024,9999000024,2025-03,N-CAR-02,North District 2,North,Cardiology,Cash,0,0
HCP0026,9999000026,2025-03,N-CAR-02,North District 2,North,Cardiology,Medicare Part D,1,1
HCP0027,9999000027,2025-03,N-CAR-01,North District 1,North,Cardiology,Medicaid,0,0
HCP0028,9999000028,2025-03,N-CAR-02,North District 2,North,Cardiology,Cash,1,1
HCP0029,9999000029,2025-03,N-CAR-01,North District 1,North,Cardiology,Commercial,0,0
HCP0031,9999000031,2025-03,N-CAR-01,North District 1,North,Cardiology,Medicaid,1,1
HCP0032,9999000032,2025-03,N-CAR-02,North District 2,North,Cardiology,Cash,2,1
HCP0033,9999000033,2025-03,N-CAR-01,North District 1,North,Cardiology,Commercial,1,1
HCP0034,9999000034,2025-03,N-CAR-02,North District 2,North,Cardiology,Medicare Part D,2,2
HCP0036,9999000036,2025-03,N-CAR-02,North District 2,North,Cardiology,Cash,1,1
HCP0037,9999000037,2025-03,N-CAR-01,North District 1,North,Cardiology,Commercial,2,2
HCP0038,9999000038,2025-03,N-CAR-02,North District 2,North,Cardiology,Medicare Part D,3,2
HCP0039,9999000039,2025-03,N-CAR-01,North District 1,North,Cardiology,Medicaid,1,1
HCP0041,9999000041,2025-03,N-END-01,North District 1,North,Endocrinology,Commercial,0,0
HCP0042,9999000042,2025-03,N-END-02,North District 2,North,Endocrinology,Medicare Part D,0,0
HCP0043,9999000043,2025-03,N-END-01,North District 1,North,Endocrinology,Medicaid,1,1
HCP0044,9999000044,2025-03,N-END-02,North District 2,North,Endocrinology,Cash,0,0
HCP0046,9999000046,2025-03,N-END-02,North District 2,North,Endocrinology,Medicare Part D,0,0
HCP0047,9999000047,2025-03,N-END-01,North District 1,North,Endocrinology,Medicaid,0,0
HCP0048,9999000048,2025-03,N-END-02,North District 2,North,Endocrinology,Cash,1,1
HCP0049,9999000049,2025-03,N-END-01,North District 1,North,Endocrinology,Commercial,0,0
HCP0051,9999000051,2025-03,N-END-01,North District 1,North,Endocrinology,Medicaid,0,0
HCP0052,9999000052,2025-03,N-END-02,North District 2,North,Endocrinology,Cash,1,1
HCP0053,9999000053,2025-03,N-END-01,North District 1,North,Endocrinology,Commercial,1,1
HCP0054,9999000054,2025-03,N-END-02,North District 2,North,Endocrinology,Medicare Part D,0,0
HCP0056,9999000056,2025-03,N-END-02,North District 2,North,Endocrinology,Cash,2,1
HCP0057,9999000057,2025-03,N-END-01,North District 1,North,Endocrinology,Commercial,1,1
HCP0058,9999000058,2025-03,N-END-02,North District 2,North,Endocrinology,Medicare Part D,1,1
HCP0059,9999000059,2025-03,N-END-01,North District 1,North,Endocrinology,Medicaid,3,2
HCP0061,9999000061,2025-03,S-PCP-01,South District 1,South,Primary Care,Medicare Part D,0,0
HCP0062,9999000062,2025-03,S-PCP-02,South District 2,South,Primary Care,Medicaid,0,0
HCP0063,9999000063,2025-03,S-PCP-01,South District 1,South,Primary Care,Cash,0,0
HCP0064,9999000064,2025-03,S-PCP-02,South District 2,South,Primary Care,Commercial,0,0
HCP0066,9999000066,2025-03,S-PCP-02,South District 2,South,Primary Care,Medicaid,3,3
HCP0067,9999000067,2025-03,S-PCP-01,South District 1,South,Primary Care,Cash,1,1
HCP0068,9999000068,2025-03,S-PCP-02,South District 2,South,Primary Care,Commercial,0,0
HCP0069,9999000069,2025-03,S-PCP-01,South District 1,South,Primary Care,Medicare Part D,1,1
HCP0071,9999000071,2025-03,S-PCP-01,South District 1,South,Primary Care,Cash,0,0
HCP0072,9999000072,2025-03,S-PCP-02,South District 2,South,Primary Care,Commercial,0,0
HCP0073,9999000073,2025-03,S-PCP-01,South District 1,South,Primary Care,Medicare Part D,0,0
HCP0074,9999000074,2025-03,S-PCP-02,South District 2,South,Primary Care,Medicaid,1,1
HCP0076,9999000076,2025-03,S-PCP-02,South District 2,South,Primary Care,Commercial,0,0
HCP0077,9999000077,2025-03,S-PCP-01,South District 1,South,Primary Care,Medicare Part D,1,1
HCP0078,9999000078,2025-03,S-PCP-02,South District 2,South,Primary Care,Medicaid,1,1
HCP0079,9999000079,2025-03,S-PCP-01,South District 1,South,Primary Care,Cash,1,1
HCP0081,9999000081,2025-03,S-CAR-01,South District 1,South,Cardiology,Medicare Part D,0,0
HCP0082,9999000082,2025-03,S-CAR-02,South District 2,South,Cardiology,Medicaid,4,3
HCP0083,9999000083,2025-03,S-CAR-01,South District 1,South,Cardiology,Cash,0,0
HCP0084,9999000084,2025-03,S-CAR-02,South District 2,South,Cardiology,Commercial,0,0
HCP0086,9999000086,2025-03,S-CAR-02,South District 2,South,Cardiology,Medicaid,1,1
HCP0087,9999000087,2025-03,S-CAR-01,South District 1,South,Cardiology,Cash,1,1
HCP0088,9999000088,2025-03,S-CAR-02,South District 2,South,Cardiology,Commercial,1,1
HCP0089,9999000089,2025-03,S-CAR-01,South District 1,South,Cardiology,Medicare Part D,0,0
HCP0091,9999000091,2025-03,S-CAR-01,South District 1,South,Cardiology,Cash,0,0
HCP0092,9999000092,2025-03,S-CAR-02,South District 2,South,Cardiology,Commercial,1,1
HCP0093,9999000093,2025-03,S-CAR-01,South District 1,South,Cardiology,Medicare Part D,1,1
HCP0094,9999000094,2025-03,S-CAR-02,South District 2,South,Cardiology,Medicaid,3,3
HCP0096,9999000096,2025-03,S-CAR-02,South District 2,South,Cardiology,Commercial,0,0
HCP0097,9999000097,2025-03,S-CAR-01,South District 1,South,Cardiology,Medicare Part D,0,0
HCP0098,9999000098,2025-03,S-CAR-02,South District 2,South,Cardiology,Medicaid,0,0
HCP0099,9999000099,2025-03,S-CAR-01,South District 1,South,Cardiology,Cash,1,1
HCP0101,9999000101,2025-03,S-END-01,South District 1,South,Endocrinology,Medicare Part D,0,0
HCP0102,9999000102,2025-03,S-END-02,South District 2,South,Endocrinology,Medicaid,0,0
HCP0103,9999000103,2025-03,S-END-01,South District 1,South,Endocrinology,Cash,0,0
HCP0104,9999000104,2025-03,S-END-02,South District 2,South,Endocrinology,Commercial,1,1
HCP0106,9999000106,2025-03,S-END-02,South District 2,South,Endocrinology,Medicaid,0,0
HCP0107,9999000107,2025-03,S-END-01,South District 1,South,Endocrinology,Cash,2,2
HCP0108,9999000108,2025-03,S-END-02,South District 2,South,Endocrinology,Commercial,3,3
HCP0109,9999000109,2025-03,S-END-01,South District 1,South,Endocrinology,Medicare Part D,1,1
HCP0111,9999000111,2025-03,S-END-01,South District 1,South,Endocrinology,Cash,0,0
HCP0112,9999000112,2025-03,S-END-02,South District 2,South,Endocrinology,Commercial,0,0
HCP0113,9999000113,2025-03,S-END-01,South District 1,South,Endocrinology,Medicare Part D,1,1
HCP0114,9999000114,2025-03,S-END-02,South District 2,South,Endocrinology,Medicaid,1,1
HCP0116,9999000116,2025-03,S-END-02,South District 2,South,Endocrinology,Commercial,1,1
HCP0117,9999000117,2025-03,S-END-01,South District 1,South,Endocrinology,Medicare Part D,2,1
HCP0118,9999000118,2025-03,S-END-02,South District 2,South,Endocrinology,Medicaid,0,0
HCP0119,9999000119,2025-03,S-END-01,South District 1,South,Endocrinology,Cash,0,0
HCP0121,9999000121,2025-03,E-PCP-01,East District 1,East,Primary Care,Medicaid,1,1
HCP0122,9999000122,2025-03,E-PCP-02,East District 2,East,Primary Care,Cash,1,1
HCP0123,9999000123,2025-03,E-PCP-01,East District 1,East,Primary Care,Commercial,0,0
HCP0124,9999000124,2025-03,E-PCP-02,East District 2,East,Primary Care,Medicare Part D,0,0
HCP0126,9999000126,2025-03,E-PCP-02,East District 2,East,Primary Care,Cash,1,1
HCP0127,9999000127,2025-03,E-PCP-01,East District 1,East,Primary Care,Commercial,1,1
HCP0128,9999000128,2025-03,E-PCP-02,East District 2,East,Primary Care,Medicare Part D,0,0
HCP0129,9999000129,2025-03,E-PCP-01,East District 1,East,Primary Care,Medicaid,1,1
HCP0131,9999000131,2025-03,E-PCP-01,East District 1,East,Primary Care,Commercial,0,0
HCP0132,9999000132,2025-03,E-PCP-02,East District 2,East,Primary Care,Medicare Part D,0,0
HCP0133,9999000133,2025-03,E-PCP-01,East District 1,East,Primary Care,Medicaid,0,0
HCP0134,9999000134,2025-03,E-PCP-02,East District 2,East,Primary Care,Cash,0,0
HCP0136,9999000136,2025-03,E-PCP-02,East District 2,East,Primary Care,Medicare Part D,0,0
HCP0137,9999000137,2025-03,E-PCP-01,East District 1,East,Primary Care,Medicaid,1,1
HCP0138,9999000138,2025-03,E-PCP-02,East District 2,East,Primary Care,Cash,1,1
HCP0139,9999000139,2025-03,E-PCP-01,East District 1,East,Primary Care,Commercial,1,1
HCP0141,9999000141,2025-03,E-CAR-01,East District 1,East,Cardiology,Medicaid,0,0
HCP0142,9999000142,2025-03,E-CAR-02,East District 2,East,Cardiology,Cash,0,0
HCP0143,9999000143,2025-03,E-CAR-01,East District 1,East,Cardiology,Commercial,0,0
HCP0144,9999000144,2025-03,E-CAR-02,East District 2,East,Cardiology,Medicare Part D,0,0
HCP0146,9999000146,2025-03,E-CAR-02,East District 2,East,Cardiology,Cash,1,1
HCP0147,9999000147,2025-03,E-CAR-01,East District 1,East,Cardiology,Commercial,0,0
HCP0148,9999000148,2025-03,E-CAR-02,East District 2,East,Cardiology,Medicare Part D,1,1
HCP0149,9999000149,2025-03,E-CAR-01,East District 1,East,Cardiology,Medicaid,0,0
HCP0151,9999000151,2025-03,E-CAR-01,East District 1,East,Cardiology,Commercial,1,1
HCP0152,9999000152,2025-03,E-CAR-02,East District 2,East,Cardiology,Medicare Part D,2,2
HCP0153,9999000153,2025-03,E-CAR-01,East District 1,East,Cardiology,Medicaid,0,0
HCP0154,9999000154,2025-03,E-CAR-02,East District 2,East,Cardiology,Cash,1,1
HCP0156,9999000156,2025-03,E-CAR-02,East District 2,East,Cardiology,Medicare Part D,1,1
HCP0157,9999000157,2025-03,E-CAR-01,East District 1,East,Cardiology,Medicaid,1,1
HCP0158,9999000158,2025-03,E-CAR-02,East District 2,East,Cardiology,Cash,0,0
HCP0159,9999000159,2025-03,E-CAR-01,East District 1,East,Cardiology,Commercial,1,1
HCP0161,9999000161,2025-03,E-END-01,East District 1,East,Endocrinology,Medicaid,0,0
HCP0162,9999000162,2025-03,E-END-02,East District 2,East,Endocrinology,Cash,1,1
HCP0163,9999000163,2025-03,E-END-01,East District 1,East,Endocrinology,Commercial,0,0
HCP0164,9999000164,2025-03,E-END-02,East District 2,East,Endocrinology,Medicare Part D,0,0
HCP0166,9999000166,2025-03,E-END-02,East District 2,East,Endocrinology,Cash,0,0
HCP0167,9999000167,2025-03,E-END-01,East District 1,East,Endocrinology,Commercial,1,1
HCP0168,9999000168,2025-03,E-END-02,East District 2,East,Endocrinology,Medicare Part D,2,1
HCP0169,9999000169,2025-03,E-END-01,East District 1,East,Endocrinology,Medicaid,1,1
HCP0171,9999000171,2025-03,E-END-01,East District 1,East,Endocrinology,Commercial,0,0
HCP0172,9999000172,2025-03,E-END-02,East District 2,East,Endocrinology,Medicare Part D,1,1
HCP0173,9999000173,2025-03,E-END-01,East District 1,East,Endocrinology,Medicaid,0,0
HCP0174,9999000174,2025-03,E-END-02,East District 2,East,Endocrinology,Cash,0,0
HCP0176,9999000176,2025-03,E-END-02,East District 2,East,Endocrinology,Medicare Part D,1,1
HCP0177,9999000177,2025-03,E-END-01,East District 1,East,Endocrinology,Medicaid,0,0
HCP0178,9999000178,2025-03,E-END-02,East District 2,East,Endocrinology,Cash,1,1
HCP0179,9999000179,2025-03,E-END-01,East District 1,East,Endocrinology,Commercial,1,1
HCP0181,9999000181,2025-03,W-PCP-01,West District 1,West,Primary Care,Cash,0,0
HCP0182,9999000182,2025-03,W-PCP-02,West District 2,West,Primary Care,Commercial,1,1
HCP0183,9999000183,2025-03,W-PCP-01,West District 1,West,Primary Care,Medicare Part D,0,0
HCP0184,9999000184,2025-03,W-PCP-02,West District 2,West,Primary Care,Medicaid,2,1
HCP0186,9999000186,2025-03,W-PCP-02,West District 2,West,Primary Care,Commercial,2,2
HCP0187,9999000187,2025-03,W-PCP-01,West District 1,West,Primary Care,Medicare Part D,1,1
HCP0188,9999000188,2025-03,W-PCP-02,West District 2,West,Primary Care,Medicaid,0,0
HCP0189,9999000189,2025-03,W-PCP-01,West District 1,West,Primary Care,Cash,0,0
HCP0191,9999000191,2025-03,W-PCP-01,West District 1,West,Primary Care,Medicare Part D,0,0
HCP0192,9999000192,2025-03,W-PCP-02,West District 2,West,Primary Care,Medicaid,1,1
HCP0193,9999000193,2025-03,W-PCP-01,West District 1,West,Primary Care,Cash,1,1
HCP0194,9999000194,2025-03,W-PCP-02,West District 2,West,Primary Care,Commercial,0,0
HCP0196,9999000196,2025-03,W-PCP-02,West District 2,West,Primary Care,Medicaid,0,0
HCP0197,9999000197,2025-03,W-PCP-01,West District 1,West,Primary Care,Cash,1,1
HCP0198,9999000198,2025-03,W-PCP-02,West District 2,West,Primary Care,Commercial,1,1
HCP0199,9999000199,2025-03,W-PCP-01,West District 1,West,Primary Care,Medicare Part D,3,2
HCP0201,9999000201,2025-03,W-CAR-01,West District 1,West,Cardiology,Cash,0,0
HCP0202,9999000202,2025-03,W-CAR-02,West District 2,West,Cardiology,Commercial,0,0
HCP0203,9999000203,2025-03,W-CAR-01,West District 1,West,Cardiology,Medicare Part D,0,0
HCP0204,9999000204,2025-03,W-CAR-02,West District 2,West,Cardiology,Medicaid,0,0
HCP0206,9999000206,2025-03,W-CAR-02,West District 2,West,Cardiology,Commercial,0,0
HCP0207,9999000207,2025-03,W-CAR-01,West District 1,West,Cardiology,Medicare Part D,1,1
HCP0208,9999000208,2025-03,W-CAR-02,West District 2,West,Cardiology,Medicaid,0,0
HCP0209,9999000209,2025-03,W-CAR-01,West District 1,West,Cardiology,Cash,0,0
HCP0211,9999000211,2025-03,W-CAR-01,West District 1,West,Cardiology,Medicare Part D,2,2
HCP0212,9999000212,2025-03,W-CAR-02,West District 2,West,Cardiology,Medicaid,0,0
HCP0213,9999000213,2025-03,W-CAR-01,West District 1,West,Cardiology,Cash,1,1
HCP0214,9999000214,2025-03,W-CAR-02,West District 2,West,Cardiology,Commercial,0,0
HCP0216,9999000216,2025-03,W-CAR-02,West District 2,West,Cardiology,Medicaid,0,0
HCP0217,9999000217,2025-03,W-CAR-01,West District 1,West,Cardiology,Cash,1,1
HCP0218,9999000218,2025-03,W-CAR-02,West District 2,West,Cardiology,Commercial,1,1
HCP0219,9999000219,2025-03,W-CAR-01,West District 1,West,Cardiology,Medicare Part D,0,0
HCP0221,9999000221,2025-03,W-END-01,West District 1,West,Endocrinology,Cash,0,0
HCP0222,9999000222,2025-03,W-END-02,West District 2,West,Endocrinology,Commercial,0,0
HCP0223,9999000223,2025-03,W-END-01,West District 1,West,Endocrinology,Medicare Part D,1,1
HCP0224,9999000224,2025-03,W-END-02,West District 2,West,Endocrinology,Medicaid,0,0
HCP0226,9999000226,2025-03,W-END-02,West District 2,West,Endocrinology,Commercial,0,0
HCP0227,9999000227,2025-03,W-END-01,West District 1,West,Endocrinology,Medicare Part D,0,0
HCP0228,9999000228,2025-03,W-END-02,West District 2,West,Endocrinology,Medicaid,0,0
HCP0229,9999000229,2025-03,W-END-01,West District 1,West,Endocrinology,Cash,1,1
HCP0231,9999000231,2025-03,W-END-01,West District 1,West,Endocrinology,Medicare Part D,1,1
HCP0232,9999000232,2025-03,W-END-02,West District 2,West,Endocrinology,Medicaid,0,0
HCP0233,9999000233,2025-03,W-END-01,West District 1,West,Endocrinology,Cash,1,1
HCP0234,9999000234,2025-03,W-END-02,West District 2,West,Endocrinology,Commercial,1,1
HCP0236,9999000236,2025-03,W-END-02,West District 2,West,Endocrinology,Medicaid,0,0
HCP0237,9999000237,2025-03,W-END-01,West District 1,West,Endocrinology,Cash,2,2
HCP0238,9999000238,2025-03,W-END-02,West District 2,West,Endocrinology,Commercial,1,1
HCP0239,9999000239,2025-03,W-END-01,West District 1,West,Endocrinology,Medicare Part D,0,0
HCP0001,9999000001,2025-04,N-PCP-01,North District 1,North,Primary Care,Commercial,0,0
HCP0002,9999000002,2025-04,N-PCP-02,North District 2,North,Primary Care,Medicare Part D,1,1
HCP0003,9999000003,2025-04,N-PCP-01,North District 1,North,Primary Care,Medicaid,0,0
HCP0004,9999000004,2025-04,N-PCP-02,North District 2,North,Primary Care,Cash,0,0
HCP0006,9999000006,2025-04,N-PCP-02,North District 2,North,Primary Care,Medicare Part D,0,0
HCP0007,9999000007,2025-04,N-PCP-01,North District 1,North,Primary Care,Medicaid,0,0
HCP0008,9999000008,2025-04,N-PCP-02,North District 2,North,Primary Care,Cash,0,0
HCP0009,9999000009,2025-04,N-PCP-01,North District 1,North,Primary Care,Commercial,0,0
HCP0011,9999000011,2025-04,N-PCP-01,North District 1,North,Primary Care,Medicaid,0,0
HCP0012,9999000012,2025-04,N-PCP-02,North District 2,North,Primary Care,Cash,0,0
HCP0013,9999000013,2025-04,N-PCP-01,North District 1,North,Primary Care,Commercial,1,1
HCP0014,9999000014,2025-04,N-PCP-02,North District 2,North,Primary Care,Medicare Part D,1,1
HCP0016,9999000016,2025-04,N-PCP-02,North District 2,North,Primary Care,Cash,0,0
HCP0017,9999000017,2025-04,N-PCP-01,North District 1,North,Primary Care,Commercial,0,0
HCP0018,9999000018,2025-04,N-PCP-02,North District 2,North,Primary Care,Medicare Part D,0,0
HCP0019,9999000019,2025-04,N-PCP-01,North District 1,North,Primary Care,Medicaid,3,3
HCP0021,9999000021,2025-04,N-CAR-01,North District 1,North,Cardiology,Commercial,1,1
HCP0022,9999000022,2025-04,N-CAR-02,North District 2,North,Cardiology,Medicare Part D,0,0
HCP0023,9999000023,2025-04,N-CAR-01,North District 1,North,Cardiology,Medicaid,0,0
HCP0024,9999000024,2025-04,N-CAR-02,North District 2,North,Cardiology,Cash,1,1
HCP0026,9999000026,2025-04,N-CAR-02,North District 2,North,Cardiology,Medicare Part D,0,0
HCP0027,9999000027,2025-04,N-CAR-01,North District 1,North,Cardiology,Medicaid,2,1
HCP0028,9999000028,2025-04,N-CAR-02,North District 2,North,Cardiology,Cash,0,0
HCP0029,9999000029,2025-04,N-CAR-01,North District 1,North,Cardiology,Commercial,0,0
HCP0031,9999000031,2025-04,N-CAR-01,North District 1,North,Cardiology,Medicaid,0,0
HCP0032,9999000032,2025-04,N-CAR-02,North District 2,North,Cardiology,Cash,3,2
HCP0033,9999000033,2025-04,N-CAR-01,North District 1,North,Cardiology,Commercial,1,1
HCP0034,9999000034,2025-04,N-CAR-02,North District 2,North,Cardiology,Medicare Part D,2,2
HCP0036,9999000036,2025-04,N-CAR-02,North District 2,North,Cardiology,Cash,0,0
HCP0037,9999000037,2025-04,N-CAR-01,North District 1,North,Cardiology,Commercial,1,1
HCP0038,9999000038,2025-04,N-CAR-02,North District 2,North,Cardiology,Medicare Part D,2,2
HCP0039,9999000039,2025-04,N-CAR-01,North District 1,North,Cardiology,Medicaid,2,2
HCP0041,9999000041,2025-04,N-END-01,North District 1,North,Endocrinology,Commercial,1,1
HCP0042,9999000042,2025-04,N-END-02,North District 2,North,Endocrinology,Medicare Part D,1,1
HCP0043,9999000043,2025-04,N-END-01,North District 1,North,Endocrinology,Medicaid,2,1
HCP0044,9999000044,2025-04,N-END-02,North District 2,North,Endocrinology,Cash,0,0
HCP0046,9999000046,2025-04,N-END-02,North District 2,North,Endocrinology,Medicare Part D,1,1
HCP0047,9999000047,2025-04,N-END-01,North District 1,North,Endocrinology,Medicaid,1,1
HCP0048,9999000048,2025-04,N-END-02,North District 2,North,Endocrinology,Cash,0,0
HCP0049,9999000049,2025-04,N-END-01,North District 1,North,Endocrinology,Commercial,0,0
HCP0051,9999000051,2025-04,N-END-01,North District 1,North,Endocrinology,Medicaid,2,2
HCP0052,9999000052,2025-04,N-END-02,North District 2,North,Endocrinology,Cash,0,0
HCP0053,9999000053,2025-04,N-END-01,North District 1,North,Endocrinology,Commercial,0,0
HCP0054,9999000054,2025-04,N-END-02,North District 2,North,Endocrinology,Medicare Part D,0,0
HCP0056,9999000056,2025-04,N-END-02,North District 2,North,Endocrinology,Cash,2,1
HCP0057,9999000057,2025-04,N-END-01,North District 1,North,Endocrinology,Commercial,1,1
HCP0058,9999000058,2025-04,N-END-02,North District 2,North,Endocrinology,Medicare Part D,0,0
HCP0059,9999000059,2025-04,N-END-01,North District 1,North,Endocrinology,Medicaid,1,1
HCP0061,9999000061,2025-04,S-PCP-01,South District 1,South,Primary Care,Medicare Part D,0,0
HCP0062,9999000062,2025-04,S-PCP-02,South District 2,South,Primary Care,Medicaid,1,1
HCP0063,9999000063,2025-04,S-PCP-01,South District 1,South,Primary Care,Cash,0,0
HCP0064,9999000064,2025-04,S-PCP-02,South District 2,South,Primary Care,Commercial,1,1
HCP0066,9999000066,2025-04,S-PCP-02,South District 2,South,Primary Care,Medicaid,1,1
HCP0067,9999000067,2025-04,S-PCP-01,South District 1,South,Primary Care,Cash,0,0
HCP0068,9999000068,2025-04,S-PCP-02,South District 2,South,Primary Care,Commercial,0,0
HCP0069,9999000069,2025-04,S-PCP-01,South District 1,South,Primary Care,Medicare Part D,1,1
HCP0071,9999000071,2025-04,S-PCP-01,South District 1,South,Primary Care,Cash,1,1
HCP0072,9999000072,2025-04,S-PCP-02,South District 2,South,Primary Care,Commercial,1,1
HCP0073,9999000073,2025-04,S-PCP-01,South District 1,South,Primary Care,Medicare Part D,0,0
HCP0074,9999000074,2025-04,S-PCP-02,South District 2,South,Primary Care,Medicaid,0,0
HCP0076,9999000076,2025-04,S-PCP-02,South District 2,South,Primary Care,Commercial,0,0
HCP0077,9999000077,2025-04,S-PCP-01,South District 1,South,Primary Care,Medicare Part D,0,0
HCP0078,9999000078,2025-04,S-PCP-02,South District 2,South,Primary Care,Medicaid,1,1
HCP0079,9999000079,2025-04,S-PCP-01,South District 1,South,Primary Care,Cash,1,1
HCP0081,9999000081,2025-04,S-CAR-01,South District 1,South,Cardiology,Medicare Part D,0,0
HCP0082,9999000082,2025-04,S-CAR-02,South District 2,South,Cardiology,Medicaid,1,1
HCP0083,9999000083,2025-04,S-CAR-01,South District 1,South,Cardiology,Cash,0,0
HCP0084,9999000084,2025-04,S-CAR-02,South District 2,South,Cardiology,Commercial,0,0
HCP0086,9999000086,2025-04,S-CAR-02,South District 2,South,Cardiology,Medicaid,0,0
HCP0087,9999000087,2025-04,S-CAR-01,South District 1,South,Cardiology,Cash,0,0
HCP0088,9999000088,2025-04,S-CAR-02,South District 2,South,Cardiology,Commercial,2,2
HCP0089,9999000089,2025-04,S-CAR-01,South District 1,South,Cardiology,Medicare Part D,0,0
HCP0091,9999000091,2025-04,S-CAR-01,South District 1,South,Cardiology,Cash,1,1
HCP0092,9999000092,2025-04,S-CAR-02,South District 2,South,Cardiology,Commercial,0,0
HCP0093,9999000093,2025-04,S-CAR-01,South District 1,South,Cardiology,Medicare Part D,2,1
HCP0094,9999000094,2025-04,S-CAR-02,South District 2,South,Cardiology,Medicaid,0,0
HCP0096,9999000096,2025-04,S-CAR-02,South District 2,South,Cardiology,Commercial,2,1
HCP0097,9999000097,2025-04,S-CAR-01,South District 1,South,Cardiology,Medicare Part D,1,1
HCP0098,9999000098,2025-04,S-CAR-02,South District 2,South,Cardiology,Medicaid,0,0
HCP0099,9999000099,2025-04,S-CAR-01,South District 1,South,Cardiology,Cash,0,0
HCP0101,9999000101,2025-04,S-END-01,South District 1,South,Endocrinology,Medicare Part D,2,1
HCP0102,9999000102,2025-04,S-END-02,South District 2,South,Endocrinology,Medicaid,0,0
HCP0103,9999000103,2025-04,S-END-01,South District 1,South,Endocrinology,Cash,2,2
HCP0104,9999000104,2025-04,S-END-02,South District 2,South,Endocrinology,Commercial,1,1
HCP0106,9999000106,2025-04,S-END-02,South District 2,South,Endocrinology,Medicaid,0,0
HCP0107,9999000107,2025-04,S-END-01,South District 1,South,Endocrinology,Cash,0,0
HCP0108,9999000108,2025-04,S-END-02,South District 2,South,Endocrinology,Commercial,2,1
HCP0109,9999000109,2025-04,S-END-01,South District 1,South,Endocrinology,Medicare Part D,0,0
HCP0111,9999000111,2025-04,S-END-01,South District 1,South,Endocrinology,Cash,1,1
HCP0112,9999000112,2025-04,S-END-02,South District 2,South,Endocrinology,Commercial,1,1
HCP0113,9999000113,2025-04,S-END-01,South District 1,South,Endocrinology,Medicare Part D,0,0
HCP0114,9999000114,2025-04,S-END-02,South District 2,South,Endocrinology,Medicaid,1,1
HCP0116,9999000116,2025-04,S-END-02,South District 2,South,Endocrinology,Commercial,1,1
HCP0117,9999000117,2025-04,S-END-01,South District 1,South,Endocrinology,Medicare Part D,1,1
HCP0118,9999000118,2025-04,S-END-02,South District 2,South,Endocrinology,Medicaid,0,0
HCP0119,9999000119,2025-04,S-END-01,South District 1,South,Endocrinology,Cash,0,0
HCP0121,9999000121,2025-04,E-PCP-01,East District 1,East,Primary Care,Medicaid,1,1
HCP0122,9999000122,2025-04,E-PCP-02,East District 2,East,Primary Care,Cash,1,1
HCP0123,9999000123,2025-04,E-PCP-01,East District 1,East,Primary Care,Commercial,0,0
HCP0124,9999000124,2025-04,E-PCP-02,East District 2,East,Primary Care,Medicare Part D,0,0
HCP0126,9999000126,2025-04,E-PCP-02,East District 2,East,Primary Care,Cash,1,1
HCP0127,9999000127,2025-04,E-PCP-01,East District 1,East,Primary Care,Commercial,0,0
HCP0128,9999000128,2025-04,E-PCP-02,East District 2,East,Primary Care,Medicare Part D,1,1
HCP0129,9999000129,2025-04,E-PCP-01,East District 1,East,Primary Care,Medicaid,1,1
HCP0131,9999000131,2025-04,E-PCP-01,East District 1,East,Primary Care,Commercial,2,2
HCP0132,9999000132,2025-04,E-PCP-02,East District 2,East,Primary Care,Medicare Part D,0,0
HCP0133,9999000133,2025-04,E-PCP-01,East District 1,East,Primary Care,Medicaid,1,1
HCP0134,9999000134,2025-04,E-PCP-02,East District 2,East,Primary Care,Cash,0,0
HCP0136,9999000136,2025-04,E-PCP-02,East District 2,East,Primary Care,Medicare Part D,1,1
HCP0137,9999000137,2025-04,E-PCP-01,East District 1,East,Primary Care,Medicaid,0,0
HCP0138,9999000138,2025-04,E-PCP-02,East District 2,East,Primary Care,Cash,0,0
HCP0139,9999000139,2025-04,E-PCP-01,East District 1,East,Primary Care,Commercial,2,1
HCP0141,9999000141,2025-04,E-CAR-01,East District 1,East,Cardiology,Medicaid,0,0
HCP0142,9999000142,2025-04,E-CAR-02,East District 2,East,Cardiology,Cash,1,1
HCP0143,9999000143,2025-04,E-CAR-01,East District 1,East,Cardiology,Commercial,0,0
HCP0144,9999000144,2025-04,E-CAR-02,East District 2,East,Cardiology,Medicare Part D,2,2
HCP0146,9999000146,2025-04,E-CAR-02,East District 2,East,Cardiology,Cash,2,1
HCP0147,9999000147,2025-04,E-CAR-01,East District 1,East,Cardiology,Commercial,0,0
HCP0148,9999000148,2025-04,E-CAR-02,East District 2,East,Cardiology,Medicare Part D,0,0
HCP0149,9999000149,2025-04,E-CAR-01,East District 1,East,Cardiology,Medicaid,1,1
HCP0151,9999000151,2025-04,E-CAR-01,East District 1,East,Cardiology,Commercial,1,1
HCP0152,9999000152,2025-04,E-CAR-02,East District 2,East,Cardiology,Medicare Part D,1,1
HCP0153,9999000153,2025-04,E-CAR-01,East District 1,East,Cardiology,Medicaid,1,1
HCP0154,9999000154,2025-04,E-CAR-02,East District 2,East,Cardiology,Cash,0,0
HCP0156,9999000156,2025-04,E-CAR-02,East District 2,East,Cardiology,Medicare Part D,0,0
HCP0157,9999000157,2025-04,E-CAR-01,East District 1,East,Cardiology,Medicaid,0,0
HCP0158,9999000158,2025-04,E-CAR-02,East District 2,East,Cardiology,Cash,1,1
HCP0159,9999000159,2025-04,E-CAR-01,East District 1,East,Cardiology,Commercial,0,0
HCP0161,9999000161,2025-04,E-END-01,East District 1,East,Endocrinology,Medicaid,0,0
HCP0162,9999000162,2025-04,E-END-02,East District 2,East,Endocrinology,Cash,1,1
HCP0163,9999000163,2025-04,E-END-01,East District 1,East,Endocrinology,Commercial,0,0
HCP0164,9999000164,2025-04,E-END-02,East District 2,East,Endocrinology,Medicare Part D,0,0
HCP0166,9999000166,2025-04,E-END-02,East District 2,East,Endocrinology,Cash,1,1
HCP0167,9999000167,2025-04,E-END-01,East District 1,East,Endocrinology,Commercial,0,0
HCP0168,9999000168,2025-04,E-END-02,East District 2,East,Endocrinology,Medicare Part D,1,1
HCP0169,9999000169,2025-04,E-END-01,East District 1,East,Endocrinology,Medicaid,0,0
HCP0171,9999000171,2025-04,E-END-01,East District 1,East,Endocrinology,Commercial,1,1
HCP0172,9999000172,2025-04,E-END-02,East District 2,East,Endocrinology,Medicare Part D,0,0
HCP0173,9999000173,2025-04,E-END-01,East District 1,East,Endocrinology,Medicaid,0,0
HCP0174,9999000174,2025-04,E-END-02,East District 2,East,Endocrinology,Cash,0,0
HCP0176,9999000176,2025-04,E-END-02,East District 2,East,Endocrinology,Medicare Part D,0,0
HCP0177,9999000177,2025-04,E-END-01,East District 1,East,Endocrinology,Medicaid,1,1
HCP0178,9999000178,2025-04,E-END-02,East District 2,East,Endocrinology,Cash,0,0
HCP0179,9999000179,2025-04,E-END-01,East District 1,East,Endocrinology,Commercial,1,1
HCP0181,9999000181,2025-04,W-PCP-01,West District 1,West,Primary Care,Cash,1,1
HCP0182,9999000182,2025-04,W-PCP-02,West District 2,West,Primary Care,Commercial,2,1
HCP0183,9999000183,2025-04,W-PCP-01,West District 1,West,Primary Care,Medicare Part D,1,1
HCP0184,9999000184,2025-04,W-PCP-02,West District 2,West,Primary Care,Medicaid,0,0
HCP0186,9999000186,2025-04,W-PCP-02,West District 2,West,Primary Care,Commercial,1,1
HCP0187,9999000187,2025-04,W-PCP-01,West District 1,West,Primary Care,Medicare Part D,0,0
HCP0188,9999000188,2025-04,W-PCP-02,West District 2,West,Primary Care,Medicaid,0,0
HCP0189,9999000189,2025-04,W-PCP-01,West District 1,West,Primary Care,Cash,3,1
HCP0191,9999000191,2025-04,W-PCP-01,West District 1,West,Primary Care,Medicare Part D,2,2
HCP0192,9999000192,2025-04,W-PCP-02,West District 2,West,Primary Care,Medicaid,0,0
HCP0193,9999000193,2025-04,W-PCP-01,West District 1,West,Primary Care,Cash,1,1
HCP0194,9999000194,2025-04,W-PCP-02,West District 2,West,Primary Care,Commercial,1,1
HCP0196,9999000196,2025-04,W-PCP-02,West District 2,West,Primary Care,Medicaid,1,1
HCP0197,9999000197,2025-04,W-PCP-01,West District 1,West,Primary Care,Cash,1,1
HCP0198,9999000198,2025-04,W-PCP-02,West District 2,West,Primary Care,Commercial,0,0
HCP0199,9999000199,2025-04,W-PCP-01,West District 1,West,Primary Care,Medicare Part D,2,2
HCP0201,9999000201,2025-04,W-CAR-01,West District 1,West,Cardiology,Cash,2,1
HCP0202,9999000202,2025-04,W-CAR-02,West District 2,West,Cardiology,Commercial,1,1
HCP0203,9999000203,2025-04,W-CAR-01,West District 1,West,Cardiology,Medicare Part D,1,1
HCP0204,9999000204,2025-04,W-CAR-02,West District 2,West,Cardiology,Medicaid,1,1
HCP0206,9999000206,2025-04,W-CAR-02,West District 2,West,Cardiology,Commercial,3,2
HCP0207,9999000207,2025-04,W-CAR-01,West District 1,West,Cardiology,Medicare Part D,0,0
HCP0208,9999000208,2025-04,W-CAR-02,West District 2,West,Cardiology,Medicaid,1,1
HCP0209,9999000209,2025-04,W-CAR-01,West District 1,West,Cardiology,Cash,0,0
HCP0211,9999000211,2025-04,W-CAR-01,West District 1,West,Cardiology,Medicare Part D,0,0
HCP0212,9999000212,2025-04,W-CAR-02,West District 2,West,Cardiology,Medicaid,1,1
HCP0213,9999000213,2025-04,W-CAR-01,West District 1,West,Cardiology,Cash,1,1
HCP0214,9999000214,2025-04,W-CAR-02,West District 2,West,Cardiology,Commercial,1,1
HCP0216,9999000216,2025-04,W-CAR-02,West District 2,West,Cardiology,Medicaid,3,2
HCP0217,9999000217,2025-04,W-CAR-01,West District 1,West,Cardiology,Cash,0,0
HCP0218,9999000218,2025-04,W-CAR-02,West District 2,West,Cardiology,Commercial,1,1
HCP0219,9999000219,2025-04,W-CAR-01,West District 1,West,Cardiology,Medicare Part D,2,2
HCP0221,9999000221,2025-04,W-END-01,West District 1,West,Endocrinology,Cash,3,1
HCP0222,9999000222,2025-04,W-END-02,West District 2,West,Endocrinology,Commercial,0,0
HCP0223,9999000223,2025-04,W-END-01,West District 1,West,Endocrinology,Medicare Part D,1,1
HCP0224,9999000224,2025-04,W-END-02,West District 2,West,Endocrinology,Medicaid,0,0
HCP0226,9999000226,2025-04,W-END-02,West District 2,West,Endocrinology,Commercial,1,1
HCP0227,9999000227,2025-04,W-END-01,West District 1,West,Endocrinology,Medicare Part D,0,0
HCP0228,9999000228,2025-04,W-END-02,West District 2,West,Endocrinology,Medicaid,0,0
HCP0229,9999000229,2025-04,W-END-01,West District 1,West,Endocrinology,Cash,1,1
HCP0231,9999000231,2025-04,W-END-01,West District 1,West,Endocrinology,Medicare Part D,1,1
HCP0232,9999000232,2025-04,W-END-02,West District 2,West,Endocrinology,Medicaid,1,1
HCP0233,9999000233,2025-04,W-END-01,West District 1,West,Endocrinology,Cash,1,1
HCP0234,9999000234,2025-04,W-END-02,West District 2,West,Endocrinology,Commercial,1,1
HCP0236,9999000236,2025-04,W-END-02,West District 2,West,Endocrinology,Medicaid,1,1
HCP0237,9999000237,2025-04,W-END-01,West District 1,West,Endocrinology,Cash,2,1
HCP0238,9999000238,2025-04,W-END-02,West District 2,West,Endocrinology,Commercial,0,0
HCP0239,9999000239,2025-04,W-END-01,West District 1,West,Endocrinology,Medicare Part D,1,1
HCP0001,9999000001,2025-05,N-PCP-01,North District 1,North,Primary Care,Commercial,0,0
HCP0002,9999000002,2025-05,N-PCP-02,North District 2,North,Primary Care,Medicare Part D,2,1
HCP0003,9999000003,2025-05,N-PCP-01,North District 1,North,Primary Care,Medicaid,0,0
HCP0004,9999000004,2025-05,N-PCP-02,North District 2,North,Primary Care,Cash,4,4
HCP0006,9999000006,2025-05,N-PCP-02,North District 2,North,Primary Care,Medicare Part D,1,1
HCP0007,9999000007,2025-05,N-PCP-01,North District 1,North,Primary Care,Medicaid,1,1
HCP0008,9999000008,2025-05,N-PCP-02,North District 2,North,Primary Care,Cash,0,0
HCP0009,9999000009,2025-05,N-PCP-01,North District 1,North,Primary Care,Commercial,0,0
HCP0011,9999000011,2025-05,N-PCP-01,North District 1,North,Primary Care,Medicaid,2,1
HCP0012,9999000012,2025-05,N-PCP-02,North District 2,North,Primary Care,Cash,0,0
HCP0013,9999000013,2025-05,N-PCP-01,North District 1,North,Primary Care,Commercial,1,1
HCP0014,9999000014,2025-05,N-PCP-02,North District 2,North,Primary Care,Medicare Part D,0,0
HCP0016,9999000016,2025-05,N-PCP-02,North District 2,North,Primary Care,Cash,0,0
HCP0017,9999000017,2025-05,N-PCP-01,North District 1,North,Primary Care,Commercial,0,0
HCP0018,9999000018,2025-05,N-PCP-02,North District 2,North,Primary Care,Medicare Part D,1,1
HCP0019,9999000019,2025-05,N-PCP-01,North District 1,North,Primary Care,Medicaid,1,1
HCP0021,9999000021,2025-05,N-CAR-01,North District 1,North,Cardiology,Commercial,0,0
HCP0022,9999000022,2025-05,N-CAR-02,North District 2,North,Cardiology,Medicare Part D,0,0
HCP0023,9999000023,2025-05,N-CAR-01,North District 1,North,Cardiology,Medicaid,1,1
HCP0024,9999000024,2025-05,N-CAR-02,North District 2,North,Cardiology,Cash,0,0
HCP0026,9999000026,2025-05,N-CAR-02,North District 2,North,Cardiology,Medicare Part D,1,1
HCP0027,9999000027,2025-05,N-CAR-01,North District 1,North,Cardiology,Medicaid,0,0
HCP0028,9999000028,2025-05,N-CAR-02,North District 2,North,Cardiology,Cash,2,1
HCP0029,9999000029,2025-05,N-CAR-01,North District 1,North,Cardiology,Commercial,2,2
HCP0031,9999000031,2025-05,N-CAR-01,North District 1,North,Cardiology,Medicaid,0,0
HCP0032,9999000032,2025-05,N-CAR-02,North District 2,North,Cardiology,Cash,1,1
HCP0033,9999000033,2025-05,N-CAR-01,North District 1,North,Cardiology,Commercial,1,1
HCP0034,9999000034,2025-05,N-CAR-02,North District 2,North,Cardiology,Medicare Part D,0,0
HCP0036,9999000036,2025-05,N-CAR-02,North District 2,North,Cardiology,Cash,2,1
HCP0037,9999000037,2025-05,N-CAR-01,North District 1,North,Cardiology,Commercial,1,1
HCP0038,9999000038,2025-05,N-CAR-02,North District 2,North,Cardiology,Medicare Part D,1,1
HCP0039,9999000039,2025-05,N-CAR-01,North District 1,North,Cardiology,Medicaid,0,0
HCP0041,9999000041,2025-05,N-END-01,North District 1,North,Endocrinology,Commercial,2,1
HCP0042,9999000042,2025-05,N-END-02,North District 2,North,Endocrinology,Medicare Part D,0,0
HCP0043,9999000043,2025-05,N-END-01,North District 1,North,Endocrinology,Medicaid,0,0
HCP0044,9999000044,2025-05,N-END-02,North District 2,North,Endocrinology,Cash,0,0
HCP0046,9999000046,2025-05,N-END-02,North District 2,North,Endocrinology,Medicare Part D,0,0
HCP0047,9999000047,2025-05,N-END-01,North District 1,North,Endocrinology,Medicaid,1,1
HCP0048,9999000048,2025-05,N-END-02,North District 2,North,Endocrinology,Cash,0,0
HCP0049,9999000049,2025-05,N-END-01,North District 1,North,Endocrinology,Commercial,1,1
HCP0051,9999000051,2025-05,N-END-01,North District 1,North,Endocrinology,Medicaid,1,1
HCP0052,9999000052,2025-05,N-END-02,North District 2,North,Endocrinology,Cash,0,0
HCP0053,9999000053,2025-05,N-END-01,North District 1,North,Endocrinology,Commercial,2,1
HCP0054,9999000054,2025-05,N-END-02,North District 2,North,Endocrinology,Medicare Part D,4,3
HCP0056,9999000056,2025-05,N-END-02,North District 2,North,Endocrinology,Cash,1,1
HCP0057,9999000057,2025-05,N-END-01,North District 1,North,Endocrinology,Commercial,1,1
HCP0058,9999000058,2025-05,N-END-02,North District 2,North,Endocrinology,Medicare Part D,1,1
HCP0059,9999000059,2025-05,N-END-01,North District 1,North,Endocrinology,Medicaid,2,2
HCP0061,9999000061,2025-05,S-PCP-01,South District 1,South,Primary Care,Medicare Part D,1,1
HCP0062,9999000062,2025-05,S-PCP-02,South District 2,South,Primary Care,Medicaid,0,0
HCP0063,9999000063,2025-05,S-PCP-01,South District 1,South,Primary Care,Cash,0,0
HCP0064,9999000064,2025-05,S-PCP-02,South District 2,South,Primary Care,Commercial,0,0
HCP0066,9999000066,2025-05,S-PCP-02,South District 2,South,Primary Care,Medicaid,1,1
HCP0067,9999000067,2025-05,S-PCP-01,South District 1,South,Primary Care,Cash,0,0
HCP0068,9999000068,2025-05,S-PCP-02,South District 2,South,Primary Care,Commercial,0,0
HCP0069,9999000069,2025-05,S-PCP-01,South District 1,South,Primary Care,Medicare Part D,2,2
HCP0071,9999000071,2025-05,S-PCP-01,South District 1,South,Primary Care,Cash,0,0
HCP0072,9999000072,2025-05,S-PCP-02,South District 2,South,Primary Care,Commercial,1,1
HCP0073,9999000073,2025-05,S-PCP-01,South District 1,South,Primary Care,Medicare Part D,0,0
HCP0074,9999000074,2025-05,S-PCP-02,South District 2,South,Primary Care,Medicaid,1,1
HCP0076,9999000076,2025-05,S-PCP-02,South District 2,South,Primary Care,Commercial,0,0
HCP0077,9999000077,2025-05,S-PCP-01,South District 1,South,Primary Care,Medicare Part D,0,0
HCP0078,9999000078,2025-05,S-PCP-02,South District 2,South,Primary Care,Medicaid,0,0
HCP0079,9999000079,2025-05,S-PCP-01,South District 1,South,Primary Care,Cash,0,0
HCP0081,9999000081,2025-05,S-CAR-01,South District 1,South,Cardiology,Medicare Part D,0,0
HCP0082,9999000082,2025-05,S-CAR-02,South District 2,South,Cardiology,Medicaid,3,1
HCP0083,9999000083,2025-05,S-CAR-01,South District 1,South,Cardiology,Cash,0,0
HCP0084,9999000084,2025-05,S-CAR-02,South District 2,South,Cardiology,Commercial,1,1
HCP0086,9999000086,2025-05,S-CAR-02,South District 2,South,Cardiology,Medicaid,0,0
HCP0087,9999000087,2025-05,S-CAR-01,South District 1,South,Cardiology,Cash,0,0
HCP0088,9999000088,2025-05,S-CAR-02,South District 2,South,Cardiology,Commercial,0,0
HCP0089,9999000089,2025-05,S-CAR-01,South District 1,South,Cardiology,Medicare Part D,1,1
HCP0091,9999000091,2025-05,S-CAR-01,South District 1,South,Cardiology,Cash,0,0
HCP0092,9999000092,2025-05,S-CAR-02,South District 2,South,Cardiology,Commercial,2,2
HCP0093,9999000093,2025-05,S-CAR-01,South District 1,South,Cardiology,Medicare Part D,0,0
HCP0094,9999000094,2025-05,S-CAR-02,South District 2,South,Cardiology,Medicaid,0,0
HCP0096,9999000096,2025-05,S-CAR-02,South District 2,South,Cardiology,Commercial,0,0
HCP0097,9999000097,2025-05,S-CAR-01,South District 1,South,Cardiology,Medicare Part D,1,1
HCP0098,9999000098,2025-05,S-CAR-02,South District 2,South,Cardiology,Medicaid,0,0
HCP0099,9999000099,2025-05,S-CAR-01,South District 1,South,Cardiology,Cash,1,1
HCP0101,9999000101,2025-05,S-END-01,South District 1,South,Endocrinology,Medicare Part D,1,1
HCP0102,9999000102,2025-05,S-END-02,South District 2,South,Endocrinology,Medicaid,1,1
HCP0103,9999000103,2025-05,S-END-01,South District 1,South,Endocrinology,Cash,2,1
HCP0104,9999000104,2025-05,S-END-02,South District 2,South,Endocrinology,Commercial,2,1
HCP0106,9999000106,2025-05,S-END-02,South District 2,South,Endocrinology,Medicaid,0,0
HCP0107,9999000107,2025-05,S-END-01,South District 1,South,Endocrinology,Cash,0,0
HCP0108,9999000108,2025-05,S-END-02,South District 2,South,Endocrinology,Commercial,2,2
HCP0109,9999000109,2025-05,S-END-01,South District 1,South,Endocrinology,Medicare Part D,0,0
HCP0111,9999000111,2025-05,S-END-01,South District 1,South,Endocrinology,Cash,0,0
HCP0112,9999000112,2025-05,S-END-02,South District 2,South,Endocrinology,Commercial,0,0
HCP0113,9999000113,2025-05,S-END-01,South District 1,South,Endocrinology,Medicare Part D,0,0
HCP0114,9999000114,2025-05,S-END-02,South District 2,South,Endocrinology,Medicaid,1,1
HCP0116,9999000116,2025-05,S-END-02,South District 2,South,Endocrinology,Commercial,0,0
HCP0117,9999000117,2025-05,S-END-01,South District 1,South,Endocrinology,Medicare Part D,4,2
HCP0118,9999000118,2025-05,S-END-02,South District 2,South,Endocrinology,Medicaid,0,0
HCP0119,9999000119,2025-05,S-END-01,South District 1,South,Endocrinology,Cash,3,3
HCP0121,9999000121,2025-05,E-PCP-01,East District 1,East,Primary Care,Medicaid,0,0
HCP0122,9999000122,2025-05,E-PCP-02,East District 2,East,Primary Care,Cash,3,1
HCP0123,9999000123,2025-05,E-PCP-01,East District 1,East,Primary Care,Commercial,0,0
HCP0124,9999000124,2025-05,E-PCP-02,East District 2,East,Primary Care,Medicare Part D,1,1
HCP0126,9999000126,2025-05,E-PCP-02,East District 2,East,Primary Care,Cash,1,1
HCP0127,9999000127,2025-05,E-PCP-01,East District 1,East,Primary Care,Commercial,2,2
HCP0128,9999000128,2025-05,E-PCP-02,East District 2,East,Primary Care,Medicare Part D,2,1
HCP0129,9999000129,2025-05,E-PCP-01,East District 1,East,Primary Care,Medicaid,0,0
HCP0131,9999000131,2025-05,E-PCP-01,East District 1,East,Primary Care,Commercial,0,0
HCP0132,9999000132,2025-05,E-PCP-02,East District 2,East,Primary Care,Medicare Part D,0,0
HCP0133,9999000133,2025-05,E-PCP-01,East District 1,East,Primary Care,Medicaid,1,1
HCP0134,9999000134,2025-05,E-PCP-02,East District 2,East,Primary Care,Cash,0,0
HCP0136,9999000136,2025-05,E-PCP-02,East District 2,East,Primary Care,Medicare Part D,0,0
HCP0137,9999000137,2025-05,E-PCP-01,East District 1,East,Primary Care,Medicaid,1,1
HCP0138,9999000138,2025-05,E-PCP-02,East District 2,East,Primary Care,Cash,0,0
HCP0139,9999000139,2025-05,E-PCP-01,East District 1,East,Primary Care,Commercial,0,0
HCP0141,9999000141,2025-05,E-CAR-01,East District 1,East,Cardiology,Medicaid,2,2
HCP0142,9999000142,2025-05,E-CAR-02,East District 2,East,Cardiology,Cash,0,0
HCP0143,9999000143,2025-05,E-CAR-01,East District 1,East,Cardiology,Commercial,2,1
HCP0144,9999000144,2025-05,E-CAR-02,East District 2,East,Cardiology,Medicare Part D,0,0
HCP0146,9999000146,2025-05,E-CAR-02,East District 2,East,Cardiology,Cash,0,0
HCP0147,9999000147,2025-05,E-CAR-01,East District 1,East,Cardiology,Commercial,1,1
HCP0148,9999000148,2025-05,E-CAR-02,East District 2,East,Cardiology,Medicare Part D,0,0
HCP0149,9999000149,2025-05,E-CAR-01,East District 1,East,Cardiology,Medicaid,2,1
HCP0151,9999000151,2025-05,E-CAR-01,East District 1,East,Cardiology,Commercial,0,0
HCP0152,9999000152,2025-05,E-CAR-02,East District 2,East,Cardiology,Medicare Part D,0,0
HCP0153,9999000153,2025-05,E-CAR-01,East District 1,East,Cardiology,Medicaid,0,0
HCP0154,9999000154,2025-05,E-CAR-02,East District 2,East,Cardiology,Cash,0,0
HCP0156,9999000156,2025-05,E-CAR-02,East District 2,East,Cardiology,Medicare Part D,0,0
HCP0157,9999000157,2025-05,E-CAR-01,East District 1,East,Cardiology,Medicaid,2,1
HCP0158,9999000158,2025-05,E-CAR-02,East District 2,East,Cardiology,Cash,1,1
HCP0159,9999000159,2025-05,E-CAR-01,East District 1,East,Cardiology,Commercial,1,1
HCP0161,9999000161,2025-05,E-END-01,East District 1,East,Endocrinology,Medicaid,1,1
HCP0162,9999000162,2025-05,E-END-02,East District 2,East,Endocrinology,Cash,0,0
HCP0163,9999000163,2025-05,E-END-01,East District 1,East,Endocrinology,Commercial,0,0
HCP0164,9999000164,2025-05,E-END-02,East District 2,East,Endocrinology,Medicare Part D,1,1
HCP0166,9999000166,2025-05,E-END-02,East District 2,East,Endocrinology,Cash,0,0
HCP0167,9999000167,2025-05,E-END-01,East District 1,East,Endocrinology,Commercial,0,0
HCP0168,9999000168,2025-05,E-END-02,East District 2,East,Endocrinology,Medicare Part D,2,1
HCP0169,9999000169,2025-05,E-END-01,East District 1,East,Endocrinology,Medicaid,1,1
HCP0171,9999000171,2025-05,E-END-01,East District 1,East,Endocrinology,Commercial,1,1
HCP0172,9999000172,2025-05,E-END-02,East District 2,East,Endocrinology,Medicare Part D,1,1
HCP0173,9999000173,2025-05,E-END-01,East District 1,East,Endocrinology,Medicaid,1,1
HCP0174,9999000174,2025-05,E-END-02,East District 2,East,Endocrinology,Cash,1,1
HCP0176,9999000176,2025-05,E-END-02,East District 2,East,Endocrinology,Medicare Part D,1,1
HCP0177,9999000177,2025-05,E-END-01,East District 1,East,Endocrinology,Medicaid,0,0
HCP0178,9999000178,2025-05,E-END-02,East District 2,East,Endocrinology,Cash,0,0
HCP0179,9999000179,2025-05,E-END-01,East District 1,East,Endocrinology,Commercial,2,2
HCP0181,9999000181,2025-05,W-PCP-01,West District 1,West,Primary Care,Cash,1,1
HCP0182,9999000182,2025-05,W-PCP-02,West District 2,West,Primary Care,Commercial,0,0
HCP0183,9999000183,2025-05,W-PCP-01,West District 1,West,Primary Care,Medicare Part D,1,1
HCP0184,9999000184,2025-05,W-PCP-02,West District 2,West,Primary Care,Medicaid,1,1
HCP0186,9999000186,2025-05,W-PCP-02,West District 2,West,Primary Care,Commercial,0,0
HCP0187,9999000187,2025-05,W-PCP-01,West District 1,West,Primary Care,Medicare Part D,0,0
HCP0188,9999000188,2025-05,W-PCP-02,West District 2,West,Primary Care,Medicaid,1,1
HCP0189,9999000189,2025-05,W-PCP-01,West District 1,West,Primary Care,Cash,1,1
HCP0191,9999000191,2025-05,W-PCP-01,West District 1,West,Primary Care,Medicare Part D,0,0
HCP0192,9999000192,2025-05,W-PCP-02,West District 2,West,Primary Care,Medicaid,0,0
HCP0193,9999000193,2025-05,W-PCP-01,West District 1,West,Primary Care,Cash,0,0
HCP0194,9999000194,2025-05,W-PCP-02,West District 2,West,Primary Care,Commercial,0,0
HCP0196,9999000196,2025-05,W-PCP-02,West District 2,West,Primary Care,Medicaid,1,1
HCP0197,9999000197,2025-05,W-PCP-01,West District 1,West,Primary Care,Cash,0,0
HCP0198,9999000198,2025-05,W-PCP-02,West District 2,West,Primary Care,Commercial,0,0
HCP0199,9999000199,2025-05,W-PCP-01,West District 1,West,Primary Care,Medicare Part D,0,0
HCP0201,9999000201,2025-05,W-CAR-01,West District 1,West,Cardiology,Cash,1,1
HCP0202,9999000202,2025-05,W-CAR-02,West District 2,West,Cardiology,Commercial,1,1
HCP0203,9999000203,2025-05,W-CAR-01,West District 1,West,Cardiology,Medicare Part D,0,0
HCP0204,9999000204,2025-05,W-CAR-02,West District 2,West,Cardiology,Medicaid,0,0
HCP0206,9999000206,2025-05,W-CAR-02,West District 2,West,Cardiology,Commercial,1,1
HCP0207,9999000207,2025-05,W-CAR-01,West District 1,West,Cardiology,Medicare Part D,1,1
HCP0208,9999000208,2025-05,W-CAR-02,West District 2,West,Cardiology,Medicaid,1,1
HCP0209,9999000209,2025-05,W-CAR-01,West District 1,West,Cardiology,Cash,0,0
HCP0211,9999000211,2025-05,W-CAR-01,West District 1,West,Cardiology,Medicare Part D,0,0
HCP0212,9999000212,2025-05,W-CAR-02,West District 2,West,Cardiology,Medicaid,0,0
HCP0213,9999000213,2025-05,W-CAR-01,West District 1,West,Cardiology,Cash,2,2
HCP0214,9999000214,2025-05,W-CAR-02,West District 2,West,Cardiology,Commercial,1,1
HCP0216,9999000216,2025-05,W-CAR-02,West District 2,West,Cardiology,Medicaid,1,1
HCP0217,9999000217,2025-05,W-CAR-01,West District 1,West,Cardiology,Cash,0,0
HCP0218,9999000218,2025-05,W-CAR-02,West District 2,West,Cardiology,Commercial,3,1
HCP0219,9999000219,2025-05,W-CAR-01,West District 1,West,Cardiology,Medicare Part D,0,0
HCP0221,9999000221,2025-05,W-END-01,West District 1,West,Endocrinology,Cash,1,1
HCP0222,9999000222,2025-05,W-END-02,West District 2,West,Endocrinology,Commercial,1,1
HCP0223,9999000223,2025-05,W-END-01,West District 1,West,Endocrinology,Medicare Part D,0,0
HCP0224,9999000224,2025-05,W-END-02,West District 2,West,Endocrinology,Medicaid,1,1
HCP0226,9999000226,2025-05,W-END-02,West District 2,West,Endocrinology,Commercial,1,1
HCP0227,9999000227,2025-05,W-END-01,West District 1,West,Endocrinology,Medicare Part D,0,0
HCP0228,9999000228,2025-05,W-END-02,West District 2,West,Endocrinology,Medicaid,1,1
HCP0229,9999000229,2025-05,W-END-01,West District 1,West,Endocrinology,Cash,2,1
HCP0231,9999000231,2025-05,W-END-01,West District 1,West,Endocrinology,Medicare Part D,0,0
HCP0232,9999000232,2025-05,W-END-02,West District 2,West,Endocrinology,Medicaid,0,0
HCP0233,9999000233,2025-05,W-END-01,West District 1,West,Endocrinology,Cash,1,1
HCP0234,9999000234,2025-05,W-END-02,West District 2,West,Endocrinology,Commercial,0,0
HCP0236,9999000236,2025-05,W-END-02,West District 2,West,Endocrinology,Medicaid,1,1
HCP0237,9999000237,2025-05,W-END-01,West District 1,West,Endocrinology,Cash,2,1
HCP0238,9999000238,2025-05,W-END-02,West District 2,West,Endocrinology,Commercial,0,0
HCP0239,9999000239,2025-05,W-END-01,West District 1,West,Endocrinology,Medicare Part D,0,0
HCP0001,9999000001,2025-06,N-PCP-01,North District 1,North,Primary Care,Commercial,0,0
HCP0002,9999000002,2025-06,N-PCP-02,North District 2,North,Primary Care,Medicare Part D,0,0
HCP0003,9999000003,2025-06,N-PCP-01,North District 1,North,Primary Care,Medicaid,0,0
HCP0004,9999000004,2025-06,N-PCP-02,North District 2,North,Primary Care,Cash,0,0
HCP0006,9999000006,2025-06,N-PCP-02,North District 2,North,Primary Care,Medicare Part D,1,1
HCP0007,9999000007,2025-06,N-PCP-01,North District 1,North,Primary Care,Medicaid,1,1
HCP0008,9999000008,2025-06,N-PCP-02,North District 2,North,Primary Care,Cash,0,0
HCP0009,9999000009,2025-06,N-PCP-01,North District 1,North,Primary Care,Commercial,0,0
HCP0011,9999000011,2025-06,N-PCP-01,North District 1,North,Primary Care,Medicaid,1,1
HCP0012,9999000012,2025-06,N-PCP-02,North District 2,North,Primary Care,Cash,0,0
HCP0013,9999000013,2025-06,N-PCP-01,North District 1,North,Primary Care,Commercial,1,1
HCP0014,9999000014,2025-06,N-PCP-02,North District 2,North,Primary Care,Medicare Part D,2,2
HCP0016,9999000016,2025-06,N-PCP-02,North District 2,North,Primary Care,Cash,0,0
HCP0017,9999000017,2025-06,N-PCP-01,North District 1,North,Primary Care,Commercial,1,1
HCP0018,9999000018,2025-06,N-PCP-02,North District 2,North,Primary Care,Medicare Part D,0,0
HCP0019,9999000019,2025-06,N-PCP-01,North District 1,North,Primary Care,Medicaid,1,1
HCP0021,9999000021,2025-06,N-CAR-01,North District 1,North,Cardiology,Commercial,1,1
HCP0022,9999000022,2025-06,N-CAR-02,North District 2,North,Cardiology,Medicare Part D,0,0
HCP0023,9999000023,2025-06,N-CAR-01,North District 1,North,Cardiology,Medicaid,1,1
HCP0024,9999000024,2025-06,N-CAR-02,North District 2,North,Cardiology,Cash,0,0
HCP0026,9999000026,2025-06,N-CAR-02,North District 2,North,Cardiology,Medicare Part D,0,0
HCP0027,9999000027,2025-06,N-CAR-01,North District 1,North,Cardiology,Medicaid,1,1
HCP0028,9999000028,2025-06,N-CAR-02,North District 2,North,Cardiology,Cash,0,0
HCP0029,9999000029,2025-06,N-CAR-01,North District 1,North,Cardiology,Commercial,1,1
HCP0031,9999000031,2025-06,N-CAR-01,North District 1,North,Cardiology,Medicaid,2,1
HCP0032,9999000032,2025-06,N-CAR-02,North District 2,North,Cardiology,Cash,0,0
HCP0033,9999000033,2025-06,N-CAR-01,North District 1,North,Cardiology,Commercial,0,0
HCP0034,9999000034,2025-06,N-CAR-02,North District 2,North,Cardiology,Medicare Part D,1,1
HCP0036,9999000036,2025-06,N-CAR-02,North District 2,North,Cardiology,Cash,3,3
HCP0037,9999000037,2025-06,N-CAR-01,North District 1,North,Cardiology,Commercial,2,1
HCP0038,9999000038,2025-06,N-CAR-02,North District 2,North,Cardiology,Medicare Part D,0,0
HCP0039,9999000039,2025-06,N-CAR-01,North District 1,North,Cardiology,Medicaid,0,0
HCP0041,9999000041,2025-06,N-END-01,North District 1,North,Endocrinology,Commercial,3,1
HCP0042,9999000042,2025-06,N-END-02,North District 2,North,Endocrinology,Medicare Part D,0,0
HCP0043,9999000043,2025-06,N-END-01,North District 1,North,Endocrinology,Medicaid,1,1
HCP0044,9999000044,2025-06,N-END-02,North District 2,North,Endocrinology,Cash,1,1
HCP0046,9999000046,2025-06,N-END-02,North District 2,North,Endocrinology,Medicare Part D,0,0
HCP0047,9999000047,2025-06,N-END-01,North District 1,North,Endocrinology,Medicaid,0,0
HCP0048,9999000048,2025-06,N-END-02,North District 2,North,Endocrinology,Cash,3,3
HCP0049,9999000049,2025-06,N-END-01,North District 1,North,Endocrinology,Commercial,1,1
HCP0051,9999000051,2025-06,N-END-01,North District 1,North,Endocrinology,Medicaid,0,0
HCP0052,9999000052,2025-06,N-END-02,North District 2,North,Endocrinology,Cash,1,1
HCP0053,9999000053,2025-06,N-END-01,North District 1,North,Endocrinology,Commercial,0,0
HCP0054,9999000054,2025-06,N-END-02,North District 2,North,Endocrinology,Medicare Part D,0,0
HCP0056,9999000056,2025-06,N-END-02,North District 2,North,Endocrinology,Cash,0,0
HCP0057,9999000057,2025-06,N-END-01,North District 1,North,Endocrinology,Commercial,0,0
HCP0058,9999000058,2025-06,N-END-02,North District 2,North,Endocrinology,Medicare Part D,1,1
HCP0059,9999000059,2025-06,N-END-01,North District 1,North,Endocrinology,Medicaid,1,1
HCP0061,9999000061,2025-06,S-PCP-01,South District 1,South,Primary Care,Medicare Part D,2,1
HCP0062,9999000062,2025-06,S-PCP-02,South District 2,South,Primary Care,Medicaid,1,1
HCP0063,9999000063,2025-06,S-PCP-01,South District 1,South,Primary Care,Cash,1,1
HCP0064,9999000064,2025-06,S-PCP-02,South District 2,South,Primary Care,Commercial,0,0
HCP0066,9999000066,2025-06,S-PCP-02,South District 2,South,Primary Care,Medicaid,1,1
HCP0067,9999000067,2025-06,S-PCP-01,South District 1,South,Primary Care,Cash,0,0
HCP0068,9999000068,2025-06,S-PCP-02,South District 2,South,Primary Care,Commercial,0,0
HCP0069,9999000069,2025-06,S-PCP-01,South District 1,South,Primary Care,Medicare Part D,0,0
HCP0071,9999000071,2025-06,S-PCP-01,South District 1,South,Primary Care,Cash,0,0
HCP0072,9999000072,2025-06,S-PCP-02,South District 2,South,Primary Care,Commercial,0,0
HCP0073,9999000073,2025-06,S-PCP-01,South District 1,South,Primary Care,Medicare Part D,1,1
HCP0074,9999000074,2025-06,S-PCP-02,South District 2,South,Primary Care,Medicaid,0,0
HCP0076,9999000076,2025-06,S-PCP-02,South District 2,South,Primary Care,Commercial,0,0
HCP0077,9999000077,2025-06,S-PCP-01,South District 1,South,Primary Care,Medicare Part D,0,0
HCP0078,9999000078,2025-06,S-PCP-02,South District 2,South,Primary Care,Medicaid,0,0
HCP0079,9999000079,2025-06,S-PCP-01,South District 1,South,Primary Care,Cash,1,1
HCP0081,9999000081,2025-06,S-CAR-01,South District 1,South,Cardiology,Medicare Part D,0,0
HCP0082,9999000082,2025-06,S-CAR-02,South District 2,South,Cardiology,Medicaid,0,0
HCP0083,9999000083,2025-06,S-CAR-01,South District 1,South,Cardiology,Cash,1,1
HCP0084,9999000084,2025-06,S-CAR-02,South District 2,South,Cardiology,Commercial,1,1
HCP0086,9999000086,2025-06,S-CAR-02,South District 2,South,Cardiology,Medicaid,1,1
HCP0087,9999000087,2025-06,S-CAR-01,South District 1,South,Cardiology,Cash,1,1
HCP0088,9999000088,2025-06,S-CAR-02,South District 2,South,Cardiology,Commercial,1,1
HCP0089,9999000089,2025-06,S-CAR-01,South District 1,South,Cardiology,Medicare Part D,1,1
HCP0091,9999000091,2025-06,S-CAR-01,South District 1,South,Cardiology,Cash,1,1
HCP0092,9999000092,2025-06,S-CAR-02,South District 2,South,Cardiology,Commercial,1,1
HCP0093,9999000093,2025-06,S-CAR-01,South District 1,South,Cardiology,Medicare Part D,1,1
HCP0094,9999000094,2025-06,S-CAR-02,South District 2,South,Cardiology,Medicaid,3,2
HCP0096,9999000096,2025-06,S-CAR-02,South District 2,South,Cardiology,Commercial,1,1
HCP0097,9999000097,2025-06,S-CAR-01,South District 1,South,Cardiology,Medicare Part D,0,0
HCP0098,9999000098,2025-06,S-CAR-02,South District 2,South,Cardiology,Medicaid,1,1
HCP0099,9999000099,2025-06,S-CAR-01,South District 1,South,Cardiology,Cash,0,0
HCP0101,9999000101,2025-06,S-END-01,South District 1,South,Endocrinology,Medicare Part D,0,0
HCP0102,9999000102,2025-06,S-END-02,South District 2,South,Endocrinology,Medicaid,1,1
HCP0103,9999000103,2025-06,S-END-01,South District 1,South,Endocrinology,Cash,0,0
HCP0104,9999000104,2025-06,S-END-02,South District 2,South,Endocrinology,Commercial,1,1
HCP0106,9999000106,2025-06,S-END-02,South District 2,South,Endocrinology,Medicaid,2,2
HCP0107,9999000107,2025-06,S-END-01,South District 1,South,Endocrinology,Cash,0,0
HCP0108,9999000108,2025-06,S-END-02,South District 2,South,Endocrinology,Commercial,1,1
HCP0109,9999000109,2025-06,S-END-01,South District 1,South,Endocrinology,Medicare Part D,0,0
HCP0111,9999000111,2025-06,S-END-01,South District 1,South,Endocrinology,Cash,0,0
HCP0112,9999000112,2025-06,S-END-02,South District 2,South,Endocrinology,Commercial,1,1
HCP0113,9999000113,2025-06,S-END-01,South District 1,South,Endocrinology,Medicare Part D,0,0
HCP0114,9999000114,2025-06,S-END-02,South District 2,South,Endocrinology,Medicaid,2,2
HCP0116,9999000116,2025-06,S-END-02,South District 2,South,Endocrinology,Commercial,0,0
HCP0117,9999000117,2025-06,S-END-01,South District 1,South,Endocrinology,Medicare Part D,0,0
HCP0118,9999000118,2025-06,S-END-02,South District 2,South,Endocrinology,Medicaid,0,0
HCP0119,9999000119,2025-06,S-END-01,South District 1,South,Endocrinology,Cash,1,1
HCP0121,9999000121,2025-06,E-PCP-01,East District 1,East,Primary Care,Medicaid,0,0
HCP0122,9999000122,2025-06,E-PCP-02,East District 2,East,Primary Care,Cash,2,2
HCP0123,9999000123,2025-06,E-PCP-01,East District 1,East,Primary Care,Commercial,1,1
HCP0124,9999000124,2025-06,E-PCP-02,East District 2,East,Primary Care,Medicare Part D,0,0
HCP0126,9999000126,2025-06,E-PCP-02,East District 2,East,Primary Care,Cash,1,1
HCP0127,9999000127,2025-06,E-PCP-01,East District 1,East,Primary Care,Commercial,1,1
HCP0128,9999000128,2025-06,E-PCP-02,East District 2,East,Primary Care,Medicare Part D,0,0
HCP0129,9999000129,2025-06,E-PCP-01,East District 1,East,Primary Care,Medicaid,0,0
HCP0131,9999000131,2025-06,E-PCP-01,East District 1,East,Primary Care,Commercial,3,2
HCP0132,9999000132,2025-06,E-PCP-02,East District 2,East,Primary Care,Medicare Part D,1,1
HCP0133,9999000133,2025-06,E-PCP-01,East District 1,East,Primary Care,Medicaid,0,0
HCP0134,9999000134,2025-06,E-PCP-02,East District 2,East,Primary Care,Cash,0,0
HCP0136,9999000136,2025-06,E-PCP-02,East District 2,East,Primary Care,Medicare Part D,1,1
HCP0137,9999000137,2025-06,E-PCP-01,East District 1,East,Primary Care,Medicaid,0,0
HCP0138,9999000138,2025-06,E-PCP-02,East District 2,East,Primary Care,Cash,1,1
HCP0139,9999000139,2025-06,E-PCP-01,East District 1,East,Primary Care,Commercial,1,1
HCP0141,9999000141,2025-06,E-CAR-01,East District 1,East,Cardiology,Medicaid,2,1
HCP0142,9999000142,2025-06,E-CAR-02,East District 2,East,Cardiology,Cash,1,1
HCP0143,9999000143,2025-06,E-CAR-01,East District 1,East,Cardiology,Commercial,1,1
HCP0144,9999000144,2025-06,E-CAR-02,East District 2,East,Cardiology,Medicare Part D,2,2
HCP0146,9999000146,2025-06,E-CAR-02,East District 2,East,Cardiology,Cash,1,1
HCP0147,9999000147,2025-06,E-CAR-01,East District 1,East,Cardiology,Commercial,1,1
HCP0148,9999000148,2025-06,E-CAR-02,East District 2,East,Cardiology,Medicare Part D,4,4
HCP0149,9999000149,2025-06,E-CAR-01,East District 1,East,Cardiology,Medicaid,2,2
HCP0151,9999000151,2025-06,E-CAR-01,East District 1,East,Cardiology,Commercial,4,1
HCP0152,9999000152,2025-06,E-CAR-02,East District 2,East,Cardiology,Medicare Part D,0,0
HCP0153,9999000153,2025-06,E-CAR-01,East District 1,East,Cardiology,Medicaid,1,1
HCP0154,9999000154,2025-06,E-CAR-02,East District 2,East,Cardiology,Cash,2,1
HCP0156,9999000156,2025-06,E-CAR-02,East District 2,East,Cardiology,Medicare Part D,0,0
HCP0157,9999000157,2025-06,E-CAR-01,East District 1,East,Cardiology,Medicaid,1,1
HCP0158,9999000158,2025-06,E-CAR-02,East District 2,East,Cardiology,Cash,0,0
HCP0159,9999000159,2025-06,E-CAR-01,East District 1,East,Cardiology,Commercial,1,1
HCP0161,9999000161,2025-06,E-END-01,East District 1,East,Endocrinology,Medicaid,2,2
HCP0162,9999000162,2025-06,E-END-02,East District 2,East,Endocrinology,Cash,0,0
HCP0163,9999000163,2025-06,E-END-01,East District 1,East,Endocrinology,Commercial,1,1
HCP0164,9999000164,2025-06,E-END-02,East District 2,East,Endocrinology,Medicare Part D,1,1
HCP0166,9999000166,2025-06,E-END-02,East District 2,East,Endocrinology,Cash,1,1
HCP0167,9999000167,2025-06,E-END-01,East District 1,East,Endocrinology,Commercial,1,1
HCP0168,9999000168,2025-06,E-END-02,East District 2,East,Endocrinology,Medicare Part D,1,1
HCP0169,9999000169,2025-06,E-END-01,East District 1,East,Endocrinology,Medicaid,1,1
HCP0171,9999000171,2025-06,E-END-01,East District 1,East,Endocrinology,Commercial,0,0
HCP0172,9999000172,2025-06,E-END-02,East District 2,East,Endocrinology,Medicare Part D,0,0
HCP0173,9999000173,2025-06,E-END-01,East District 1,East,Endocrinology,Medicaid,2,1
HCP0174,9999000174,2025-06,E-END-02,East District 2,East,Endocrinology,Cash,2,1
HCP0176,9999000176,2025-06,E-END-02,East District 2,East,Endocrinology,Medicare Part D,0,0
HCP0177,9999000177,2025-06,E-END-01,East District 1,East,Endocrinology,Medicaid,0,0
HCP0178,9999000178,2025-06,E-END-02,East District 2,East,Endocrinology,Cash,1,1
HCP0179,9999000179,2025-06,E-END-01,East District 1,East,Endocrinology,Commercial,1,1
HCP0181,9999000181,2025-06,W-PCP-01,West District 1,West,Primary Care,Cash,1,1
HCP0182,9999000182,2025-06,W-PCP-02,West District 2,West,Primary Care,Commercial,2,1
HCP0183,9999000183,2025-06,W-PCP-01,West District 1,West,Primary Care,Medicare Part D,0,0
HCP0184,9999000184,2025-06,W-PCP-02,West District 2,West,Primary Care,Medicaid,0,0
HCP0186,9999000186,2025-06,W-PCP-02,West District 2,West,Primary Care,Commercial,0,0
HCP0187,9999000187,2025-06,W-PCP-01,West District 1,West,Primary Care,Medicare Part D,0,0
HCP0188,9999000188,2025-06,W-PCP-02,West District 2,West,Primary Care,Medicaid,1,1
HCP0189,9999000189,2025-06,W-PCP-01,West District 1,West,Primary Care,Cash,2,2
HCP0191,9999000191,2025-06,W-PCP-01,West District 1,West,Primary Care,Medicare Part D,0,0
HCP0192,9999000192,2025-06,W-PCP-02,West District 2,West,Primary Care,Medicaid,1,1
HCP0193,9999000193,2025-06,W-PCP-01,West District 1,West,Primary Care,Cash,0,0
HCP0194,9999000194,2025-06,W-PCP-02,West District 2,West,Primary Care,Commercial,2,2
HCP0196,9999000196,2025-06,W-PCP-02,West District 2,West,Primary Care,Medicaid,0,0
HCP0197,9999000197,2025-06,W-PCP-01,West District 1,West,Primary Care,Cash,1,1
HCP0198,9999000198,2025-06,W-PCP-02,West District 2,West,Primary Care,Commercial,0,0
HCP0199,9999000199,2025-06,W-PCP-01,West District 1,West,Primary Care,Medicare Part D,1,1
HCP0201,9999000201,2025-06,W-CAR-01,West District 1,West,Cardiology,Cash,0,0
HCP0202,9999000202,2025-06,W-CAR-02,West District 2,West,Cardiology,Commercial,2,1
HCP0203,9999000203,2025-06,W-CAR-01,West District 1,West,Cardiology,Medicare Part D,2,1
HCP0204,9999000204,2025-06,W-CAR-02,West District 2,West,Cardiology,Medicaid,0,0
HCP0206,9999000206,2025-06,W-CAR-02,West District 2,West,Cardiology,Commercial,2,1
HCP0207,9999000207,2025-06,W-CAR-01,West District 1,West,Cardiology,Medicare Part D,0,0
HCP0208,9999000208,2025-06,W-CAR-02,West District 2,West,Cardiology,Medicaid,1,1
HCP0209,9999000209,2025-06,W-CAR-01,West District 1,West,Cardiology,Cash,0,0
HCP0211,9999000211,2025-06,W-CAR-01,West District 1,West,Cardiology,Medicare Part D,1,1
HCP0212,9999000212,2025-06,W-CAR-02,West District 2,West,Cardiology,Medicaid,1,1
HCP0213,9999000213,2025-06,W-CAR-01,West District 1,West,Cardiology,Cash,0,0
HCP0214,9999000214,2025-06,W-CAR-02,West District 2,West,Cardiology,Commercial,3,2
HCP0216,9999000216,2025-06,W-CAR-02,West District 2,West,Cardiology,Medicaid,0,0
HCP0217,9999000217,2025-06,W-CAR-01,West District 1,West,Cardiology,Cash,0,0
HCP0218,9999000218,2025-06,W-CAR-02,West District 2,West,Cardiology,Commercial,2,1
HCP0219,9999000219,2025-06,W-CAR-01,West District 1,West,Cardiology,Medicare Part D,1,1
HCP0221,9999000221,2025-06,W-END-01,West District 1,West,Endocrinology,Cash,2,1
HCP0222,9999000222,2025-06,W-END-02,West District 2,West,Endocrinology,Commercial,0,0
HCP0223,9999000223,2025-06,W-END-01,West District 1,West,Endocrinology,Medicare Part D,0,0
HCP0224,9999000224,2025-06,W-END-02,West District 2,West,Endocrinology,Medicaid,2,2
HCP0226,9999000226,2025-06,W-END-02,West District 2,West,Endocrinology,Commercial,0,0
HCP0227,9999000227,2025-06,W-END-01,West District 1,West,Endocrinology,Medicare Part D,0,0
HCP0228,9999000228,2025-06,W-END-02,West District 2,West,Endocrinology,Medicaid,0,0
HCP0229,9999000229,2025-06,W-END-01,West District 1,West,Endocrinology,Cash,2,2
HCP0231,9999000231,2025-06,W-END-01,West District 1,West,Endocrinology,Medicare Part D,1,1
HCP0232,9999000232,2025-06,W-END-02,West District 2,West,Endocrinology,Medicaid,0,0
HCP0233,9999000233,2025-06,W-END-01,West District 1,West,Endocrinology,Cash,2,1
HCP0234,9999000234,2025-06,W-END-02,West District 2,West,Endocrinology,Commercial,0,0
HCP0236,9999000236,2025-06,W-END-02,West District 2,West,Endocrinology,Medicaid,0,0
HCP0237,9999000237,2025-06,W-END-01,West District 1,West,Endocrinology,Cash,2,2
HCP0238,9999000238,2025-06,W-END-02,West District 2,West,Endocrinology,Commercial,0,0
HCP0239,9999000239,2025-06,W-END-01,West District 1,West,Endocrinology,Medicare Part D,1,1
HCP0001,9999000001,2025-07,N-PCP-01,North District 1,North,Primary Care,Commercial,1,1
HCP0002,9999000002,2025-07,N-PCP-02,North District 2,North,Primary Care,Medicare Part D,0,0
HCP0003,9999000003,2025-07,N-PCP-01,North District 1,North,Primary Care,Medicaid,0,0
HCP0004,9999000004,2025-07,N-PCP-02,North District 2,North,Primary Care,Cash,0,0
HCP0006,9999000006,2025-07,N-PCP-02,North District 2,North,Primary Care,Medicare Part D,0,0
HCP0007,9999000007,2025-07,N-PCP-01,North District 1,North,Primary Care,Medicaid,0,0
HCP0008,9999000008,2025-07,N-PCP-02,North District 2,North,Primary Care,Cash,1,1
HCP0009,9999000009,2025-07,N-PCP-01,North District 1,North,Primary Care,Commercial,0,0
HCP0011,9999000011,2025-07,N-PCP-01,North District 1,North,Primary Care,Medicaid,0,0
HCP0012,9999000012,2025-07,N-PCP-02,North District 2,North,Primary Care,Cash,0,0
HCP0013,9999000013,2025-07,N-PCP-01,North District 1,North,Primary Care,Commercial,2,1
HCP0014,9999000014,2025-07,N-PCP-02,North District 2,North,Primary Care,Medicare Part D,0,0
HCP0016,9999000016,2025-07,N-PCP-02,North District 2,North,Primary Care,Cash,2,2
HCP0017,9999000017,2025-07,N-PCP-01,North District 1,North,Primary Care,Commercial,4,1
HCP0018,9999000018,2025-07,N-PCP-02,North District 2,North,Primary Care,Medicare Part D,0,0
HCP0019,9999000019,2025-07,N-PCP-01,North District 1,North,Primary Care,Medicaid,3,1
HCP0021,9999000021,2025-07,N-CAR-01,North District 1,North,Cardiology,Commercial,0,0
HCP0022,9999000022,2025-07,N-CAR-02,North District 2,North,Cardiology,Medicare Part D,0,0
HCP0023,9999000023,2025-07,N-CAR-01,North District 1,North,Cardiology,Medicaid,1,1
HCP0024,9999000024,2025-07,N-CAR-02,North District 2,North,Cardiology,Cash,0,0
HCP0026,9999000026,2025-07,N-CAR-02,North District 2,North,Cardiology,Medicare Part D,0,0
HCP0027,9999000027,2025-07,N-CAR-01,North District 1,North,Cardiology,Medicaid,0,0
HCP0028,9999000028,2025-07,N-CAR-02,North District 2,North,Cardiology,Cash,1,1
HCP0029,9999000029,2025-07,N-CAR-01,North District 1,North,Cardiology,Commercial,0,0
HCP0031,9999000031,2025-07,N-CAR-01,North District 1,North,Cardiology,Medicaid,0,0
HCP0032,9999000032,2025-07,N-CAR-02,North District 2,North,Cardiology,Cash,0,0
HCP0033,9999000033,2025-07,N-CAR-01,North District 1,North,Cardiology,Commercial,0,0
HCP0034,9999000034,2025-07,N-CAR-02,North District 2,North,Cardiology,Medicare Part D,0,0
HCP0036,9999000036,2025-07,N-CAR-02,North District 2,North,Cardiology,Cash,1,1
HCP0037,9999000037,2025-07,N-CAR-01,North District 1,North,Cardiology,Commercial,1,1
HCP0038,9999000038,2025-07,N-CAR-02,North District 2,North,Cardiology,Medicare Part D,1,1
HCP0039,9999000039,2025-07,N-CAR-01,North District 1,North,Cardiology,Medicaid,1,1
HCP0041,9999000041,2025-07,N-END-01,North District 1,North,Endocrinology,Commercial,0,0
HCP0042,9999000042,2025-07,N-END-02,North District 2,North,Endocrinology,Medicare Part D,2,2
HCP0043,9999000043,2025-07,N-END-01,North District 1,North,Endocrinology,Medicaid,1,1
HCP0044,9999000044,2025-07,N-END-02,North District 2,North,Endocrinology,Cash,0,0
HCP0046,9999000046,2025-07,N-END-02,North District 2,North,Endocrinology,Medicare Part D,1,1
HCP0047,9999000047,2025-07,N-END-01,North District 1,North,Endocrinology,Medicaid,1,1
HCP0048,9999000048,2025-07,N-END-02,North District 2,North,Endocrinology,Cash,0,0
HCP0049,9999000049,2025-07,N-END-01,North District 1,North,Endocrinology,Commercial,1,1
HCP0051,9999000051,2025-07,N-END-01,North District 1,North,Endocrinology,Medicaid,1,1
HCP0052,9999000052,2025-07,N-END-02,North District 2,North,Endocrinology,Cash,1,1
HCP0053,9999000053,2025-07,N-END-01,North District 1,North,Endocrinology,Commercial,0,0
HCP0054,9999000054,2025-07,N-END-02,North District 2,North,Endocrinology,Medicare Part D,0,0
HCP0056,9999000056,2025-07,N-END-02,North District 2,North,Endocrinology,Cash,1,1
HCP0057,9999000057,2025-07,N-END-01,North District 1,North,Endocrinology,Commercial,1,1
HCP0058,9999000058,2025-07,N-END-02,North District 2,North,Endocrinology,Medicare Part D,1,1
HCP0059,9999000059,2025-07,N-END-01,North District 1,North,Endocrinology,Medicaid,1,1
HCP0061,9999000061,2025-07,S-PCP-01,South District 1,South,Primary Care,Medicare Part D,2,2
HCP0062,9999000062,2025-07,S-PCP-02,South District 2,South,Primary Care,Medicaid,1,1
HCP0063,9999000063,2025-07,S-PCP-01,South District 1,South,Primary Care,Cash,1,1
HCP0064,9999000064,2025-07,S-PCP-02,South District 2,South,Primary Care,Commercial,0,0
HCP0066,9999000066,2025-07,S-PCP-02,South District 2,South,Primary Care,Medicaid,1,1
HCP0067,9999000067,2025-07,S-PCP-01,South District 1,South,Primary Care,Cash,1,1
HCP0068,9999000068,2025-07,S-PCP-02,South District 2,South,Primary Care,Commercial,1,1
HCP0069,9999000069,2025-07,S-PCP-01,South District 1,South,Primary Care,Medicare Part D,1,1
HCP0071,9999000071,2025-07,S-PCP-01,South District 1,South,Primary Care,Cash,1,1
HCP0072,9999000072,2025-07,S-PCP-02,South District 2,South,Primary Care,Commercial,1,1
HCP0073,9999000073,2025-07,S-PCP-01,South District 1,South,Primary Care,Medicare Part D,0,0
HCP0074,9999000074,2025-07,S-PCP-02,South District 2,South,Primary Care,Medicaid,0,0
HCP0076,9999000076,2025-07,S-PCP-02,South District 2,South,Primary Care,Commercial,0,0
HCP0077,9999000077,2025-07,S-PCP-01,South District 1,South,Primary Care,Medicare Part D,2,2
HCP0078,9999000078,2025-07,S-PCP-02,South District 2,South,Primary Care,Medicaid,0,0
HCP0079,9999000079,2025-07,S-PCP-01,South District 1,South,Primary Care,Cash,0,0
HCP0081,9999000081,2025-07,S-CAR-01,South District 1,South,Cardiology,Medicare Part D,1,1
HCP0082,9999000082,2025-07,S-CAR-02,South District 2,South,Cardiology,Medicaid,2,2
HCP0083,9999000083,2025-07,S-CAR-01,South District 1,South,Cardiology,Cash,0,0
HCP0084,9999000084,2025-07,S-CAR-02,South District 2,South,Cardiology,Commercial,1,1
HCP0086,9999000086,2025-07,S-CAR-02,South District 2,South,Cardiology,Medicaid,0,0
HCP0087,9999000087,2025-07,S-CAR-01,South District 1,South,Cardiology,Cash,2,2
HCP0088,9999000088,2025-07,S-CAR-02,South District 2,South,Cardiology,Commercial,1,1
HCP0089,9999000089,2025-07,S-CAR-01,South District 1,South,Cardiology,Medicare Part D,0,0
HCP0091,9999000091,2025-07,S-CAR-01,South District 1,South,Cardiology,Cash,2,2
HCP0092,9999000092,2025-07,S-CAR-02,South District 2,South,Cardiology,Commercial,2,1
HCP0093,9999000093,2025-07,S-CAR-01,South District 1,South,Cardiology,Medicare Part D,1,1
HCP0094,9999000094,2025-07,S-CAR-02,South District 2,South,Cardiology,Medicaid,1,1
HCP0096,9999000096,2025-07,S-CAR-02,South District 2,South,Cardiology,Commercial,0,0
HCP0097,9999000097,2025-07,S-CAR-01,South District 1,South,Cardiology,Medicare Part D,0,0
HCP0098,9999000098,2025-07,S-CAR-02,South District 2,South,Cardiology,Medicaid,0,0
HCP0099,9999000099,2025-07,S-CAR-01,South District 1,South,Cardiology,Cash,2,2
HCP0101,9999000101,2025-07,S-END-01,South District 1,South,Endocrinology,Medicare Part D,0,0
HCP0102,9999000102,2025-07,S-END-02,South District 2,South,Endocrinology,Medicaid,0,0
HCP0103,9999000103,2025-07,S-END-01,South District 1,South,Endocrinology,Cash,0,0
HCP0104,9999000104,2025-07,S-END-02,South District 2,South,Endocrinology,Commercial,1,1
HCP0106,9999000106,2025-07,S-END-02,South District 2,South,Endocrinology,Medicaid,0,0
HCP0107,9999000107,2025-07,S-END-01,South District 1,South,Endocrinology,Cash,0,0
HCP0108,9999000108,2025-07,S-END-02,South District 2,South,Endocrinology,Commercial,0,0
HCP0109,9999000109,2025-07,S-END-01,South District 1,South,Endocrinology,Medicare Part D,0,0
HCP0111,9999000111,2025-07,S-END-01,South District 1,South,Endocrinology,Cash,1,1
HCP0112,9999000112,2025-07,S-END-02,South District 2,South,Endocrinology,Commercial,0,0
HCP0113,9999000113,2025-07,S-END-01,South District 1,South,Endocrinology,Medicare Part D,1,1
HCP0114,9999000114,2025-07,S-END-02,South District 2,South,Endocrinology,Medicaid,0,0
HCP0116,9999000116,2025-07,S-END-02,South District 2,South,Endocrinology,Commercial,0,0
HCP0117,9999000117,2025-07,S-END-01,South District 1,South,Endocrinology,Medicare Part D,1,1
HCP0118,9999000118,2025-07,S-END-02,South District 2,South,Endocrinology,Medicaid,1,1
HCP0119,9999000119,2025-07,S-END-01,South District 1,South,Endocrinology,Cash,1,1
HCP0121,9999000121,2025-07,E-PCP-01,East District 1,East,Primary Care,Medicaid,0,0
HCP0122,9999000122,2025-07,E-PCP-02,East District 2,East,Primary Care,Cash,0,0
HCP0123,9999000123,2025-07,E-PCP-01,East District 1,East,Primary Care,Commercial,0,0
HCP0124,9999000124,2025-07,E-PCP-02,East District 2,East,Primary Care,Medicare Part D,1,1
HCP0126,9999000126,2025-07,E-PCP-02,East District 2,East,Primary Care,Cash,1,1
HCP0127,9999000127,2025-07,E-PCP-01,East District 1,East,Primary Care,Commercial,2,2
HCP0128,9999000128,2025-07,E-PCP-02,East District 2,East,Primary Care,Medicare Part D,2,2
HCP0129,9999000129,2025-07,E-PCP-01,East District 1,East,Primary Care,Medicaid,0,0
HCP0131,9999000131,2025-07,E-PCP-01,East District 1,East,Primary Care,Commercial,0,0
HCP0132,9999000132,2025-07,E-PCP-02,East District 2,East,Primary Care,Medicare Part D,1,1
HCP0133,9999000133,2025-07,E-PCP-01,East District 1,East,Primary Care,Medicaid,0,0
HCP0134,9999000134,2025-07,E-PCP-02,East District 2,East,Primary Care,Cash,1,1
HCP0136,9999000136,2025-07,E-PCP-02,East District 2,East,Primary Care,Medicare Part D,0,0
HCP0137,9999000137,2025-07,E-PCP-01,East District 1,East,Primary Care,Medicaid,1,1
HCP0138,9999000138,2025-07,E-PCP-02,East District 2,East,Primary Care,Cash,0,0
HCP0139,9999000139,2025-07,E-PCP-01,East District 1,East,Primary Care,Commercial,0,0
HCP0141,9999000141,2025-07,E-CAR-01,East District 1,East,Cardiology,Medicaid,1,1
HCP0142,9999000142,2025-07,E-CAR-02,East District 2,East,Cardiology,Cash,0,0
HCP0143,9999000143,2025-07,E-CAR-01,East District 1,East,Cardiology,Commercial,2,1
HCP0144,9999000144,2025-07,E-CAR-02,East District 2,East,Cardiology,Medicare Part D,0,0
HCP0146,9999000146,2025-07,E-CAR-02,East District 2,East,Cardiology,Cash,1,1
HCP0147,9999000147,2025-07,E-CAR-01,East District 1,East,Cardiology,Commercial,0,0
HCP0148,9999000148,2025-07,E-CAR-02,East District 2,East,Cardiology,Medicare Part D,1,1
HCP0149,9999000149,2025-07,E-CAR-01,East District 1,East,Cardiology,Medicaid,1,1
HCP0151,9999000151,2025-07,E-CAR-01,East District 1,East,Cardiology,Commercial,0,0
HCP0152,9999000152,2025-07,E-CAR-02,East District 2,East,Cardiology,Medicare Part D,0,0
HCP0153,9999000153,2025-07,E-CAR-01,East District 1,East,Cardiology,Medicaid,0,0
HCP0154,9999000154,2025-07,E-CAR-02,East District 2,East,Cardiology,Cash,2,1
HCP0156,9999000156,2025-07,E-CAR-02,East District 2,East,Cardiology,Medicare Part D,1,1
HCP0157,9999000157,2025-07,E-CAR-01,East District 1,East,Cardiology,Medicaid,2,1
HCP0158,9999000158,2025-07,E-CAR-02,East District 2,East,Cardiology,Cash,0,0
HCP0159,9999000159,2025-07,E-CAR-01,East District 1,East,Cardiology,Commercial,0,0
HCP0161,9999000161,2025-07,E-END-01,East District 1,East,Endocrinology,Medicaid,1,1
HCP0162,9999000162,2025-07,E-END-02,East District 2,East,Endocrinology,Cash,0,0
HCP0163,9999000163,2025-07,E-END-01,East District 1,East,Endocrinology,Commercial,1,1
HCP0164,9999000164,2025-07,E-END-02,East District 2,East,Endocrinology,Medicare Part D,0,0
HCP0166,9999000166,2025-07,E-END-02,East District 2,East,Endocrinology,Cash,1,1
HCP0167,9999000167,2025-07,E-END-01,East District 1,East,Endocrinology,Commercial,0,0
HCP0168,9999000168,2025-07,E-END-02,East District 2,East,Endocrinology,Medicare Part D,0,0
HCP0169,9999000169,2025-07,E-END-01,East District 1,East,Endocrinology,Medicaid,1,1
HCP0171,9999000171,2025-07,E-END-01,East District 1,East,Endocrinology,Commercial,1,1
HCP0172,9999000172,2025-07,E-END-02,East District 2,East,Endocrinology,Medicare Part D,0,0
HCP0173,9999000173,2025-07,E-END-01,East District 1,East,Endocrinology,Medicaid,2,2
HCP0174,9999000174,2025-07,E-END-02,East District 2,East,Endocrinology,Cash,1,1
HCP0176,9999000176,2025-07,E-END-02,East District 2,East,Endocrinology,Medicare Part D,3,2
HCP0177,9999000177,2025-07,E-END-01,East District 1,East,Endocrinology,Medicaid,1,1
HCP0178,9999000178,2025-07,E-END-02,East District 2,East,Endocrinology,Cash,1,1
HCP0179,9999000179,2025-07,E-END-01,East District 1,East,Endocrinology,Commercial,0,0
HCP0181,9999000181,2025-07,W-PCP-01,West District 1,West,Primary Care,Cash,1,1
HCP0182,9999000182,2025-07,W-PCP-02,West District 2,West,Primary Care,Commercial,1,1
HCP0183,9999000183,2025-07,W-PCP-01,West District 1,West,Primary Care,Medicare Part D,0,0
HCP0184,9999000184,2025-07,W-PCP-02,West District 2,West,Primary Care,Medicaid,1,1
HCP0186,9999000186,2025-07,W-PCP-02,West District 2,West,Primary Care,Commercial,0,0
HCP0187,9999000187,2025-07,W-PCP-01,West District 1,West,Primary Care,Medicare Part D,0,0
HCP0188,9999000188,2025-07,W-PCP-02,West District 2,West,Primary Care,Medicaid,0,0
HCP0189,9999000189,2025-07,W-PCP-01,West District 1,West,Primary Care,Cash,3,2
HCP0191,9999000191,2025-07,W-PCP-01,West District 1,West,Primary Care,Medicare Part D,0,0
HCP0192,9999000192,2025-07,W-PCP-02,West District 2,West,Primary Care,Medicaid,0,0
HCP0193,9999000193,2025-07,W-PCP-01,West District 1,West,Primary Care,Cash,1,1
HCP0194,9999000194,2025-07,W-PCP-02,West District 2,West,Primary Care,Commercial,0,0
HCP0196,9999000196,2025-07,W-PCP-02,West District 2,West,Primary Care,Medicaid,0,0
HCP0197,9999000197,2025-07,W-PCP-01,West District 1,West,Primary Care,Cash,0,0
HCP0198,9999000198,2025-07,W-PCP-02,West District 2,West,Primary Care,Commercial,1,1
HCP0199,9999000199,2025-07,W-PCP-01,West District 1,West,Primary Care,Medicare Part D,1,1
HCP0201,9999000201,2025-07,W-CAR-01,West District 1,West,Cardiology,Cash,0,0
HCP0202,9999000202,2025-07,W-CAR-02,West District 2,West,Cardiology,Commercial,3,2
HCP0203,9999000203,2025-07,W-CAR-01,West District 1,West,Cardiology,Medicare Part D,2,1
HCP0204,9999000204,2025-07,W-CAR-02,West District 2,West,Cardiology,Medicaid,0,0
HCP0206,9999000206,2025-07,W-CAR-02,West District 2,West,Cardiology,Commercial,0,0
HCP0207,9999000207,2025-07,W-CAR-01,West District 1,West,Cardiology,Medicare Part D,0,0
HCP0208,9999000208,2025-07,W-CAR-02,West District 2,West,Cardiology,Medicaid,0,0
HCP0209,9999000209,2025-07,W-CAR-01,West District 1,West,Cardiology,Cash,0,0
HCP0211,9999000211,2025-07,W-CAR-01,West District 1,West,Cardiology,Medicare Part D,2,2
HCP0212,9999000212,2025-07,W-CAR-02,West District 2,West,Cardiology,Medicaid,1,1
HCP0213,9999000213,2025-07,W-CAR-01,West District 1,West,Cardiology,Cash,2,1
HCP0214,9999000214,2025-07,W-CAR-02,West District 2,West,Cardiology,Commercial,2,2
HCP0216,9999000216,2025-07,W-CAR-02,West District 2,West,Cardiology,Medicaid,0,0
HCP0217,9999000217,2025-07,W-CAR-01,West District 1,West,Cardiology,Cash,1,1
HCP0218,9999000218,2025-07,W-CAR-02,West District 2,West,Cardiology,Commercial,4,3
HCP0219,9999000219,2025-07,W-CAR-01,West District 1,West,Cardiology,Medicare Part D,1,1
HCP0221,9999000221,2025-07,W-END-01,West District 1,West,Endocrinology,Cash,1,1
HCP0222,9999000222,2025-07,W-END-02,West District 2,West,Endocrinology,Commercial,2,1
HCP0223,9999000223,2025-07,W-END-01,West District 1,West,Endocrinology,Medicare Part D,1,1
HCP0224,9999000224,2025-07,W-END-02,West District 2,West,Endocrinology,Medicaid,1,1
HCP0226,9999000226,2025-07,W-END-02,West District 2,West,Endocrinology,Commercial,1,1
HCP0227,9999000227,2025-07,W-END-01,West District 1,West,Endocrinology,Medicare Part D,1,1
HCP0228,9999000228,2025-07,W-END-02,West District 2,West,Endocrinology,Medicaid,1,1
HCP0229,9999000229,2025-07,W-END-01,West District 1,West,Endocrinology,Cash,0,0
HCP0231,9999000231,2025-07,W-END-01,West District 1,West,Endocrinology,Medicare Part D,1,1
HCP0232,9999000232,2025-07,W-END-02,West District 2,West,Endocrinology,Medicaid,0,0
HCP0233,9999000233,2025-07,W-END-01,West District 1,West,Endocrinology,Cash,0,0
HCP0234,9999000234,2025-07,W-END-02,West District 2,West,Endocrinology,Commercial,1,1
HCP0236,9999000236,2025-07,W-END-02,West District 2,West,Endocrinology,Medicaid,0,0
HCP0237,9999000237,2025-07,W-END-01,West District 1,West,Endocrinology,Cash,1,1
HCP0238,9999000238,2025-07,W-END-02,West District 2,West,Endocrinology,Commercial,0,0
HCP0239,9999000239,2025-07,W-END-01,West District 1,West,Endocrinology,Medicare Part D,0,0
HCP0001,9999000001,2025-08,N-PCP-01,North District 1,North,Primary Care,Commercial,0,0
HCP0002,9999000002,2025-08,N-PCP-02,North District 2,North,Primary Care,Medicare Part D,0,0
HCP0003,9999000003,2025-08,N-PCP-01,North District 1,North,Primary Care,Medicaid,0,0
HCP0004,9999000004,2025-08,N-PCP-02,North District 2,North,Primary Care,Cash,1,1
HCP0006,9999000006,2025-08,N-PCP-02,North District 2,North,Primary Care,Medicare Part D,2,2
HCP0007,9999000007,2025-08,N-PCP-01,North District 1,North,Primary Care,Medicaid,0,0
HCP0008,9999000008,2025-08,N-PCP-02,North District 2,North,Primary Care,Cash,0,0
HCP0009,9999000009,2025-08,N-PCP-01,North District 1,North,Primary Care,Commercial,3,3
HCP0011,9999000011,2025-08,N-PCP-01,North District 1,North,Primary Care,Medicaid,2,2
HCP0012,9999000012,2025-08,N-PCP-02,North District 2,North,Primary Care,Cash,0,0
HCP0013,9999000013,2025-08,N-PCP-01,North District 1,North,Primary Care,Commercial,0,0
HCP0014,9999000014,2025-08,N-PCP-02,North District 2,North,Primary Care,Medicare Part D,0,0
HCP0016,9999000016,2025-08,N-PCP-02,North District 2,North,Primary Care,Cash,0,0
HCP0017,9999000017,2025-08,N-PCP-01,North District 1,North,Primary Care,Commercial,0,0
HCP0018,9999000018,2025-08,N-PCP-02,North District 2,North,Primary Care,Medicare Part D,0,0
HCP0019,9999000019,2025-08,N-PCP-01,North District 1,North,Primary Care,Medicaid,2,1
HCP0021,9999000021,2025-08,N-CAR-01,North District 1,North,Cardiology,Commercial,0,0
HCP0022,9999000022,2025-08,N-CAR-02,North District 2,North,Cardiology,Medicare Part D,2,1
HCP0023,9999000023,2025-08,N-CAR-01,North District 1,North,Cardiology,Medicaid,1,1
HCP0024,9999000024,2025-08,N-CAR-02,North District 2,North,Cardiology,Cash,2,1
HCP0026,9999000026,2025-08,N-CAR-02,North District 2,North,Cardiology,Medicare Part D,0,0
HCP0027,9999000027,2025-08,N-CAR-01,North District 1,North,Cardiology,Medicaid,0,0
HCP0028,9999000028,2025-08,N-CAR-02,North District 2,North,Cardiology,Cash,0,0
HCP0029,9999000029,2025-08,N-CAR-01,North District 1,North,Cardiology,Commercial,0,0
HCP0031,9999000031,2025-08,N-CAR-01,North District 1,North,Cardiology,Medicaid,2,2
HCP0032,9999000032,2025-08,N-CAR-02,North District 2,North,Cardiology,Cash,0,0
HCP0033,9999000033,2025-08,N-CAR-01,North District 1,North,Cardiology,Commercial,0,0
HCP0034,9999000034,2025-08,N-CAR-02,North District 2,North,Cardiology,Medicare Part D,2,2
HCP0036,9999000036,2025-08,N-CAR-02,North District 2,North,Cardiology,Cash,1,1
HCP0037,9999000037,2025-08,N-CAR-01,North District 1,North,Cardiology,Commercial,1,1
HCP0038,9999000038,2025-08,N-CAR-02,North District 2,North,Cardiology,Medicare Part D,0,0
HCP0039,9999000039,2025-08,N-CAR-01,North District 1,North,Cardiology,Medicaid,0,0
HCP0041,9999000041,2025-08,N-END-01,North District 1,North,Endocrinology,Commercial,0,0
HCP0042,9999000042,2025-08,N-END-02,North District 2,North,Endocrinology,Medicare Part D,0,0
HCP0043,9999000043,2025-08,N-END-01,North District 1,North,Endocrinology,Medicaid,0,0
HCP0044,9999000044,2025-08,N-END-02,North District 2,North,Endocrinology,Cash,0,0
HCP0046,9999000046,2025-08,N-END-02,North District 2,North,Endocrinology,Medicare Part D,0,0
HCP0047,9999000047,2025-08,N-END-01,North District 1,North,Endocrinology,Medicaid,0,0
HCP0048,9999000048,2025-08,N-END-02,North District 2,North,Endocrinology,Cash,1,1
HCP0049,9999000049,2025-08,N-END-01,North District 1,North,Endocrinology,Commercial,0,0
HCP0051,9999000051,2025-08,N-END-01,North District 1,North,Endocrinology,Medicaid,1,1
HCP0052,9999000052,2025-08,N-END-02,North District 2,North,Endocrinology,Cash,0,0
HCP0053,9999000053,2025-08,N-END-01,North District 1,North,Endocrinology,Commercial,0,0
HCP0054,9999000054,2025-08,N-END-02,North District 2,North,Endocrinology,Medicare Part D,1,1
HCP0056,9999000056,2025-08,N-END-02,North District 2,North,Endocrinology,Cash,0,0
HCP0057,9999000057,2025-08,N-END-01,North District 1,North,Endocrinology,Commercial,1,1
HCP0058,9999000058,2025-08,N-END-02,North District 2,North,Endocrinology,Medicare Part D,0,0
HCP0059,9999000059,2025-08,N-END-01,North District 1,North,Endocrinology,Medicaid,0,0
HCP0061,9999000061,2025-08,S-PCP-01,South District 1,South,Primary Care,Medicare Part D,0,0
HCP0062,9999000062,2025-08,S-PCP-02,South District 2,South,Primary Care,Medicaid,0,0
HCP0063,9999000063,2025-08,S-PCP-01,South District 1,South,Primary Care,Cash,1,1
HCP0064,9999000064,2025-08,S-PCP-02,South District 2,South,Primary Care,Commercial,0,0
HCP0066,9999000066,2025-08,S-PCP-02,South District 2,South,Primary Care,Medicaid,3,2
HCP0067,9999000067,2025-08,S-PCP-01,South District 1,South,Primary Care,Cash,1,1
HCP0068,9999000068,2025-08,S-PCP-02,South District 2,South,Primary Care,Commercial,2,1
HCP0069,9999000069,2025-08,S-PCP-01,South District 1,South,Primary Care,Medicare Part D,0,0
HCP0071,9999000071,2025-08,S-PCP-01,South District 1,South,Primary Care,Cash,0,0
HCP0072,9999000072,2025-08,S-PCP-02,South District 2,South,Primary Care,Commercial,0,0
HCP0073,9999000073,2025-08,S-PCP-01,South District 1,South,Primary Care,Medicare Part D,1,1
HCP0074,9999000074,2025-08,S-PCP-02,South District 2,South,Primary Care,Medicaid,0,0
HCP0076,9999000076,2025-08,S-PCP-02,South District 2,South,Primary Care,Commercial,1,1
HCP0077,9999000077,2025-08,S-PCP-01,South District 1,South,Primary Care,Medicare Part D,1,1
HCP0078,9999000078,2025-08,S-PCP-02,South District 2,South,Primary Care,Medicaid,0,0
HCP0079,9999000079,2025-08,S-PCP-01,South District 1,South,Primary Care,Cash,0,0
HCP0081,9999000081,2025-08,S-CAR-01,South District 1,South,Cardiology,Medicare Part D,1,1
HCP0082,9999000082,2025-08,S-CAR-02,South District 2,South,Cardiology,Medicaid,1,1
HCP0083,9999000083,2025-08,S-CAR-01,South District 1,South,Cardiology,Cash,0,0
HCP0084,9999000084,2025-08,S-CAR-02,South District 2,South,Cardiology,Commercial,1,1
HCP0086,9999000086,2025-08,S-CAR-02,South District 2,South,Cardiology,Medicaid,1,1
HCP0087,9999000087,2025-08,S-CAR-01,South District 1,South,Cardiology,Cash,1,1
HCP0088,9999000088,2025-08,S-CAR-02,South District 2,South,Cardiology,Commercial,1,1
HCP0089,9999000089,2025-08,S-CAR-01,South District 1,South,Cardiology,Medicare Part D,0,0
HCP0091,9999000091,2025-08,S-CAR-01,South District 1,South,Cardiology,Cash,1,1
HCP0092,9999000092,2025-08,S-CAR-02,South District 2,South,Cardiology,Commercial,1,1
HCP0093,9999000093,2025-08,S-CAR-01,South District 1,South,Cardiology,Medicare Part D,0,0
HCP0094,9999000094,2025-08,S-CAR-02,South District 2,South,Cardiology,Medicaid,0,0
HCP0096,9999000096,2025-08,S-CAR-02,South District 2,South,Cardiology,Commercial,1,1
HCP0097,9999000097,2025-08,S-CAR-01,South District 1,South,Cardiology,Medicare Part D,0,0
HCP0098,9999000098,2025-08,S-CAR-02,South District 2,South,Cardiology,Medicaid,2,2
HCP0099,9999000099,2025-08,S-CAR-01,South District 1,South,Cardiology,Cash,2,2
HCP0101,9999000101,2025-08,S-END-01,South District 1,South,Endocrinology,Medicare Part D,1,1
HCP0102,9999000102,2025-08,S-END-02,South District 2,South,Endocrinology,Medicaid,0,0
HCP0103,9999000103,2025-08,S-END-01,South District 1,South,Endocrinology,Cash,2,2
HCP0104,9999000104,2025-08,S-END-02,South District 2,South,Endocrinology,Commercial,1,1
HCP0106,9999000106,2025-08,S-END-02,South District 2,South,Endocrinology,Medicaid,0,0
HCP0107,9999000107,2025-08,S-END-01,South District 1,South,Endocrinology,Cash,0,0
HCP0108,9999000108,2025-08,S-END-02,South District 2,South,Endocrinology,Commercial,0,0
HCP0109,9999000109,2025-08,S-END-01,South District 1,South,Endocrinology,Medicare Part D,1,1
HCP0111,9999000111,2025-08,S-END-01,South District 1,South,Endocrinology,Cash,0,0
HCP0112,9999000112,2025-08,S-END-02,South District 2,South,Endocrinology,Commercial,2,2
HCP0113,9999000113,2025-08,S-END-01,South District 1,South,Endocrinology,Medicare Part D,2,1
HCP0114,9999000114,2025-08,S-END-02,South District 2,South,Endocrinology,Medicaid,1,1
HCP0116,9999000116,2025-08,S-END-02,South District 2,South,Endocrinology,Commercial,0,0
HCP0117,9999000117,2025-08,S-END-01,South District 1,South,Endocrinology,Medicare Part D,0,0
HCP0118,9999000118,2025-08,S-END-02,South District 2,South,Endocrinology,Medicaid,0,0
HCP0119,9999000119,2025-08,S-END-01,South District 1,South,Endocrinology,Cash,0,0
HCP0121,9999000121,2025-08,E-PCP-01,East District 1,East,Primary Care,Medicaid,1,1
HCP0122,9999000122,2025-08,E-PCP-02,East District 2,East,Primary Care,Cash,1,1
HCP0123,9999000123,2025-08,E-PCP-01,East District 1,East,Primary Care,Commercial,0,0
HCP0124,9999000124,2025-08,E-PCP-02,East District 2,East,Primary Care,Medicare Part D,0,0
HCP0126,9999000126,2025-08,E-PCP-02,East District 2,East,Primary Care,Cash,0,0
HCP0127,9999000127,2025-08,E-PCP-01,East District 1,East,Primary Care,Commercial,1,1
HCP0128,9999000128,2025-08,E-PCP-02,East District 2,East,Primary Care,Medicare Part D,1,1
HCP0129,9999000129,2025-08,E-PCP-01,East District 1,East,Primary Care,Medicaid,0,0
HCP0131,9999000131,2025-08,E-PCP-01,East District 1,East,Primary Care,Commercial,1,1
HCP0132,9999000132,2025-08,E-PCP-02,East District 2,East,Primary Care,Medicare Part D,0,0
HCP0133,9999000133,2025-08,E-PCP-01,East District 1,East,Primary Care,Medicaid,0,0
HCP0134,9999000134,2025-08,E-PCP-02,East District 2,East,Primary Care,Cash,1,1
HCP0136,9999000136,2025-08,E-PCP-02,East District 2,East,Primary Care,Medicare Part D,1,1
HCP0137,9999000137,2025-08,E-PCP-01,East District 1,East,Primary Care,Medicaid,1,1
HCP0138,9999000138,2025-08,E-PCP-02,East District 2,East,Primary Care,Cash,1,1
HCP0139,9999000139,2025-08,E-PCP-01,East District 1,East,Primary Care,Commercial,1,1
HCP0141,9999000141,2025-08,E-CAR-01,East District 1,East,Cardiology,Medicaid,1,1
HCP0142,9999000142,2025-08,E-CAR-02,East District 2,East,Cardiology,Cash,2,2
HCP0143,9999000143,2025-08,E-CAR-01,East District 1,East,Cardiology,Commercial,2,1
HCP0144,9999000144,2025-08,E-CAR-02,East District 2,East,Cardiology,Medicare Part D,0,0
HCP0146,9999000146,2025-08,E-CAR-02,East District 2,East,Cardiology,Cash,1,1
HCP0147,9999000147,2025-08,E-CAR-01,East District 1,East,Cardiology,Commercial,1,1
HCP0148,9999000148,2025-08,E-CAR-02,East District 2,East,Cardiology,Medicare Part D,1,1
HCP0149,9999000149,2025-08,E-CAR-01,East District 1,East,Cardiology,Medicaid,1,1
HCP0151,9999000151,2025-08,E-CAR-01,East District 1,East,Cardiology,Commercial,2,2
HCP0152,9999000152,2025-08,E-CAR-02,East District 2,East,Cardiology,Medicare Part D,0,0
HCP0153,9999000153,2025-08,E-CAR-01,East District 1,East,Cardiology,Medicaid,3,2
HCP0154,9999000154,2025-08,E-CAR-02,East District 2,East,Cardiology,Cash,0,0
HCP0156,9999000156,2025-08,E-CAR-02,East District 2,East,Cardiology,Medicare Part D,0,0
HCP0157,9999000157,2025-08,E-CAR-01,East District 1,East,Cardiology,Medicaid,0,0
HCP0158,9999000158,2025-08,E-CAR-02,East District 2,East,Cardiology,Cash,1,1
HCP0159,9999000159,2025-08,E-CAR-01,East District 1,East,Cardiology,Commercial,0,0
HCP0161,9999000161,2025-08,E-END-01,East District 1,East,Endocrinology,Medicaid,0,0
HCP0162,9999000162,2025-08,E-END-02,East District 2,East,Endocrinology,Cash,1,1
HCP0163,9999000163,2025-08,E-END-01,East District 1,East,Endocrinology,Commercial,1,1
HCP0164,9999000164,2025-08,E-END-02,East District 2,East,Endocrinology,Medicare Part D,1,1
HCP0166,9999000166,2025-08,E-END-02,East District 2,East,Endocrinology,Cash,0,0
HCP0167,9999000167,2025-08,E-END-01,East District 1,East,Endocrinology,Commercial,2,2
HCP0168,9999000168,2025-08,E-END-02,East District 2,East,Endocrinology,Medicare Part D,1,1
HCP0169,9999000169,2025-08,E-END-01,East District 1,East,Endocrinology,Medicaid,1,1
HCP0171,9999000171,2025-08,E-END-01,East District 1,East,Endocrinology,Commercial,1,1
HCP0172,9999000172,2025-08,E-END-02,East District 2,East,Endocrinology,Medicare Part D,1,1
HCP0173,9999000173,2025-08,E-END-01,East District 1,East,Endocrinology,Medicaid,0,0
HCP0174,9999000174,2025-08,E-END-02,East District 2,East,Endocrinology,Cash,0,0
HCP0176,9999000176,2025-08,E-END-02,East District 2,East,Endocrinology,Medicare Part D,1,1
HCP0177,9999000177,2025-08,E-END-01,East District 1,East,Endocrinology,Medicaid,3,3
HCP0178,9999000178,2025-08,E-END-02,East District 2,East,Endocrinology,Cash,3,3
HCP0179,9999000179,2025-08,E-END-01,East District 1,East,Endocrinology,Commercial,1,1
HCP0181,9999000181,2025-08,W-PCP-01,West District 1,West,Primary Care,Cash,0,0
HCP0182,9999000182,2025-08,W-PCP-02,West District 2,West,Primary Care,Commercial,0,0
HCP0183,9999000183,2025-08,W-PCP-01,West District 1,West,Primary Care,Medicare Part D,1,1
HCP0184,9999000184,2025-08,W-PCP-02,West District 2,West,Primary Care,Medicaid,0,0
HCP0186,9999000186,2025-08,W-PCP-02,West District 2,West,Primary Care,Commercial,0,0
HCP0187,9999000187,2025-08,W-PCP-01,West District 1,West,Primary Care,Medicare Part D,0,0
HCP0188,9999000188,2025-08,W-PCP-02,West District 2,West,Primary Care,Medicaid,0,0
HCP0189,9999000189,2025-08,W-PCP-01,West District 1,West,Primary Care,Cash,0,0
HCP0191,9999000191,2025-08,W-PCP-01,West District 1,West,Primary Care,Medicare Part D,0,0
HCP0192,9999000192,2025-08,W-PCP-02,West District 2,West,Primary Care,Medicaid,0,0
HCP0193,9999000193,2025-08,W-PCP-01,West District 1,West,Primary Care,Cash,0,0
HCP0194,9999000194,2025-08,W-PCP-02,West District 2,West,Primary Care,Commercial,0,0
HCP0196,9999000196,2025-08,W-PCP-02,West District 2,West,Primary Care,Medicaid,1,1
HCP0197,9999000197,2025-08,W-PCP-01,West District 1,West,Primary Care,Cash,0,0
HCP0198,9999000198,2025-08,W-PCP-02,West District 2,West,Primary Care,Commercial,2,1
HCP0199,9999000199,2025-08,W-PCP-01,West District 1,West,Primary Care,Medicare Part D,0,0
HCP0201,9999000201,2025-08,W-CAR-01,West District 1,West,Cardiology,Cash,0,0
HCP0202,9999000202,2025-08,W-CAR-02,West District 2,West,Cardiology,Commercial,0,0
HCP0203,9999000203,2025-08,W-CAR-01,West District 1,West,Cardiology,Medicare Part D,0,0
HCP0204,9999000204,2025-08,W-CAR-02,West District 2,West,Cardiology,Medicaid,0,0
HCP0206,9999000206,2025-08,W-CAR-02,West District 2,West,Cardiology,Commercial,0,0
HCP0207,9999000207,2025-08,W-CAR-01,West District 1,West,Cardiology,Medicare Part D,1,1
HCP0208,9999000208,2025-08,W-CAR-02,West District 2,West,Cardiology,Medicaid,1,1
HCP0209,9999000209,2025-08,W-CAR-01,West District 1,West,Cardiology,Cash,1,1
HCP0211,9999000211,2025-08,W-CAR-01,West District 1,West,Cardiology,Medicare Part D,0,0
HCP0212,9999000212,2025-08,W-CAR-02,West District 2,West,Cardiology,Medicaid,0,0
HCP0213,9999000213,2025-08,W-CAR-01,West District 1,West,Cardiology,Cash,1,1
HCP0214,9999000214,2025-08,W-CAR-02,West District 2,West,Cardiology,Commercial,0,0
HCP0216,9999000216,2025-08,W-CAR-02,West District 2,West,Cardiology,Medicaid,2,2
HCP0217,9999000217,2025-08,W-CAR-01,West District 1,West,Cardiology,Cash,1,1
HCP0218,9999000218,2025-08,W-CAR-02,West District 2,West,Cardiology,Commercial,0,0
HCP0219,9999000219,2025-08,W-CAR-01,West District 1,West,Cardiology,Medicare Part D,0,0
HCP0221,9999000221,2025-08,W-END-01,West District 1,West,Endocrinology,Cash,0,0
HCP0222,9999000222,2025-08,W-END-02,West District 2,West,Endocrinology,Commercial,0,0
HCP0223,9999000223,2025-08,W-END-01,West District 1,West,Endocrinology,Medicare Part D,0,0
HCP0224,9999000224,2025-08,W-END-02,West District 2,West,Endocrinology,Medicaid,0,0
HCP0226,9999000226,2025-08,W-END-02,West District 2,West,Endocrinology,Commercial,3,3
HCP0227,9999000227,2025-08,W-END-01,West District 1,West,Endocrinology,Medicare Part D,0,0
HCP0228,9999000228,2025-08,W-END-02,West District 2,West,Endocrinology,Medicaid,0,0
HCP0229,9999000229,2025-08,W-END-01,West District 1,West,Endocrinology,Cash,4,3
HCP0231,9999000231,2025-08,W-END-01,West District 1,West,Endocrinology,Medicare Part D,0,0
HCP0232,9999000232,2025-08,W-END-02,West District 2,West,Endocrinology,Medicaid,1,1
HCP0233,9999000233,2025-08,W-END-01,West District 1,West,Endocrinology,Cash,0,0
HCP0234,9999000234,2025-08,W-END-02,West District 2,West,Endocrinology,Commercial,1,1
HCP0236,9999000236,2025-08,W-END-02,West District 2,West,Endocrinology,Medicaid,0,0
HCP0237,9999000237,2025-08,W-END-01,West District 1,West,Endocrinology,Cash,1,1
HCP0238,9999000238,2025-08,W-END-02,West District 2,West,Endocrinology,Commercial,0,0
HCP0239,9999000239,2025-08,W-END-01,West District 1,West,Endocrinology,Medicare Part D,0,0
HCP0001,9999000001,2025-09,N-PCP-01,North District 1,North,Primary Care,Commercial,0,0
HCP0002,9999000002,2025-09,N-PCP-02,North District 2,North,Primary Care,Medicare Part D,0,0
HCP0003,9999000003,2025-09,N-PCP-01,North District 1,North,Primary Care,Medicaid,0,0
HCP0004,9999000004,2025-09,N-PCP-02,North District 2,North,Primary Care,Cash,1,1
HCP0006,9999000006,2025-09,N-PCP-02,North District 2,North,Primary Care,Medicare Part D,0,0
HCP0007,9999000007,2025-09,N-PCP-01,North District 1,North,Primary Care,Medicaid,1,1
HCP0008,9999000008,2025-09,N-PCP-02,North District 2,North,Primary Care,Cash,1,1
HCP0009,9999000009,2025-09,N-PCP-01,North District 1,North,Primary Care,Commercial,0,0
HCP0011,9999000011,2025-09,N-PCP-01,North District 1,North,Primary Care,Medicaid,1,1
HCP0012,9999000012,2025-09,N-PCP-02,North District 2,North,Primary Care,Cash,1,1
HCP0013,9999000013,2025-09,N-PCP-01,North District 1,North,Primary Care,Commercial,0,0
HCP0014,9999000014,2025-09,N-PCP-02,North District 2,North,Primary Care,Medicare Part D,1,1
HCP0016,9999000016,2025-09,N-PCP-02,North District 2,North,Primary Care,Cash,0,0
HCP0017,9999000017,2025-09,N-PCP-01,North District 1,North,Primary Care,Commercial,4,3
HCP0018,9999000018,2025-09,N-PCP-02,North District 2,North,Primary Care,Medicare Part D,1,1
HCP0019,9999000019,2025-09,N-PCP-01,North District 1,North,Primary Care,Medicaid,2,1
HCP0021,9999000021,2025-09,N-CAR-01,North District 1,North,Cardiology,Commercial,1,1
HCP0022,9999000022,2025-09,N-CAR-02,North District 2,North,Cardiology,Medicare Part D,0,0
HCP0023,9999000023,2025-09,N-CAR-01,North District 1,North,Cardiology,Medicaid,4,2
HCP0024,9999000024,2025-09,N-CAR-02,North District 2,North,Cardiology,Cash,1,1
HCP0026,9999000026,2025-09,N-CAR-02,North District 2,North,Cardiology,Medicare Part D,0,0
HCP0027,9999000027,2025-09,N-CAR-01,North District 1,North,Cardiology,Medicaid,1,1
HCP0028,9999000028,2025-09,N-CAR-02,North District 2,North,Cardiology,Cash,0,0
HCP0029,9999000029,2025-09,N-CAR-01,North District 1,North,Cardiology,Commercial,1,1
HCP0031,9999000031,2025-09,N-CAR-01,North District 1,North,Cardiology,Medicaid,0,0
HCP0032,9999000032,2025-09,N-CAR-02,North District 2,North,Cardiology,Cash,2,1
HCP0033,9999000033,2025-09,N-CAR-01,North District 1,North,Cardiology,Commercial,0,0
HCP0034,9999000034,2025-09,N-CAR-02,North District 2,North,Cardiology,Medicare Part D,3,3
HCP0036,9999000036,2025-09,N-CAR-02,North District 2,North,Cardiology,Cash,2,2
HCP0037,9999000037,2025-09,N-CAR-01,North District 1,North,Cardiology,Commercial,2,1
HCP0038,9999000038,2025-09,N-CAR-02,North District 2,North,Cardiology,Medicare Part D,0,0
HCP0039,9999000039,2025-09,N-CAR-01,North District 1,North,Cardiology,Medicaid,2,2
HCP0041,9999000041,2025-09,N-END-01,North District 1,North,Endocrinology,Commercial,0,0
HCP0042,9999000042,2025-09,N-END-02,North District 2,North,Endocrinology,Medicare Part D,1,1
HCP0043,9999000043,2025-09,N-END-01,North District 1,North,Endocrinology,Medicaid,0,0
HCP0044,9999000044,2025-09,N-END-02,North District 2,North,Endocrinology,Cash,1,1
HCP0046,9999000046,2025-09,N-END-02,North District 2,North,Endocrinology,Medicare Part D,0,0
HCP0047,9999000047,2025-09,N-END-01,North District 1,North,Endocrinology,Medicaid,0,0
HCP0048,9999000048,2025-09,N-END-02,North District 2,North,Endocrinology,Cash,1,1
HCP0049,9999000049,2025-09,N-END-01,North District 1,North,Endocrinology,Commercial,0,0
HCP0051,9999000051,2025-09,N-END-01,North District 1,North,Endocrinology,Medicaid,0,0
HCP0052,9999000052,2025-09,N-END-02,North District 2,North,Endocrinology,Cash,0,0
HCP0053,9999000053,2025-09,N-END-01,North District 1,North,Endocrinology,Commercial,4,4
HCP0054,9999000054,2025-09,N-END-02,North District 2,North,Endocrinology,Medicare Part D,0,0
HCP0056,9999000056,2025-09,N-END-02,North District 2,North,Endocrinology,Cash,2,1
HCP0057,9999000057,2025-09,N-END-01,North District 1,North,Endocrinology,Commercial,1,1
HCP0058,9999000058,2025-09,N-END-02,North District 2,North,Endocrinology,Medicare Part D,0,0
HCP0059,9999000059,2025-09,N-END-01,North District 1,North,Endocrinology,Medicaid,0,0
HCP0061,9999000061,2025-09,S-PCP-01,South District 1,South,Primary Care,Medicare Part D,0,0
HCP0062,9999000062,2025-09,S-PCP-02,South District 2,South,Primary Care,Medicaid,1,1
HCP0063,9999000063,2025-09,S-PCP-01,South District 1,South,Primary Care,Cash,1,1
HCP0064,9999000064,2025-09,S-PCP-02,South District 2,South,Primary Care,Commercial,1,1
HCP0066,9999000066,2025-09,S-PCP-02,South District 2,South,Primary Care,Medicaid,1,1
HCP0067,9999000067,2025-09,S-PCP-01,South District 1,South,Primary Care,Cash,0,0
HCP0068,9999000068,2025-09,S-PCP-02,South District 2,South,Primary Care,Commercial,0,0
HCP0069,9999000069,2025-09,S-PCP-01,South District 1,South,Primary Care,Medicare Part D,0,0
HCP0071,9999000071,2025-09,S-PCP-01,South District 1,South,Primary Care,Cash,1,1
HCP0072,9999000072,2025-09,S-PCP-02,South District 2,South,Primary Care,Commercial,0,0
HCP0073,9999000073,2025-09,S-PCP-01,South District 1,South,Primary Care,Medicare Part D,0,0
HCP0074,9999000074,2025-09,S-PCP-02,South District 2,South,Primary Care,Medicaid,0,0
HCP0076,9999000076,2025-09,S-PCP-02,South District 2,South,Primary Care,Commercial,0,0
HCP0077,9999000077,2025-09,S-PCP-01,South District 1,South,Primary Care,Medicare Part D,1,1
HCP0078,9999000078,2025-09,S-PCP-02,South District 2,South,Primary Care,Medicaid,0,0
HCP0079,9999000079,2025-09,S-PCP-01,South District 1,South,Primary Care,Cash,3,3
HCP0081,9999000081,2025-09,S-CAR-01,South District 1,South,Cardiology,Medicare Part D,0,0
HCP0082,9999000082,2025-09,S-CAR-02,South District 2,South,Cardiology,Medicaid,0,0
HCP0083,9999000083,2025-09,S-CAR-01,South District 1,South,Cardiology,Cash,0,0
HCP0084,9999000084,2025-09,S-CAR-02,South District 2,South,Cardiology,Commercial,0,0
HCP0086,9999000086,2025-09,S-CAR-02,South District 2,South,Cardiology,Medicaid,1,1
HCP0087,9999000087,2025-09,S-CAR-01,South District 1,South,Cardiology,Cash,3,3
HCP0088,9999000088,2025-09,S-CAR-02,South District 2,South,Cardiology,Commercial,2,2
HCP0089,9999000089,2025-09,S-CAR-01,South District 1,South,Cardiology,Medicare Part D,1,1
HCP0091,9999000091,2025-09,S-CAR-01,South District 1,South,Cardiology,Cash,2,1
HCP0092,9999000092,2025-09,S-CAR-02,South District 2,South,Cardiology,Commercial,0,0
HCP0093,9999000093,2025-09,S-CAR-01,South District 1,South,Cardiology,Medicare Part D,1,1
HCP0094,9999000094,2025-09,S-CAR-02,South District 2,South,Cardiology,Medicaid,0,0
HCP0096,9999000096,2025-09,S-CAR-02,South District 2,South,Cardiology,Commercial,1,1
HCP0097,9999000097,2025-09,S-CAR-01,South District 1,South,Cardiology,Medicare Part D,1,1
HCP0098,9999000098,2025-09,S-CAR-02,South District 2,South,Cardiology,Medicaid,2,2
HCP0099,9999000099,2025-09,S-CAR-01,South District 1,South,Cardiology,Cash,2,2
HCP0101,9999000101,2025-09,S-END-01,South District 1,South,Endocrinology,Medicare Part D,1,1
HCP0102,9999000102,2025-09,S-END-02,South District 2,South,Endocrinology,Medicaid,1,1
HCP0103,9999000103,2025-09,S-END-01,South District 1,South,Endocrinology,Cash,0,0
HCP0104,9999000104,2025-09,S-END-02,South District 2,South,Endocrinology,Commercial,1,1
HCP0106,9999000106,2025-09,S-END-02,South District 2,South,Endocrinology,Medicaid,1,1
HCP0107,9999000107,2025-09,S-END-01,South District 1,South,Endocrinology,Cash,0,0
HCP0108,9999000108,2025-09,S-END-02,South District 2,South,Endocrinology,Commercial,2,2
HCP0109,9999000109,2025-09,S-END-01,South District 1,South,Endocrinology,Medicare Part D,2,2
HCP0111,9999000111,2025-09,S-END-01,South District 1,South,Endocrinology,Cash,0,0
HCP0112,9999000112,2025-09,S-END-02,South District 2,South,Endocrinology,Commercial,0,0
HCP0113,9999000113,2025-09,S-END-01,South District 1,South,Endocrinology,Medicare Part D,0,0
HCP0114,9999000114,2025-09,S-END-02,South District 2,South,Endocrinology,Medicaid,0,0
HCP0116,9999000116,2025-09,S-END-02,South District 2,South,Endocrinology,Commercial,0,0
HCP0117,9999000117,2025-09,S-END-01,South District 1,South,Endocrinology,Medicare Part D,0,0
HCP0118,9999000118,2025-09,S-END-02,South District 2,South,Endocrinology,Medicaid,0,0
HCP0119,9999000119,2025-09,S-END-01,South District 1,South,Endocrinology,Cash,1,1
HCP0121,9999000121,2025-09,E-PCP-01,East District 1,East,Primary Care,Medicaid,0,0
HCP0122,9999000122,2025-09,E-PCP-02,East District 2,East,Primary Care,Cash,2,2
HCP0123,9999000123,2025-09,E-PCP-01,East District 1,East,Primary Care,Commercial,0,0
HCP0124,9999000124,2025-09,E-PCP-02,East District 2,East,Primary Care,Medicare Part D,0,0
HCP0126,9999000126,2025-09,E-PCP-02,East District 2,East,Primary Care,Cash,0,0
HCP0127,9999000127,2025-09,E-PCP-01,East District 1,East,Primary Care,Commercial,1,1
HCP0128,9999000128,2025-09,E-PCP-02,East District 2,East,Primary Care,Medicare Part D,0,0
HCP0129,9999000129,2025-09,E-PCP-01,East District 1,East,Primary Care,Medicaid,1,1
HCP0131,9999000131,2025-09,E-PCP-01,East District 1,East,Primary Care,Commercial,1,1
HCP0132,9999000132,2025-09,E-PCP-02,East District 2,East,Primary Care,Medicare Part D,1,1
HCP0133,9999000133,2025-09,E-PCP-01,East District 1,East,Primary Care,Medicaid,1,1
HCP0134,9999000134,2025-09,E-PCP-02,East District 2,East,Primary Care,Cash,1,1
HCP0136,9999000136,2025-09,E-PCP-02,East District 2,East,Primary Care,Medicare Part D,1,1
HCP0137,9999000137,2025-09,E-PCP-01,East District 1,East,Primary Care,Medicaid,0,0
HCP0138,9999000138,2025-09,E-PCP-02,East District 2,East,Primary Care,Cash,0,0
HCP0139,9999000139,2025-09,E-PCP-01,East District 1,East,Primary Care,Commercial,0,0
HCP0141,9999000141,2025-09,E-CAR-01,East District 1,East,Cardiology,Medicaid,2,2
HCP0142,9999000142,2025-09,E-CAR-02,East District 2,East,Cardiology,Cash,2,2
HCP0143,9999000143,2025-09,E-CAR-01,East District 1,East,Cardiology,Commercial,0,0
HCP0144,9999000144,2025-09,E-CAR-02,East District 2,East,Cardiology,Medicare Part D,1,1
HCP0146,9999000146,2025-09,E-CAR-02,East District 2,East,Cardiology,Cash,0,0
HCP0147,9999000147,2025-09,E-CAR-01,East District 1,East,Cardiology,Commercial,1,1
HCP0148,9999000148,2025-09,E-CAR-02,East District 2,East,Cardiology,Medicare Part D,0,0
HCP0149,9999000149,2025-09,E-CAR-01,East District 1,East,Cardiology,Medicaid,0,0
HCP0151,9999000151,2025-09,E-CAR-01,East District 1,East,Cardiology,Commercial,0,0
HCP0152,9999000152,2025-09,E-CAR-02,East District 2,East,Cardiology,Medicare Part D,0,0
HCP0153,9999000153,2025-09,E-CAR-01,East District 1,East,Cardiology,Medicaid,0,0
HCP0154,9999000154,2025-09,E-CAR-02,East District 2,East,Cardiology,Cash,0,0
HCP0156,9999000156,2025-09,E-CAR-02,East District 2,East,Cardiology,Medicare Part D,2,1
HCP0157,9999000157,2025-09,E-CAR-01,East District 1,East,Cardiology,Medicaid,0,0
HCP0158,9999000158,2025-09,E-CAR-02,East District 2,East,Cardiology,Cash,2,1
HCP0159,9999000159,2025-09,E-CAR-01,East District 1,East,Cardiology,Commercial,1,1
HCP0161,9999000161,2025-09,E-END-01,East District 1,East,Endocrinology,Medicaid,1,1
HCP0162,9999000162,2025-09,E-END-02,East District 2,East,Endocrinology,Cash,0,0
HCP0163,9999000163,2025-09,E-END-01,East District 1,East,Endocrinology,Commercial,1,1
HCP0164,9999000164,2025-09,E-END-02,East District 2,East,Endocrinology,Medicare Part D,1,1
HCP0166,9999000166,2025-09,E-END-02,East District 2,East,Endocrinology,Cash,2,1
HCP0167,9999000167,2025-09,E-END-01,East District 1,East,Endocrinology,Commercial,0,0
HCP0168,9999000168,2025-09,E-END-02,East District 2,East,Endocrinology,Medicare Part D,2,1
HCP0169,9999000169,2025-09,E-END-01,East District 1,East,Endocrinology,Medicaid,0,0
HCP0171,9999000171,2025-09,E-END-01,East District 1,East,Endocrinology,Commercial,0,0
HCP0172,9999000172,2025-09,E-END-02,East District 2,East,Endocrinology,Medicare Part D,0,0
HCP0173,9999000173,2025-09,E-END-01,East District 1,East,Endocrinology,Medicaid,0,0
HCP0174,9999000174,2025-09,E-END-02,East District 2,East,Endocrinology,Cash,0,0
HCP0176,9999000176,2025-09,E-END-02,East District 2,East,Endocrinology,Medicare Part D,0,0
HCP0177,9999000177,2025-09,E-END-01,East District 1,East,Endocrinology,Medicaid,1,1
HCP0178,9999000178,2025-09,E-END-02,East District 2,East,Endocrinology,Cash,0,0
HCP0179,9999000179,2025-09,E-END-01,East District 1,East,Endocrinology,Commercial,2,1
HCP0181,9999000181,2025-09,W-PCP-01,West District 1,West,Primary Care,Cash,0,0
HCP0182,9999000182,2025-09,W-PCP-02,West District 2,West,Primary Care,Commercial,0,0
HCP0183,9999000183,2025-09,W-PCP-01,West District 1,West,Primary Care,Medicare Part D,1,1
HCP0184,9999000184,2025-09,W-PCP-02,West District 2,West,Primary Care,Medicaid,1,1
HCP0186,9999000186,2025-09,W-PCP-02,West District 2,West,Primary Care,Commercial,1,1
HCP0187,9999000187,2025-09,W-PCP-01,West District 1,West,Primary Care,Medicare Part D,0,0
HCP0188,9999000188,2025-09,W-PCP-02,West District 2,West,Primary Care,Medicaid,0,0
HCP0189,9999000189,2025-09,W-PCP-01,West District 1,West,Primary Care,Cash,1,1
HCP0191,9999000191,2025-09,W-PCP-01,West District 1,West,Primary Care,Medicare Part D,2,2
HCP0192,9999000192,2025-09,W-PCP-02,West District 2,West,Primary Care,Medicaid,1,1
HCP0193,9999000193,2025-09,W-PCP-01,West District 1,West,Primary Care,Cash,0,0
HCP0194,9999000194,2025-09,W-PCP-02,West District 2,West,Primary Care,Commercial,1,1
HCP0196,9999000196,2025-09,W-PCP-02,West District 2,West,Primary Care,Medicaid,2,2
HCP0197,9999000197,2025-09,W-PCP-01,West District 1,West,Primary Care,Cash,0,0
HCP0198,9999000198,2025-09,W-PCP-02,West District 2,West,Primary Care,Commercial,2,1
HCP0199,9999000199,2025-09,W-PCP-01,West District 1,West,Primary Care,Medicare Part D,0,0
HCP0201,9999000201,2025-09,W-CAR-01,West District 1,West,Cardiology,Cash,1,1
HCP0202,9999000202,2025-09,W-CAR-02,West District 2,West,Cardiology,Commercial,2,2
HCP0203,9999000203,2025-09,W-CAR-01,West District 1,West,Cardiology,Medicare Part D,0,0
HCP0204,9999000204,2025-09,W-CAR-02,West District 2,West,Cardiology,Medicaid,2,2
HCP0206,9999000206,2025-09,W-CAR-02,West District 2,West,Cardiology,Commercial,3,2
HCP0207,9999000207,2025-09,W-CAR-01,West District 1,West,Cardiology,Medicare Part D,0,0
HCP0208,9999000208,2025-09,W-CAR-02,West District 2,West,Cardiology,Medicaid,2,2
HCP0209,9999000209,2025-09,W-CAR-01,West District 1,West,Cardiology,Cash,2,1
HCP0211,9999000211,2025-09,W-CAR-01,West District 1,West,Cardiology,Medicare Part D,1,1
HCP0212,9999000212,2025-09,W-CAR-02,West District 2,West,Cardiology,Medicaid,0,0
HCP0213,9999000213,2025-09,W-CAR-01,West District 1,West,Cardiology,Cash,1,1
HCP0214,9999000214,2025-09,W-CAR-02,West District 2,West,Cardiology,Commercial,1,1
HCP0216,9999000216,2025-09,W-CAR-02,West District 2,West,Cardiology,Medicaid,0,0
HCP0217,9999000217,2025-09,W-CAR-01,West District 1,West,Cardiology,Cash,0,0
HCP0218,9999000218,2025-09,W-CAR-02,West District 2,West,Cardiology,Commercial,0,0
HCP0219,9999000219,2025-09,W-CAR-01,West District 1,West,Cardiology,Medicare Part D,3,2
HCP0221,9999000221,2025-09,W-END-01,West District 1,West,Endocrinology,Cash,0,0
HCP0222,9999000222,2025-09,W-END-02,West District 2,West,Endocrinology,Commercial,2,1
HCP0223,9999000223,2025-09,W-END-01,West District 1,West,Endocrinology,Medicare Part D,1,1
HCP0224,9999000224,2025-09,W-END-02,West District 2,West,Endocrinology,Medicaid,1,1
HCP0226,9999000226,2025-09,W-END-02,West District 2,West,Endocrinology,Commercial,2,2
HCP0227,9999000227,2025-09,W-END-01,West District 1,West,Endocrinology,Medicare Part D,2,1
HCP0228,9999000228,2025-09,W-END-02,West District 2,West,Endocrinology,Medicaid,0,0
HCP0229,9999000229,2025-09,W-END-01,West District 1,West,Endocrinology,Cash,0,0
HCP0231,9999000231,2025-09,W-END-01,West District 1,West,Endocrinology,Medicare Part D,2,2
HCP0232,9999000232,2025-09,W-END-02,West District 2,West,Endocrinology,Medicaid,2,1
HCP0233,9999000233,2025-09,W-END-01,West District 1,West,Endocrinology,Cash,1,1
HCP0234,9999000234,2025-09,W-END-02,West District 2,West,Endocrinology,Commercial,0,0
HCP0236,9999000236,2025-09,W-END-02,West District 2,West,Endocrinology,Medicaid,0,0
HCP0237,9999000237,2025-09,W-END-01,West District 1,West,Endocrinology,Cash,1,1
HCP0238,9999000238,2025-09,W-END-02,West District 2,West,Endocrinology,Commercial,1,1
HCP0239,9999000239,2025-09,W-END-01,West District 1,West,Endocrinology,Medicare Part D,0,0
HCP0001,9999000001,2025-10,N-PCP-01,North District 1,North,Primary Care,Commercial,2,2
HCP0002,9999000002,2025-10,N-PCP-02,North District 2,North,Primary Care,Medicare Part D,0,0
HCP0003,9999000003,2025-10,N-PCP-01,North District 1,North,Primary Care,Medicaid,0,0
HCP0004,9999000004,2025-10,N-PCP-02,North District 2,North,Primary Care,Cash,1,1
HCP0006,9999000006,2025-10,N-PCP-02,North District 2,North,Primary Care,Medicare Part D,1,1
HCP0007,9999000007,2025-10,N-PCP-01,North District 1,North,Primary Care,Medicaid,3,2
HCP0008,9999000008,2025-10,N-PCP-02,North District 2,North,Primary Care,Cash,1,1
HCP0009,9999000009,2025-10,N-PCP-01,North District 1,North,Primary Care,Commercial,0,0
HCP0011,9999000011,2025-10,N-PCP-01,North District 1,North,Primary Care,Medicaid,4,3
HCP0012,9999000012,2025-10,N-PCP-02,North District 2,North,Primary Care,Cash,1,1
HCP0013,9999000013,2025-10,N-PCP-01,North District 1,North,Primary Care,Commercial,4,4
HCP0014,9999000014,2025-10,N-PCP-02,North District 2,North,Primary Care,Medicare Part D,0,0
HCP0016,9999000016,2025-10,N-PCP-02,North District 2,North,Primary Care,Cash,0,0
HCP0017,9999000017,2025-10,N-PCP-01,North District 1,North,Primary Care,Commercial,1,1
HCP0018,9999000018,2025-10,N-PCP-02,North District 2,North,Primary Care,Medicare Part D,0,0
HCP0019,9999000019,2025-10,N-PCP-01,North District 1,North,Primary Care,Medicaid,1,1
HCP0021,9999000021,2025-10,N-CAR-01,North District 1,North,Cardiology,Commercial,2,1
HCP0022,9999000022,2025-10,N-CAR-02,North District 2,North,Cardiology,Medicare Part D,0,0
HCP0023,9999000023,2025-10,N-CAR-01,North District 1,North,Cardiology,Medicaid,3,1
HCP0024,9999000024,2025-10,N-CAR-02,North District 2,North,Cardiology,Cash,0,0
HCP0026,9999000026,2025-10,N-CAR-02,North District 2,North,Cardiology,Medicare Part D,3,3
HCP0027,9999000027,2025-10,N-CAR-01,North District 1,North,Cardiology,Medicaid,1,1
HCP0028,9999000028,2025-10,N-CAR-02,North District 2,North,Cardiology,Cash,2,2
HCP0029,9999000029,2025-10,N-CAR-01,North District 1,North,Cardiology,Commercial,1,1
HCP0031,9999000031,2025-10,N-CAR-01,North District 1,North,Cardiology,Medicaid,0,0
HCP0032,9999000032,2025-10,N-CAR-02,North District 2,North,Cardiology,Cash,1,1
HCP0033,9999000033,2025-10,N-CAR-01,North District 1,North,Cardiology,Commercial,0,0
HCP0034,9999000034,2025-10,N-CAR-02,North District 2,North,Cardiology,Medicare Part D,1,1
HCP0036,9999000036,2025-10,N-CAR-02,North District 2,North,Cardiology,Cash,2,2
HCP0037,9999000037,2025-10,N-CAR-01,North District 1,North,Cardiology,Commercial,1,1
HCP0038,9999000038,2025-10,N-CAR-02,North District 2,North,Cardiology,Medicare Part D,0,0
HCP0039,9999000039,2025-10,N-CAR-01,North District 1,North,Cardiology,Medicaid,0,0
HCP0041,9999000041,2025-10,N-END-01,North District 1,North,Endocrinology,Commercial,0,0
HCP0042,9999000042,2025-10,N-END-02,North District 2,North,Endocrinology,Medicare Part D,0,0
HCP0043,9999000043,2025-10,N-END-01,North District 1,North,Endocrinology,Medicaid,1,1
HCP0044,9999000044,2025-10,N-END-02,North District 2,North,Endocrinology,Cash,0,0
HCP0046,9999000046,2025-10,N-END-02,North District 2,North,Endocrinology,Medicare Part D,0,0
HCP0047,9999000047,2025-10,N-END-01,North District 1,North,Endocrinology,Medicaid,0,0
HCP0048,9999000048,2025-10,N-END-02,North District 2,North,Endocrinology,Cash,1,1
HCP0049,9999000049,2025-10,N-END-01,North District 1,North,Endocrinology,Commercial,0,0
HCP0051,9999000051,2025-10,N-END-01,North District 1,North,Endocrinology,Medicaid,0,0
HCP0052,9999000052,2025-10,N-END-02,North District 2,North,Endocrinology,Cash,1,1
HCP0053,9999000053,2025-10,N-END-01,North District 1,North,Endocrinology,Commercial,2,2
HCP0054,9999000054,2025-10,N-END-02,North District 2,North,Endocrinology,Medicare Part D,1,1
HCP0056,9999000056,2025-10,N-END-02,North District 2,North,Endocrinology,Cash,1,1
HCP0057,9999000057,2025-10,N-END-01,North District 1,North,Endocrinology,Commercial,2,2
HCP0058,9999000058,2025-10,N-END-02,North District 2,North,Endocrinology,Medicare Part D,1,1
HCP0059,9999000059,2025-10,N-END-01,North District 1,North,Endocrinology,Medicaid,0,0
HCP0061,9999000061,2025-10,S-PCP-01,South District 1,South,Primary Care,Medicare Part D,1,1
HCP0062,9999000062,2025-10,S-PCP-02,South District 2,South,Primary Care,Medicaid,1,1
HCP0063,9999000063,2025-10,S-PCP-01,South District 1,South,Primary Care,Cash,1,1
HCP0064,9999000064,2025-10,S-PCP-02,South District 2,South,Primary Care,Commercial,0,0
HCP0066,9999000066,2025-10,S-PCP-02,South District 2,South,Primary Care,Medicaid,1,1
HCP0067,9999000067,2025-10,S-PCP-01,South District 1,South,Primary Care,Cash,2,1
HCP0068,9999000068,2025-10,S-PCP-02,South District 2,South,Primary Care,Commercial,1,1
HCP0069,9999000069,2025-10,S-PCP-01,South District 1,South,Primary Care,Medicare Part D,0,0
HCP0071,9999000071,2025-10,S-PCP-01,South District 1,South,Primary Care,Cash,2,1
HCP0072,9999000072,2025-10,S-PCP-02,South District 2,South,Primary Care,Commercial,1,1
HCP0073,9999000073,2025-10,S-PCP-01,South District 1,South,Primary Care,Medicare Part D,0,0
HCP0074,9999000074,2025-10,S-PCP-02,South District 2,South,Primary Care,Medicaid,0,0
HCP0076,9999000076,2025-10,S-PCP-02,South District 2,South,Primary Care,Commercial,2,1
HCP0077,9999000077,2025-10,S-PCP-01,South District 1,South,Primary Care,Medicare Part D,1,1
HCP0078,9999000078,2025-10,S-PCP-02,South District 2,South,Primary Care,Medicaid,1,1
HCP0079,9999000079,2025-10,S-PCP-01,South District 1,South,Primary Care,Cash,0,0
HCP0081,9999000081,2025-10,S-CAR-01,South District 1,South,Cardiology,Medicare Part D,0,0
HCP0082,9999000082,2025-10,S-CAR-02,South District 2,South,Cardiology,Medicaid,0,0
HCP0083,9999000083,2025-10,S-CAR-01,South District 1,South,Cardiology,Cash,1,1
HCP0084,9999000084,2025-10,S-CAR-02,South District 2,South,Cardiology,Commercial,2,1
HCP0086,9999000086,2025-10,S-CAR-02,South District 2,South,Cardiology,Medicaid,1,1
HCP0087,9999000087,2025-10,S-CAR-01,South District 1,South,Cardiology,Cash,0,0
HCP0088,9999000088,2025-10,S-CAR-02,South District 2,South,Cardiology,Commercial,1,1
HCP0089,9999000089,2025-10,S-CAR-01,South District 1,South,Cardiology,Medicare Part D,0,0
HCP0091,9999000091,2025-10,S-CAR-01,South District 1,South,Cardiology,Cash,0,0
HCP0092,9999000092,2025-10,S-CAR-02,South District 2,South,Cardiology,Commercial,0,0
HCP0093,9999000093,2025-10,S-CAR-01,South District 1,South,Cardiology,Medicare Part D,2,2
HCP0094,9999000094,2025-10,S-CAR-02,South District 2,South,Cardiology,Medicaid,0,0
HCP0096,9999000096,2025-10,S-CAR-02,South District 2,South,Cardiology,Commercial,2,2
HCP0097,9999000097,2025-10,S-CAR-01,South District 1,South,Cardiology,Medicare Part D,1,1
HCP0098,9999000098,2025-10,S-CAR-02,South District 2,South,Cardiology,Medicaid,3,3
HCP0099,9999000099,2025-10,S-CAR-01,South District 1,South,Cardiology,Cash,1,1
HCP0101,9999000101,2025-10,S-END-01,South District 1,South,Endocrinology,Medicare Part D,1,1
HCP0102,9999000102,2025-10,S-END-02,South District 2,South,Endocrinology,Medicaid,1,1
HCP0103,9999000103,2025-10,S-END-01,South District 1,South,Endocrinology,Cash,2,1
HCP0104,9999000104,2025-10,S-END-02,South District 2,South,Endocrinology,Commercial,1,1
HCP0106,9999000106,2025-10,S-END-02,South District 2,South,Endocrinology,Medicaid,0,0
HCP0107,9999000107,2025-10,S-END-01,South District 1,South,Endocrinology,Cash,1,1
HCP0108,9999000108,2025-10,S-END-02,South District 2,South,Endocrinology,Commercial,1,1
HCP0109,9999000109,2025-10,S-END-01,South District 1,South,Endocrinology,Medicare Part D,0,0
HCP0111,9999000111,2025-10,S-END-01,South District 1,South,Endocrinology,Cash,0,0
HCP0112,9999000112,2025-10,S-END-02,South District 2,South,Endocrinology,Commercial,0,0
HCP0113,9999000113,2025-10,S-END-01,South District 1,South,Endocrinology,Medicare Part D,0,0
HCP0114,9999000114,2025-10,S-END-02,South District 2,South,Endocrinology,Medicaid,0,0
HCP0116,9999000116,2025-10,S-END-02,South District 2,South,Endocrinology,Commercial,0,0
HCP0117,9999000117,2025-10,S-END-01,South District 1,South,Endocrinology,Medicare Part D,2,2
HCP0118,9999000118,2025-10,S-END-02,South District 2,South,Endocrinology,Medicaid,0,0
HCP0119,9999000119,2025-10,S-END-01,South District 1,South,Endocrinology,Cash,1,1
HCP0121,9999000121,2025-10,E-PCP-01,East District 1,East,Primary Care,Medicaid,0,0
HCP0122,9999000122,2025-10,E-PCP-02,East District 2,East,Primary Care,Cash,0,0
HCP0123,9999000123,2025-10,E-PCP-01,East District 1,East,Primary Care,Commercial,1,1
HCP0124,9999000124,2025-10,E-PCP-02,East District 2,East,Primary Care,Medicare Part D,3,3
HCP0126,9999000126,2025-10,E-PCP-02,East District 2,East,Primary Care,Cash,0,0
HCP0127,9999000127,2025-10,E-PCP-01,East District 1,East,Primary Care,Commercial,0,0
HCP0128,9999000128,2025-10,E-PCP-02,East District 2,East,Primary Care,Medicare Part D,0,0
HCP0129,9999000129,2025-10,E-PCP-01,East District 1,East,Primary Care,Medicaid,1,1
HCP0131,9999000131,2025-10,E-PCP-01,East District 1,East,Primary Care,Commercial,1,1
HCP0132,9999000132,2025-10,E-PCP-02,East District 2,East,Primary Care,Medicare Part D,0,0
HCP0133,9999000133,2025-10,E-PCP-01,East District 1,East,Primary Care,Medicaid,0,0
HCP0134,9999000134,2025-10,E-PCP-02,East District 2,East,Primary Care,Cash,0,0
HCP0136,9999000136,2025-10,E-PCP-02,East District 2,East,Primary Care,Medicare Part D,1,1
HCP0137,9999000137,2025-10,E-PCP-01,East District 1,East,Primary Care,Medicaid,0,0
HCP0138,9999000138,2025-10,E-PCP-02,East District 2,East,Primary Care,Cash,0,0
HCP0139,9999000139,2025-10,E-PCP-01,East District 1,East,Primary Care,Commercial,0,0
HCP0141,9999000141,2025-10,E-CAR-01,East District 1,East,Cardiology,Medicaid,0,0
HCP0142,9999000142,2025-10,E-CAR-02,East District 2,East,Cardiology,Cash,0,0
HCP0143,9999000143,2025-10,E-CAR-01,East District 1,East,Cardiology,Commercial,1,1
HCP0144,9999000144,2025-10,E-CAR-02,East District 2,East,Cardiology,Medicare Part D,4,4
HCP0146,9999000146,2025-10,E-CAR-02,East District 2,East,Cardiology,Cash,1,1
HCP0147,9999000147,2025-10,E-CAR-01,East District 1,East,Cardiology,Commercial,2,1
HCP0148,9999000148,2025-10,E-CAR-02,East District 2,East,Cardiology,Medicare Part D,2,2
HCP0149,9999000149,2025-10,E-CAR-01,East District 1,East,Cardiology,Medicaid,3,3
HCP0151,9999000151,2025-10,E-CAR-01,East District 1,East,Cardiology,Commercial,2,2
HCP0152,9999000152,2025-10,E-CAR-02,East District 2,East,Cardiology,Medicare Part D,0,0
HCP0153,9999000153,2025-10,E-CAR-01,East District 1,East,Cardiology,Medicaid,0,0
HCP0154,9999000154,2025-10,E-CAR-02,East District 2,East,Cardiology,Cash,1,1
HCP0156,9999000156,2025-10,E-CAR-02,East District 2,East,Cardiology,Medicare Part D,2,2
HCP0157,9999000157,2025-10,E-CAR-01,East District 1,East,Cardiology,Medicaid,0,0
HCP0158,9999000158,2025-10,E-CAR-02,East District 2,East,Cardiology,Cash,1,1
HCP0159,9999000159,2025-10,E-CAR-01,East District 1,East,Cardiology,Commercial,1,1
HCP0161,9999000161,2025-10,E-END-01,East District 1,East,Endocrinology,Medicaid,0,0
HCP0162,9999000162,2025-10,E-END-02,East District 2,East,Endocrinology,Cash,0,0
HCP0163,9999000163,2025-10,E-END-01,East District 1,East,Endocrinology,Commercial,0,0
HCP0164,9999000164,2025-10,E-END-02,East District 2,East,Endocrinology,Medicare Part D,1,1
HCP0166,9999000166,2025-10,E-END-02,East District 2,East,Endocrinology,Cash,2,1
HCP0167,9999000167,2025-10,E-END-01,East District 1,East,Endocrinology,Commercial,4,2
HCP0168,9999000168,2025-10,E-END-02,East District 2,East,Endocrinology,Medicare Part D,0,0
HCP0169,9999000169,2025-10,E-END-01,East District 1,East,Endocrinology,Medicaid,0,0
HCP0171,9999000171,2025-10,E-END-01,East District 1,East,Endocrinology,Commercial,2,2
HCP0172,9999000172,2025-10,E-END-02,East District 2,East,Endocrinology,Medicare Part D,0,0
HCP0173,9999000173,2025-10,E-END-01,East District 1,East,Endocrinology,Medicaid,0,0
HCP0174,9999000174,2025-10,E-END-02,East District 2,East,Endocrinology,Cash,2,1
HCP0176,9999000176,2025-10,E-END-02,East District 2,East,Endocrinology,Medicare Part D,0,0
HCP0177,9999000177,2025-10,E-END-01,East District 1,East,Endocrinology,Medicaid,3,1
HCP0178,9999000178,2025-10,E-END-02,East District 2,East,Endocrinology,Cash,1,1
HCP0179,9999000179,2025-10,E-END-01,East District 1,East,Endocrinology,Commercial,2,1
HCP0181,9999000181,2025-10,W-PCP-01,West District 1,West,Primary Care,Cash,0,0
HCP0182,9999000182,2025-10,W-PCP-02,West District 2,West,Primary Care,Commercial,2,1
HCP0183,9999000183,2025-10,W-PCP-01,West District 1,West,Primary Care,Medicare Part D,1,1
HCP0184,9999000184,2025-10,W-PCP-02,West District 2,West,Primary Care,Medicaid,1,1
HCP0186,9999000186,2025-10,W-PCP-02,West District 2,West,Primary Care,Commercial,0,0
HCP0187,9999000187,2025-10,W-PCP-01,West District 1,West,Primary Care,Medicare Part D,0,0
HCP0188,9999000188,2025-10,W-PCP-02,West District 2,West,Primary Care,Medicaid,0,0
HCP0189,9999000189,2025-10,W-PCP-01,West District 1,West,Primary Care,Cash,0,0
HCP0191,9999000191,2025-10,W-PCP-01,West District 1,West,Primary Care,Medicare Part D,1,1
HCP0192,9999000192,2025-10,W-PCP-02,West District 2,West,Primary Care,Medicaid,2,1
HCP0193,9999000193,2025-10,W-PCP-01,West District 1,West,Primary Care,Cash,0,0
HCP0194,9999000194,2025-10,W-PCP-02,West District 2,West,Primary Care,Commercial,1,1
HCP0196,9999000196,2025-10,W-PCP-02,West District 2,West,Primary Care,Medicaid,0,0
HCP0197,9999000197,2025-10,W-PCP-01,West District 1,West,Primary Care,Cash,1,1
HCP0198,9999000198,2025-10,W-PCP-02,West District 2,West,Primary Care,Commercial,0,0
HCP0199,9999000199,2025-10,W-PCP-01,West District 1,West,Primary Care,Medicare Part D,1,1
HCP0201,9999000201,2025-10,W-CAR-01,West District 1,West,Cardiology,Cash,0,0
HCP0202,9999000202,2025-10,W-CAR-02,West District 2,West,Cardiology,Commercial,2,2
HCP0203,9999000203,2025-10,W-CAR-01,West District 1,West,Cardiology,Medicare Part D,1,1
HCP0204,9999000204,2025-10,W-CAR-02,West District 2,West,Cardiology,Medicaid,1,1
HCP0206,9999000206,2025-10,W-CAR-02,West District 2,West,Cardiology,Commercial,0,0
HCP0207,9999000207,2025-10,W-CAR-01,West District 1,West,Cardiology,Medicare Part D,1,1
HCP0208,9999000208,2025-10,W-CAR-02,West District 2,West,Cardiology,Medicaid,0,0
HCP0209,9999000209,2025-10,W-CAR-01,West District 1,West,Cardiology,Cash,3,3
HCP0211,9999000211,2025-10,W-CAR-01,West District 1,West,Cardiology,Medicare Part D,2,1
HCP0212,9999000212,2025-10,W-CAR-02,West District 2,West,Cardiology,Medicaid,2,2
HCP0213,9999000213,2025-10,W-CAR-01,West District 1,West,Cardiology,Cash,1,1
HCP0214,9999000214,2025-10,W-CAR-02,West District 2,West,Cardiology,Commercial,0,0
HCP0216,9999000216,2025-10,W-CAR-02,West District 2,West,Cardiology,Medicaid,2,1
HCP0217,9999000217,2025-10,W-CAR-01,West District 1,West,Cardiology,Cash,1,1
HCP0218,9999000218,2025-10,W-CAR-02,West District 2,West,Cardiology,Commercial,2,1
HCP0219,9999000219,2025-10,W-CAR-01,West District 1,West,Cardiology,Medicare Part D,0,0
HCP0221,9999000221,2025-10,W-END-01,West District 1,West,Endocrinology,Cash,2,1
HCP0222,9999000222,2025-10,W-END-02,West District 2,West,Endocrinology,Commercial,2,2
HCP0223,9999000223,2025-10,W-END-01,West District 1,West,Endocrinology,Medicare Part D,0,0
HCP0224,9999000224,2025-10,W-END-02,West District 2,West,Endocrinology,Medicaid,1,1
HCP0226,9999000226,2025-10,W-END-02,West District 2,West,Endocrinology,Commercial,0,0
HCP0227,9999000227,2025-10,W-END-01,West District 1,West,Endocrinology,Medicare Part D,0,0
HCP0228,9999000228,2025-10,W-END-02,West District 2,West,Endocrinology,Medicaid,0,0
HCP0229,9999000229,2025-10,W-END-01,West District 1,West,Endocrinology,Cash,0,0
HCP0231,9999000231,2025-10,W-END-01,West District 1,West,Endocrinology,Medicare Part D,0,0
HCP0232,9999000232,2025-10,W-END-02,West District 2,West,Endocrinology,Medicaid,0,0
HCP0233,9999000233,2025-10,W-END-01,West District 1,West,Endocrinology,Cash,0,0
HCP0234,9999000234,2025-10,W-END-02,West District 2,West,Endocrinology,Commercial,0,0
HCP0236,9999000236,2025-10,W-END-02,West District 2,West,Endocrinology,Medicaid,2,1
HCP0237,9999000237,2025-10,W-END-01,West District 1,West,Endocrinology,Cash,1,1
HCP0238,9999000238,2025-10,W-END-02,West District 2,West,Endocrinology,Commercial,1,1
HCP0239,9999000239,2025-10,W-END-01,West District 1,West,Endocrinology,Medicare Part D,0,0
HCP0001,9999000001,2025-11,N-PCP-01,North District 1,North,Primary Care,Commercial,0,0
HCP0002,9999000002,2025-11,N-PCP-02,North District 2,North,Primary Care,Medicare Part D,2,1
HCP0003,9999000003,2025-11,N-PCP-01,North District 1,North,Primary Care,Medicaid,1,1
HCP0004,9999000004,2025-11,N-PCP-02,North District 2,North,Primary Care,Cash,0,0
HCP0006,9999000006,2025-11,N-PCP-02,North District 2,North,Primary Care,Medicare Part D,0,0
HCP0007,9999000007,2025-11,N-PCP-01,North District 1,North,Primary Care,Medicaid,0,0
HCP0008,9999000008,2025-11,N-PCP-02,North District 2,North,Primary Care,Cash,0,0
HCP0009,9999000009,2025-11,N-PCP-01,North District 1,North,Primary Care,Commercial,0,0
HCP0011,9999000011,2025-11,N-PCP-01,North District 1,North,Primary Care,Medicaid,0,0
HCP0012,9999000012,2025-11,N-PCP-02,North District 2,North,Primary Care,Cash,1,1
HCP0013,9999000013,2025-11,N-PCP-01,North District 1,North,Primary Care,Commercial,2,2
HCP0014,9999000014,2025-11,N-PCP-02,North District 2,North,Primary Care,Medicare Part D,0,0
HCP0016,9999000016,2025-11,N-PCP-02,North District 2,North,Primary Care,Cash,1,1
HCP0017,9999000017,2025-11,N-PCP-01,North District 1,North,Primary Care,Commercial,2,2
HCP0018,9999000018,2025-11,N-PCP-02,North District 2,North,Primary Care,Medicare Part D,0,0
HCP0019,9999000019,2025-11,N-PCP-01,North District 1,North,Primary Care,Medicaid,0,0
HCP0021,9999000021,2025-11,N-CAR-01,North District 1,North,Cardiology,Commercial,1,1
HCP0022,9999000022,2025-11,N-CAR-02,North District 2,North,Cardiology,Medicare Part D,1,1
HCP0023,9999000023,2025-11,N-CAR-01,North District 1,North,Cardiology,Medicaid,1,1
HCP0024,9999000024,2025-11,N-CAR-02,North District 2,North,Cardiology,Cash,1,1
HCP0026,9999000026,2025-11,N-CAR-02,North District 2,North,Cardiology,Medicare Part D,0,0
HCP0027,9999000027,2025-11,N-CAR-01,North District 1,North,Cardiology,Medicaid,1,1
HCP0028,9999000028,2025-11,N-CAR-02,North District 2,North,Cardiology,Cash,1,1
HCP0029,9999000029,2025-11,N-CAR-01,North District 1,North,Cardiology,Commercial,0,0
HCP0031,9999000031,2025-11,N-CAR-01,North District 1,North,Cardiology,Medicaid,1,1
HCP0032,9999000032,2025-11,N-CAR-02,North District 2,North,Cardiology,Cash,0,0
HCP0033,9999000033,2025-11,N-CAR-01,North District 1,North,Cardiology,Commercial,1,1
HCP0034,9999000034,2025-11,N-CAR-02,North District 2,North,Cardiology,Medicare Part D,1,1
HCP0036,9999000036,2025-11,N-CAR-02,North District 2,North,Cardiology,Cash,0,0
HCP0037,9999000037,2025-11,N-CAR-01,North District 1,North,Cardiology,Commercial,1,1
HCP0038,9999000038,2025-11,N-CAR-02,North District 2,North,Cardiology,Medicare Part D,0,0
HCP0039,9999000039,2025-11,N-CAR-01,North District 1,North,Cardiology,Medicaid,1,1
HCP0041,9999000041,2025-11,N-END-01,North District 1,North,Endocrinology,Commercial,0,0
HCP0042,9999000042,2025-11,N-END-02,North District 2,North,Endocrinology,Medicare Part D,3,2
HCP0043,9999000043,2025-11,N-END-01,North District 1,North,Endocrinology,Medicaid,2,1
HCP0044,9999000044,2025-11,N-END-02,North District 2,North,Endocrinology,Cash,1,1
HCP0046,9999000046,2025-11,N-END-02,North District 2,North,Endocrinology,Medicare Part D,2,2
HCP0047,9999000047,2025-11,N-END-01,North District 1,North,Endocrinology,Medicaid,0,0
HCP0048,9999000048,2025-11,N-END-02,North District 2,North,Endocrinology,Cash,0,0
HCP0049,9999000049,2025-11,N-END-01,North District 1,North,Endocrinology,Commercial,0,0
HCP0051,9999000051,2025-11,N-END-01,North District 1,North,Endocrinology,Medicaid,0,0
HCP0052,9999000052,2025-11,N-END-02,North District 2,North,Endocrinology,Cash,1,1
HCP0053,9999000053,2025-11,N-END-01,North District 1,North,Endocrinology,Commercial,0,0
HCP0054,9999000054,2025-11,N-END-02,North District 2,North,Endocrinology,Medicare Part D,1,1
HCP0056,9999000056,2025-11,N-END-02,North District 2,North,Endocrinology,Cash,1,1
HCP0057,9999000057,2025-11,N-END-01,North District 1,North,Endocrinology,Commercial,0,0
HCP0058,9999000058,2025-11,N-END-02,North District 2,North,Endocrinology,Medicare Part D,1,1
HCP0059,9999000059,2025-11,N-END-01,North District 1,North,Endocrinology,Medicaid,1,1
HCP0061,9999000061,2025-11,S-PCP-01,South District 1,South,Primary Care,Medicare Part D,0,0
HCP0062,9999000062,2025-11,S-PCP-02,South District 2,South,Primary Care,Medicaid,0,0
HCP0063,9999000063,2025-11,S-PCP-01,South District 1,South,Primary Care,Cash,0,0
HCP0064,9999000064,2025-11,S-PCP-02,South District 2,South,Primary Care,Commercial,1,1
HCP0066,9999000066,2025-11,S-PCP-02,South District 2,South,Primary Care,Medicaid,0,0
HCP0067,9999000067,2025-11,S-PCP-01,South District 1,South,Primary Care,Cash,2,1
HCP0068,9999000068,2025-11,S-PCP-02,South District 2,South,Primary Care,Commercial,0,0
HCP0069,9999000069,2025-11,S-PCP-01,South District 1,South,Primary Care,Medicare Part D,0,0
HCP0071,9999000071,2025-11,S-PCP-01,South District 1,South,Primary Care,Cash,0,0
HCP0072,9999000072,2025-11,S-PCP-02,South District 2,South,Primary Care,Commercial,0,0
HCP0073,9999000073,2025-11,S-PCP-01,South District 1,South,Primary Care,Medicare Part D,0,0
HCP0074,9999000074,2025-11,S-PCP-02,South District 2,South,Primary Care,Medicaid,0,0
HCP0076,9999000076,2025-11,S-PCP-02,South District 2,South,Primary Care,Commercial,1,1
HCP0077,9999000077,2025-11,S-PCP-01,South District 1,South,Primary Care,Medicare Part D,0,0
HCP0078,9999000078,2025-11,S-PCP-02,South District 2,South,Primary Care,Medicaid,0,0
HCP0079,9999000079,2025-11,S-PCP-01,South District 1,South,Primary Care,Cash,2,1
HCP0081,9999000081,2025-11,S-CAR-01,South District 1,South,Cardiology,Medicare Part D,0,0
HCP0082,9999000082,2025-11,S-CAR-02,South District 2,South,Cardiology,Medicaid,0,0
HCP0083,9999000083,2025-11,S-CAR-01,South District 1,South,Cardiology,Cash,1,1
HCP0084,9999000084,2025-11,S-CAR-02,South District 2,South,Cardiology,Commercial,3,3
HCP0086,9999000086,2025-11,S-CAR-02,South District 2,South,Cardiology,Medicaid,0,0
HCP0087,9999000087,2025-11,S-CAR-01,South District 1,South,Cardiology,Cash,2,2
HCP0088,9999000088,2025-11,S-CAR-02,South District 2,South,Cardiology,Commercial,1,1
HCP0089,9999000089,2025-11,S-CAR-01,South District 1,South,Cardiology,Medicare Part D,1,1
HCP0091,9999000091,2025-11,S-CAR-01,South District 1,South,Cardiology,Cash,0,0
HCP0092,9999000092,2025-11,S-CAR-02,South District 2,South,Cardiology,Commercial,1,1
HCP0093,9999000093,2025-11,S-CAR-01,South District 1,South,Cardiology,Medicare Part D,0,0
HCP0094,9999000094,2025-11,S-CAR-02,South District 2,South,Cardiology,Medicaid,1,1
HCP0096,9999000096,2025-11,S-CAR-02,South District 2,South,Cardiology,Commercial,0,0
HCP0097,9999000097,2025-11,S-CAR-01,South District 1,South,Cardiology,Medicare Part D,0,0
HCP0098,9999000098,2025-11,S-CAR-02,South District 2,South,Cardiology,Medicaid,0,0
HCP0099,9999000099,2025-11,S-CAR-01,South District 1,South,Cardiology,Cash,0,0
HCP0101,9999000101,2025-11,S-END-01,South District 1,South,Endocrinology,Medicare Part D,2,2
HCP0102,9999000102,2025-11,S-END-02,South District 2,South,Endocrinology,Medicaid,0,0
HCP0103,9999000103,2025-11,S-END-01,South District 1,South,Endocrinology,Cash,0,0
HCP0104,9999000104,2025-11,S-END-02,South District 2,South,Endocrinology,Commercial,2,1
HCP0106,9999000106,2025-11,S-END-02,South District 2,South,Endocrinology,Medicaid,2,2
HCP0107,9999000107,2025-11,S-END-01,South District 1,South,Endocrinology,Cash,0,0
HCP0108,9999000108,2025-11,S-END-02,South District 2,South,Endocrinology,Commercial,0,0
HCP0109,9999000109,2025-11,S-END-01,South District 1,South,Endocrinology,Medicare Part D,0,0
HCP0111,9999000111,2025-11,S-END-01,South District 1,South,Endocrinology,Cash,1,1
HCP0112,9999000112,2025-11,S-END-02,South District 2,South,Endocrinology,Commercial,2,1
HCP0113,9999000113,2025-11,S-END-01,South District 1,South,Endocrinology,Medicare Part D,0,0
HCP0114,9999000114,2025-11,S-END-02,South District 2,South,Endocrinology,Medicaid,2,2
HCP0116,9999000116,2025-11,S-END-02,South District 2,South,Endocrinology,Commercial,0,0
HCP0117,9999000117,2025-11,S-END-01,South District 1,South,Endocrinology,Medicare Part D,0,0
HCP0118,9999000118,2025-11,S-END-02,South District 2,South,Endocrinology,Medicaid,0,0
HCP0119,9999000119,2025-11,S-END-01,South District 1,South,Endocrinology,Cash,1,1
HCP0121,9999000121,2025-11,E-PCP-01,East District 1,East,Primary Care,Medicaid,0,0
HCP0122,9999000122,2025-11,E-PCP-02,East District 2,East,Primary Care,Cash,0,0
HCP0123,9999000123,2025-11,E-PCP-01,East District 1,East,Primary Care,Commercial,1,1
HCP0124,9999000124,2025-11,E-PCP-02,East District 2,East,Primary Care,Medicare Part D,0,0
HCP0126,9999000126,2025-11,E-PCP-02,East District 2,East,Primary Care,Cash,0,0
HCP0127,9999000127,2025-11,E-PCP-01,East District 1,East,Primary Care,Commercial,2,2
HCP0128,9999000128,2025-11,E-PCP-02,East District 2,East,Primary Care,Medicare Part D,1,1
HCP0129,9999000129,2025-11,E-PCP-01,East District 1,East,Primary Care,Medicaid,0,0
HCP0131,9999000131,2025-11,E-PCP-01,East District 1,East,Primary Care,Commercial,1,1
HCP0132,9999000132,2025-11,E-PCP-02,East District 2,East,Primary Care,Medicare Part D,0,0
HCP0133,9999000133,2025-11,E-PCP-01,East District 1,East,Primary Care,Medicaid,1,1
HCP0134,9999000134,2025-11,E-PCP-02,East District 2,East,Primary Care,Cash,0,0
HCP0136,9999000136,2025-11,E-PCP-02,East District 2,East,Primary Care,Medicare Part D,1,1
HCP0137,9999000137,2025-11,E-PCP-01,East District 1,East,Primary Care,Medicaid,1,1
HCP0138,9999000138,2025-11,E-PCP-02,East District 2,East,Primary Care,Cash,1,1
HCP0139,9999000139,2025-11,E-PCP-01,East District 1,East,Primary Care,Commercial,0,0
HCP0141,9999000141,2025-11,E-CAR-01,East District 1,East,Cardiology,Medicaid,1,1
HCP0142,9999000142,2025-11,E-CAR-02,East District 2,East,Cardiology,Cash,0,0
HCP0143,9999000143,2025-11,E-CAR-01,East District 1,East,Cardiology,Commercial,1,1
HCP0144,9999000144,2025-11,E-CAR-02,East District 2,East,Cardiology,Medicare Part D,2,2
HCP0146,9999000146,2025-11,E-CAR-02,East District 2,East,Cardiology,Cash,1,1
HCP0147,9999000147,2025-11,E-CAR-01,East District 1,East,Cardiology,Commercial,0,0
HCP0148,9999000148,2025-11,E-CAR-02,East District 2,East,Cardiology,Medicare Part D,1,1
HCP0149,9999000149,2025-11,E-CAR-01,East District 1,East,Cardiology,Medicaid,0,0
HCP0151,9999000151,2025-11,E-CAR-01,East District 1,East,Cardiology,Commercial,0,0
HCP0152,9999000152,2025-11,E-CAR-02,East District 2,East,Cardiology,Medicare Part D,0,0
HCP0153,9999000153,2025-11,E-CAR-01,East District 1,East,Cardiology,Medicaid,0,0
HCP0154,9999000154,2025-11,E-CAR-02,East District 2,East,Cardiology,Cash,1,1
HCP0156,9999000156,2025-11,E-CAR-02,East District 2,East,Cardiology,Medicare Part D,3,3
HCP0157,9999000157,2025-11,E-CAR-01,East District 1,East,Cardiology,Medicaid,0,0
HCP0158,9999000158,2025-11,E-CAR-02,East District 2,East,Cardiology,Cash,0,0
HCP0159,9999000159,2025-11,E-CAR-01,East District 1,East,Cardiology,Commercial,2,2
HCP0161,9999000161,2025-11,E-END-01,East District 1,East,Endocrinology,Medicaid,2,2
HCP0162,9999000162,2025-11,E-END-02,East District 2,East,Endocrinology,Cash,2,2
HCP0163,9999000163,2025-11,E-END-01,East District 1,East,Endocrinology,Commercial,1,1
HCP0164,9999000164,2025-11,E-END-02,East District 2,East,Endocrinology,Medicare Part D,0,0
HCP0166,9999000166,2025-11,E-END-02,East District 2,East,Endocrinology,Cash,0,0
HCP0167,9999000167,2025-11,E-END-01,East District 1,East,Endocrinology,Commercial,1,1
HCP0168,9999000168,2025-11,E-END-02,East District 2,East,Endocrinology,Medicare Part D,0,0
HCP0169,9999000169,2025-11,E-END-01,East District 1,East,Endocrinology,Medicaid,0,0
HCP0171,9999000171,2025-11,E-END-01,East District 1,East,Endocrinology,Commercial,2,1
HCP0172,9999000172,2025-11,E-END-02,East District 2,East,Endocrinology,Medicare Part D,0,0
HCP0173,9999000173,2025-11,E-END-01,East District 1,East,Endocrinology,Medicaid,4,4
HCP0174,9999000174,2025-11,E-END-02,East District 2,East,Endocrinology,Cash,0,0
HCP0176,9999000176,2025-11,E-END-02,East District 2,East,Endocrinology,Medicare Part D,0,0
HCP0177,9999000177,2025-11,E-END-01,East District 1,East,Endocrinology,Medicaid,2,1
HCP0178,9999000178,2025-11,E-END-02,East District 2,East,Endocrinology,Cash,3,2
HCP0179,9999000179,2025-11,E-END-01,East District 1,East,Endocrinology,Commercial,1,1
HCP0181,9999000181,2025-11,W-PCP-01,West District 1,West,Primary Care,Cash,0,0
HCP0182,9999000182,2025-11,W-PCP-02,West District 2,West,Primary Care,Commercial,0,0
HCP0183,9999000183,2025-11,W-PCP-01,West District 1,West,Primary Care,Medicare Part D,1,1
HCP0184,9999000184,2025-11,W-PCP-02,West District 2,West,Primary Care,Medicaid,0,0
HCP0186,9999000186,2025-11,W-PCP-02,West District 2,West,Primary Care,Commercial,2,1
HCP0187,9999000187,2025-11,W-PCP-01,West District 1,West,Primary Care,Medicare Part D,0,0
HCP0188,9999000188,2025-11,W-PCP-02,West District 2,West,Primary Care,Medicaid,0,0
HCP0189,9999000189,2025-11,W-PCP-01,West District 1,West,Primary Care,Cash,0,0
HCP0191,9999000191,2025-11,W-PCP-01,West District 1,West,Primary Care,Medicare Part D,0,0
HCP0192,9999000192,2025-11,W-PCP-02,West District 2,West,Primary Care,Medicaid,0,0
HCP0193,9999000193,2025-11,W-PCP-01,West District 1,West,Primary Care,Cash,0,0
HCP0194,9999000194,2025-11,W-PCP-02,West District 2,West,Primary Care,Commercial,1,1
HCP0196,9999000196,2025-11,W-PCP-02,West District 2,West,Primary Care,Medicaid,0,0
HCP0197,9999000197,2025-11,W-PCP-01,West District 1,West,Primary Care,Cash,0,0
HCP0198,9999000198,2025-11,W-PCP-02,West District 2,West,Primary Care,Commercial,0,0
HCP0199,9999000199,2025-11,W-PCP-01,West District 1,West,Primary Care,Medicare Part D,1,1
HCP0201,9999000201,2025-11,W-CAR-01,West District 1,West,Cardiology,Cash,0,0
HCP0202,9999000202,2025-11,W-CAR-02,West District 2,West,Cardiology,Commercial,0,0
HCP0203,9999000203,2025-11,W-CAR-01,West District 1,West,Cardiology,Medicare Part D,1,1
HCP0204,9999000204,2025-11,W-CAR-02,West District 2,West,Cardiology,Medicaid,0,0
HCP0206,9999000206,2025-11,W-CAR-02,West District 2,West,Cardiology,Commercial,2,2
HCP0207,9999000207,2025-11,W-CAR-01,West District 1,West,Cardiology,Medicare Part D,1,1
HCP0208,9999000208,2025-11,W-CAR-02,West District 2,West,Cardiology,Medicaid,0,0
HCP0209,9999000209,2025-11,W-CAR-01,West District 1,West,Cardiology,Cash,1,1
HCP0211,9999000211,2025-11,W-CAR-01,West District 1,West,Cardiology,Medicare Part D,0,0
HCP0212,9999000212,2025-11,W-CAR-02,West District 2,West,Cardiology,Medicaid,1,1
HCP0213,9999000213,2025-11,W-CAR-01,West District 1,West,Cardiology,Cash,4,2
HCP0214,9999000214,2025-11,W-CAR-02,West District 2,West,Cardiology,Commercial,0,0
HCP0216,9999000216,2025-11,W-CAR-02,West District 2,West,Cardiology,Medicaid,0,0
HCP0217,9999000217,2025-11,W-CAR-01,West District 1,West,Cardiology,Cash,0,0
HCP0218,9999000218,2025-11,W-CAR-02,West District 2,West,Cardiology,Commercial,0,0
HCP0219,9999000219,2025-11,W-CAR-01,West District 1,West,Cardiology,Medicare Part D,1,1
HCP0221,9999000221,2025-11,W-END-01,West District 1,West,Endocrinology,Cash,1,1
HCP0222,9999000222,2025-11,W-END-02,West District 2,West,Endocrinology,Commercial,2,2
HCP0223,9999000223,2025-11,W-END-01,West District 1,West,Endocrinology,Medicare Part D,0,0
HCP0224,9999000224,2025-11,W-END-02,West District 2,West,Endocrinology,Medicaid,1,1
HCP0226,9999000226,2025-11,W-END-02,West District 2,West,Endocrinology,Commercial,1,1
HCP0227,9999000227,2025-11,W-END-01,West District 1,West,Endocrinology,Medicare Part D,1,1
HCP0228,9999000228,2025-11,W-END-02,West District 2,West,Endocrinology,Medicaid,1,1
HCP0229,9999000229,2025-11,W-END-01,West District 1,West,Endocrinology,Cash,2,2
HCP0231,9999000231,2025-11,W-END-01,West District 1,West,Endocrinology,Medicare Part D,1,1
HCP0232,9999000232,2025-11,W-END-02,West District 2,West,Endocrinology,Medicaid,2,1
HCP0233,9999000233,2025-11,W-END-01,West District 1,West,Endocrinology,Cash,0,0
HCP0234,9999000234,2025-11,W-END-02,West District 2,West,Endocrinology,Commercial,1,1
HCP0236,9999000236,2025-11,W-END-02,West District 2,West,Endocrinology,Medicaid,1,1
HCP0237,9999000237,2025-11,W-END-01,West District 1,West,Endocrinology,Cash,0,0
HCP0238,9999000238,2025-11,W-END-02,West District 2,West,Endocrinology,Commercial,1,1
HCP0239,9999000239,2025-11,W-END-01,West District 1,West,Endocrinology,Medicare Part D,0,0
HCP0001,9999000001,2025-12,N-PCP-01,North District 1,North,Primary Care,Commercial,1,1
HCP0002,9999000002,2025-12,N-PCP-02,North District 2,North,Primary Care,Medicare Part D,0,0
HCP0003,9999000003,2025-12,N-PCP-01,North District 1,North,Primary Care,Medicaid,2,2
HCP0004,9999000004,2025-12,N-PCP-02,North District 2,North,Primary Care,Cash,2,1
HCP0006,9999000006,2025-12,N-PCP-02,North District 2,North,Primary Care,Medicare Part D,0,0
HCP0007,9999000007,2025-12,N-PCP-01,North District 1,North,Primary Care,Medicaid,0,0
HCP0008,9999000008,2025-12,N-PCP-02,North District 2,North,Primary Care,Cash,0,0
HCP0009,9999000009,2025-12,N-PCP-01,North District 1,North,Primary Care,Commercial,0,0
HCP0011,9999000011,2025-12,N-PCP-01,North District 1,North,Primary Care,Medicaid,0,0
HCP0012,9999000012,2025-12,N-PCP-02,North District 2,North,Primary Care,Cash,1,1
HCP0013,9999000013,2025-12,N-PCP-01,North District 1,North,Primary Care,Commercial,1,1
HCP0014,9999000014,2025-12,N-PCP-02,North District 2,North,Primary Care,Medicare Part D,1,1
HCP0016,9999000016,2025-12,N-PCP-02,North District 2,North,Primary Care,Cash,0,0
HCP0017,9999000017,2025-12,N-PCP-01,North District 1,North,Primary Care,Commercial,0,0
HCP0018,9999000018,2025-12,N-PCP-02,North District 2,North,Primary Care,Medicare Part D,0,0
HCP0019,9999000019,2025-12,N-PCP-01,North District 1,North,Primary Care,Medicaid,1,1
HCP0021,9999000021,2025-12,N-CAR-01,North District 1,North,Cardiology,Commercial,3,2
HCP0022,9999000022,2025-12,N-CAR-02,North District 2,North,Cardiology,Medicare Part D,2,2
HCP0023,9999000023,2025-12,N-CAR-01,North District 1,North,Cardiology,Medicaid,0,0
HCP0024,9999000024,2025-12,N-CAR-02,North District 2,North,Cardiology,Cash,1,1
HCP0026,9999000026,2025-12,N-CAR-02,North District 2,North,Cardiology,Medicare Part D,0,0
HCP0027,9999000027,2025-12,N-CAR-01,North District 1,North,Cardiology,Medicaid,1,1
HCP0028,9999000028,2025-12,N-CAR-02,North District 2,North,Cardiology,Cash,0,0
HCP0029,9999000029,2025-12,N-CAR-01,North District 1,North,Cardiology,Commercial,0,0
HCP0031,9999000031,2025-12,N-CAR-01,North District 1,North,Cardiology,Medicaid,1,1
HCP0032,9999000032,2025-12,N-CAR-02,North District 2,North,Cardiology,Cash,0,0
HCP0033,9999000033,2025-12,N-CAR-01,North District 1,North,Cardiology,Commercial,2,2
HCP0034,9999000034,2025-12,N-CAR-02,North District 2,North,Cardiology,Medicare Part D,0,0
HCP0036,9999000036,2025-12,N-CAR-02,North District 2,North,Cardiology,Cash,0,0
HCP0037,9999000037,2025-12,N-CAR-01,North District 1,North,Cardiology,Commercial,0,0
HCP0038,9999000038,2025-12,N-CAR-02,North District 2,North,Cardiology,Medicare Part D,0,0
HCP0039,9999000039,2025-12,N-CAR-01,North District 1,North,Cardiology,Medicaid,2,2
HCP0041,9999000041,2025-12,N-END-01,North District 1,North,Endocrinology,Commercial,1,1
HCP0042,9999000042,2025-12,N-END-02,North District 2,North,Endocrinology,Medicare Part D,0,0
HCP0043,9999000043,2025-12,N-END-01,North District 1,North,Endocrinology,Medicaid,1,1
HCP0044,9999000044,2025-12,N-END-02,North District 2,North,Endocrinology,Cash,0,0
HCP0046,9999000046,2025-12,N-END-02,North District 2,North,Endocrinology,Medicare Part D,0,0
HCP0047,9999000047,2025-12,N-END-01,North District 1,North,Endocrinology,Medicaid,1,1
HCP0048,9999000048,2025-12,N-END-02,North District 2,North,Endocrinology,Cash,1,1
HCP0049,9999000049,2025-12,N-END-01,North District 1,North,Endocrinology,Commercial,1,1
HCP0051,9999000051,2025-12,N-END-01,North District 1,North,Endocrinology,Medicaid,1,1
HCP0052,9999000052,2025-12,N-END-02,North District 2,North,Endocrinology,Cash,1,1
HCP0053,9999000053,2025-12,N-END-01,North District 1,North,Endocrinology,Commercial,2,2
HCP0054,9999000054,2025-12,N-END-02,North District 2,North,Endocrinology,Medicare Part D,1,1
HCP0056,9999000056,2025-12,N-END-02,North District 2,North,Endocrinology,Cash,0,0
HCP0057,9999000057,2025-12,N-END-01,North District 1,North,Endocrinology,Commercial,3,2
HCP0058,9999000058,2025-12,N-END-02,North District 2,North,Endocrinology,Medicare Part D,0,0
HCP0059,9999000059,2025-12,N-END-01,North District 1,North,Endocrinology,Medicaid,2,1
HCP0061,9999000061,2025-12,S-PCP-01,South District 1,South,Primary Care,Medicare Part D,1,1
HCP0062,9999000062,2025-12,S-PCP-02,South District 2,South,Primary Care,Medicaid,1,1
HCP0063,9999000063,2025-12,S-PCP-01,South District 1,South,Primary Care,Cash,0,0
HCP0064,9999000064,2025-12,S-PCP-02,South District 2,South,Primary Care,Commercial,0,0
HCP0066,9999000066,2025-12,S-PCP-02,South District 2,South,Primary Care,Medicaid,0,0
HCP0067,9999000067,2025-12,S-PCP-01,South District 1,South,Primary Care,Cash,1,1
HCP0068,9999000068,2025-12,S-PCP-02,South District 2,South,Primary Care,Commercial,0,0
HCP0069,9999000069,2025-12,S-PCP-01,South District 1,South,Primary Care,Medicare Part D,0,0
HCP0071,9999000071,2025-12,S-PCP-01,South District 1,South,Primary Care,Cash,1,1
HCP0072,9999000072,2025-12,S-PCP-02,South District 2,South,Primary Care,Commercial,0,0
HCP0073,9999000073,2025-12,S-PCP-01,South District 1,South,Primary Care,Medicare Part D,1,1
HCP0074,9999000074,2025-12,S-PCP-02,South District 2,South,Primary Care,Medicaid,0,0
HCP0076,9999000076,2025-12,S-PCP-02,South District 2,South,Primary Care,Commercial,2,2
HCP0077,9999000077,2025-12,S-PCP-01,South District 1,South,Primary Care,Medicare Part D,0,0
HCP0078,9999000078,2025-12,S-PCP-02,South District 2,South,Primary Care,Medicaid,0,0
HCP0079,9999000079,2025-12,S-PCP-01,South District 1,South,Primary Care,Cash,0,0
HCP0081,9999000081,2025-12,S-CAR-01,South District 1,South,Cardiology,Medicare Part D,0,0
HCP0082,9999000082,2025-12,S-CAR-02,South District 2,South,Cardiology,Medicaid,0,0
HCP0083,9999000083,2025-12,S-CAR-01,South District 1,South,Cardiology,Cash,0,0
HCP0084,9999000084,2025-12,S-CAR-02,South District 2,South,Cardiology,Commercial,1,1
HCP0086,9999000086,2025-12,S-CAR-02,South District 2,South,Cardiology,Medicaid,1,1
HCP0087,9999000087,2025-12,S-CAR-01,South District 1,South,Cardiology,Cash,1,1
HCP0088,9999000088,2025-12,S-CAR-02,South District 2,South,Cardiology,Commercial,2,2
HCP0089,9999000089,2025-12,S-CAR-01,South District 1,South,Cardiology,Medicare Part D,0,0
HCP0091,9999000091,2025-12,S-CAR-01,South District 1,South,Cardiology,Cash,2,2
HCP0092,9999000092,2025-12,S-CAR-02,South District 2,South,Cardiology,Commercial,0,0
HCP0093,9999000093,2025-12,S-CAR-01,South District 1,South,Cardiology,Medicare Part D,2,1
HCP0094,9999000094,2025-12,S-CAR-02,South District 2,South,Cardiology,Medicaid,0,0
HCP0096,9999000096,2025-12,S-CAR-02,South District 2,South,Cardiology,Commercial,0,0
HCP0097,9999000097,2025-12,S-CAR-01,South District 1,South,Cardiology,Medicare Part D,1,1
HCP0098,9999000098,2025-12,S-CAR-02,South District 2,South,Cardiology,Medicaid,0,0
HCP0099,9999000099,2025-12,S-CAR-01,South District 1,South,Cardiology,Cash,1,1
HCP0101,9999000101,2025-12,S-END-01,South District 1,South,Endocrinology,Medicare Part D,0,0
HCP0102,9999000102,2025-12,S-END-02,South District 2,South,Endocrinology,Medicaid,1,1
HCP0103,9999000103,2025-12,S-END-01,South District 1,South,Endocrinology,Cash,0,0
HCP0104,9999000104,2025-12,S-END-02,South District 2,South,Endocrinology,Commercial,3,3
HCP0106,9999000106,2025-12,S-END-02,South District 2,South,Endocrinology,Medicaid,3,2
HCP0107,9999000107,2025-12,S-END-01,South District 1,South,Endocrinology,Cash,0,0
HCP0108,9999000108,2025-12,S-END-02,South District 2,South,Endocrinology,Commercial,0,0
HCP0109,9999000109,2025-12,S-END-01,South District 1,South,Endocrinology,Medicare Part D,1,1
HCP0111,9999000111,2025-12,S-END-01,South District 1,South,Endocrinology,Cash,2,1
HCP0112,9999000112,2025-12,S-END-02,South District 2,South,Endocrinology,Commercial,0,0
HCP0113,9999000113,2025-12,S-END-01,South District 1,South,Endocrinology,Medicare Part D,2,2
HCP0114,9999000114,2025-12,S-END-02,South District 2,South,Endocrinology,Medicaid,0,0
HCP0116,9999000116,2025-12,S-END-02,South District 2,South,Endocrinology,Commercial,0,0
HCP0117,9999000117,2025-12,S-END-01,South District 1,South,Endocrinology,Medicare Part D,0,0
HCP0118,9999000118,2025-12,S-END-02,South District 2,South,Endocrinology,Medicaid,2,1
HCP0119,9999000119,2025-12,S-END-01,South District 1,South,Endocrinology,Cash,1,1
HCP0121,9999000121,2025-12,E-PCP-01,East District 1,East,Primary Care,Medicaid,0,0
HCP0122,9999000122,2025-12,E-PCP-02,East District 2,East,Primary Care,Cash,1,1
HCP0123,9999000123,2025-12,E-PCP-01,East District 1,East,Primary Care,Commercial,2,1
HCP0124,9999000124,2025-12,E-PCP-02,East District 2,East,Primary Care,Medicare Part D,2,2
HCP0126,9999000126,2025-12,E-PCP-02,East District 2,East,Primary Care,Cash,0,0
HCP0127,9999000127,2025-12,E-PCP-01,East District 1,East,Primary Care,Commercial,0,0
HCP0128,9999000128,2025-12,E-PCP-02,East District 2,East,Primary Care,Medicare Part D,1,1
HCP0129,9999000129,2025-12,E-PCP-01,East District 1,East,Primary Care,Medicaid,1,1
HCP0131,9999000131,2025-12,E-PCP-01,East District 1,East,Primary Care,Commercial,0,0
HCP0132,9999000132,2025-12,E-PCP-02,East District 2,East,Primary Care,Medicare Part D,3,1
HCP0133,9999000133,2025-12,E-PCP-01,East District 1,East,Primary Care,Medicaid,0,0
HCP0134,9999000134,2025-12,E-PCP-02,East District 2,East,Primary Care,Cash,1,1
HCP0136,9999000136,2025-12,E-PCP-02,East District 2,East,Primary Care,Medicare Part D,1,1
HCP0137,9999000137,2025-12,E-PCP-01,East District 1,East,Primary Care,Medicaid,0,0
HCP0138,9999000138,2025-12,E-PCP-02,East District 2,East,Primary Care,Cash,1,1
HCP0139,9999000139,2025-12,E-PCP-01,East District 1,East,Primary Care,Commercial,1,1
HCP0141,9999000141,2025-12,E-CAR-01,East District 1,East,Cardiology,Medicaid,1,1
HCP0142,9999000142,2025-12,E-CAR-02,East District 2,East,Cardiology,Cash,2,1
HCP0143,9999000143,2025-12,E-CAR-01,East District 1,East,Cardiology,Commercial,0,0
HCP0144,9999000144,2025-12,E-CAR-02,East District 2,East,Cardiology,Medicare Part D,1,1
HCP0146,9999000146,2025-12,E-CAR-02,East District 2,East,Cardiology,Cash,0,0
HCP0147,9999000147,2025-12,E-CAR-01,East District 1,East,Cardiology,Commercial,0,0
HCP0148,9999000148,2025-12,E-CAR-02,East District 2,East,Cardiology,Medicare Part D,0,0
HCP0149,9999000149,2025-12,E-CAR-01,East District 1,East,Cardiology,Medicaid,0,0
HCP0151,9999000151,2025-12,E-CAR-01,East District 1,East,Cardiology,Commercial,1,1
HCP0152,9999000152,2025-12,E-CAR-02,East District 2,East,Cardiology,Medicare Part D,0,0
HCP0153,9999000153,2025-12,E-CAR-01,East District 1,East,Cardiology,Medicaid,2,1
HCP0154,9999000154,2025-12,E-CAR-02,East District 2,East,Cardiology,Cash,0,0
HCP0156,9999000156,2025-12,E-CAR-02,East District 2,East,Cardiology,Medicare Part D,2,2
HCP0157,9999000157,2025-12,E-CAR-01,East District 1,East,Cardiology,Medicaid,0,0
HCP0158,9999000158,2025-12,E-CAR-02,East District 2,East,Cardiology,Cash,0,0
HCP0159,9999000159,2025-12,E-CAR-01,East District 1,East,Cardiology,Commercial,0,0
HCP0161,9999000161,2025-12,E-END-01,East District 1,East,Endocrinology,Medicaid,3,3
HCP0162,9999000162,2025-12,E-END-02,East District 2,East,Endocrinology,Cash,2,2
HCP0163,9999000163,2025-12,E-END-01,East District 1,East,Endocrinology,Commercial,1,1
HCP0164,9999000164,2025-12,E-END-02,East District 2,East,Endocrinology,Medicare Part D,0,0
HCP0166,9999000166,2025-12,E-END-02,East District 2,East,Endocrinology,Cash,0,0
HCP0167,9999000167,2025-12,E-END-01,East District 1,East,Endocrinology,Commercial,2,1
HCP0168,9999000168,2025-12,E-END-02,East District 2,East,Endocrinology,Medicare Part D,2,2
HCP0169,9999000169,2025-12,E-END-01,East District 1,East,Endocrinology,Medicaid,1,1
HCP0171,9999000171,2025-12,E-END-01,East District 1,East,Endocrinology,Commercial,2,1
HCP0172,9999000172,2025-12,E-END-02,East District 2,East,Endocrinology,Medicare Part D,1,1
HCP0173,9999000173,2025-12,E-END-01,East District 1,East,Endocrinology,Medicaid,1,1
HCP0174,9999000174,2025-12,E-END-02,East District 2,East,Endocrinology,Cash,1,1
HCP0176,9999000176,2025-12,E-END-02,East District 2,East,Endocrinology,Medicare Part D,0,0
HCP0177,9999000177,2025-12,E-END-01,East District 1,East,Endocrinology,Medicaid,2,2
HCP0178,9999000178,2025-12,E-END-02,East District 2,East,Endocrinology,Cash,0,0
HCP0179,9999000179,2025-12,E-END-01,East District 1,East,Endocrinology,Commercial,0,0
HCP0181,9999000181,2025-12,W-PCP-01,West District 1,West,Primary Care,Cash,1,1
HCP0182,9999000182,2025-12,W-PCP-02,West District 2,West,Primary Care,Commercial,0,0
HCP0183,9999000183,2025-12,W-PCP-01,West District 1,West,Primary Care,Medicare Part D,0,0
HCP0184,9999000184,2025-12,W-PCP-02,West District 2,West,Primary Care,Medicaid,0,0
HCP0186,9999000186,2025-12,W-PCP-02,West District 2,West,Primary Care,Commercial,1,1
HCP0187,9999000187,2025-12,W-PCP-01,West District 1,West,Primary Care,Medicare Part D,1,1
HCP0188,9999000188,2025-12,W-PCP-02,West District 2,West,Primary Care,Medicaid,1,1
HCP0189,9999000189,2025-12,W-PCP-01,West District 1,West,Primary Care,Cash,1,1
HCP0191,9999000191,2025-12,W-PCP-01,West District 1,West,Primary Care,Medicare Part D,1,1
HCP0192,9999000192,2025-12,W-PCP-02,West District 2,West,Primary Care,Medicaid,1,1
HCP0193,9999000193,2025-12,W-PCP-01,West District 1,West,Primary Care,Cash,1,1
HCP0194,9999000194,2025-12,W-PCP-02,West District 2,West,Primary Care,Commercial,1,1
HCP0196,9999000196,2025-12,W-PCP-02,West District 2,West,Primary Care,Medicaid,0,0
HCP0197,9999000197,2025-12,W-PCP-01,West District 1,West,Primary Care,Cash,0,0
HCP0198,9999000198,2025-12,W-PCP-02,West District 2,West,Primary Care,Commercial,0,0
HCP0199,9999000199,2025-12,W-PCP-01,West District 1,West,Primary Care,Medicare Part D,2,1
HCP0201,9999000201,2025-12,W-CAR-01,West District 1,West,Cardiology,Cash,0,0
HCP0202,9999000202,2025-12,W-CAR-02,West District 2,West,Cardiology,Commercial,0,0
HCP0203,9999000203,2025-12,W-CAR-01,West District 1,West,Cardiology,Medicare Part D,2,2
HCP0204,9999000204,2025-12,W-CAR-02,West District 2,West,Cardiology,Medicaid,3,1
HCP0206,9999000206,2025-12,W-CAR-02,West District 2,West,Cardiology,Commercial,1,1
HCP0207,9999000207,2025-12,W-CAR-01,West District 1,West,Cardiology,Medicare Part D,0,0
HCP0208,9999000208,2025-12,W-CAR-02,West District 2,West,Cardiology,Medicaid,0,0
HCP0209,9999000209,2025-12,W-CAR-01,West District 1,West,Cardiology,Cash,0,0
HCP0211,9999000211,2025-12,W-CAR-01,West District 1,West,Cardiology,Medicare Part D,2,2
HCP0212,9999000212,2025-12,W-CAR-02,West District 2,West,Cardiology,Medicaid,0,0
HCP0213,9999000213,2025-12,W-CAR-01,West District 1,West,Cardiology,Cash,1,1
HCP0214,9999000214,2025-12,W-CAR-02,West District 2,West,Cardiology,Commercial,3,3
HCP0216,9999000216,2025-12,W-CAR-02,West District 2,West,Cardiology,Medicaid,1,1
HCP0217,9999000217,2025-12,W-CAR-01,West District 1,West,Cardiology,Cash,2,1
HCP0218,9999000218,2025-12,W-CAR-02,West District 2,West,Cardiology,Commercial,2,2
HCP0219,9999000219,2025-12,W-CAR-01,West District 1,West,Cardiology,Medicare Part D,1,1
HCP0221,9999000221,2025-12,W-END-01,West District 1,West,Endocrinology,Cash,1,1
HCP0222,9999000222,2025-12,W-END-02,West District 2,West,Endocrinology,Commercial,1,1
HCP0223,9999000223,2025-12,W-END-01,West District 1,West,Endocrinology,Medicare Part D,0,0
HCP0224,9999000224,2025-12,W-END-02,West District 2,West,Endocrinology,Medicaid,0,0
HCP0226,9999000226,2025-12,W-END-02,West District 2,West,Endocrinology,Commercial,0,0
HCP0227,9999000227,2025-12,W-END-01,West District 1,West,Endocrinology,Medicare Part D,0,0
HCP0228,9999000228,2025-12,W-END-02,West District 2,West,Endocrinology,Medicaid,1,1
HCP0229,9999000229,2025-12,W-END-01,West District 1,West,Endocrinology,Cash,1,1
HCP0231,9999000231,2025-12,W-END-01,West District 1,West,Endocrinology,Medicare Part D,2,1
HCP0232,9999000232,2025-12,W-END-02,West District 2,West,Endocrinology,Medicaid,1,1
HCP0233,9999000233,2025-12,W-END-01,West District 1,West,Endocrinology,Cash,2,2
HCP0234,9999000234,2025-12,W-END-02,West District 2,West,Endocrinology,Commercial,0,0
HCP0236,9999000236,2025-12,W-END-02,West District 2,West,Endocrinology,Medicaid,0,0
HCP0237,9999000237,2025-12,W-END-01,West District 1,West,Endocrinology,Cash,1,1
HCP0238,9999000238,2025-12,W-END-02,West District 2,West,Endocrinology,Commercial,1,1
HCP0239,9999000239,2025-12,W-END-01,West District 1,West,Endocrinology,Medicare Part D,0,0
HCP0001,9999000001,2026-01,N-PCP-01,North District 1,North,Primary Care,Commercial,0,0
HCP0002,9999000002,2026-01,N-PCP-02,North District 2,North,Primary Care,Medicare Part D,1,1
HCP0003,9999000003,2026-01,N-PCP-01,North District 1,North,Primary Care,Medicaid,1,1
HCP0004,9999000004,2026-01,N-PCP-02,North District 2,North,Primary Care,Cash,0,0
HCP0006,9999000006,2026-01,N-PCP-02,North District 2,North,Primary Care,Medicare Part D,0,0
HCP0007,9999000007,2026-01,N-PCP-01,North District 1,North,Primary Care,Medicaid,0,0
HCP0008,9999000008,2026-01,N-PCP-02,North District 2,North,Primary Care,Cash,1,1
HCP0009,9999000009,2026-01,N-PCP-01,North District 1,North,Primary Care,Commercial,1,1
HCP0011,9999000011,2026-01,N-PCP-01,North District 1,North,Primary Care,Medicaid,2,1
HCP0012,9999000012,2026-01,N-PCP-02,North District 2,North,Primary Care,Cash,0,0
HCP0013,9999000013,2026-01,N-PCP-01,North District 1,North,Primary Care,Commercial,0,0
HCP0014,9999000014,2026-01,N-PCP-02,North District 2,North,Primary Care,Medicare Part D,0,0
HCP0016,9999000016,2026-01,N-PCP-02,North District 2,North,Primary Care,Cash,0,0
HCP0017,9999000017,2026-01,N-PCP-01,North District 1,North,Primary Care,Commercial,0,0
HCP0018,9999000018,2026-01,N-PCP-02,North District 2,North,Primary Care,Medicare Part D,1,1
HCP0019,9999000019,2026-01,N-PCP-01,North District 1,North,Primary Care,Medicaid,1,1
HCP0021,9999000021,2026-01,N-CAR-01,North District 1,North,Cardiology,Commercial,0,0
HCP0022,9999000022,2026-01,N-CAR-02,North District 2,North,Cardiology,Medicare Part D,0,0
HCP0023,9999000023,2026-01,N-CAR-01,North District 1,North,Cardiology,Medicaid,2,2
HCP0024,9999000024,2026-01,N-CAR-02,North District 2,North,Cardiology,Cash,0,0
HCP0026,9999000026,2026-01,N-CAR-02,North District 2,North,Cardiology,Medicare Part D,0,0
HCP0027,9999000027,2026-01,N-CAR-01,North District 1,North,Cardiology,Medicaid,0,0
HCP0028,9999000028,2026-01,N-CAR-02,North District 2,North,Cardiology,Cash,1,1
HCP0029,9999000029,2026-01,N-CAR-01,North District 1,North,Cardiology,Commercial,1,1
HCP0031,9999000031,2026-01,N-CAR-01,North District 1,North,Cardiology,Medicaid,0,0
HCP0032,9999000032,2026-01,N-CAR-02,North District 2,North,Cardiology,Cash,2,2
HCP0033,9999000033,2026-01,N-CAR-01,North District 1,North,Cardiology,Commercial,3,2
HCP0034,9999000034,2026-01,N-CAR-02,North District 2,North,Cardiology,Medicare Part D,0,0
HCP0036,9999000036,2026-01,N-CAR-02,North District 2,North,Cardiology,Cash,1,1
HCP0037,9999000037,2026-01,N-CAR-01,North District 1,North,Cardiology,Commercial,0,0
HCP0038,9999000038,2026-01,N-CAR-02,North District 2,North,Cardiology,Medicare Part D,3,2
HCP0039,9999000039,2026-01,N-CAR-01,North District 1,North,Cardiology,Medicaid,0,0
HCP0041,9999000041,2026-01,N-END-01,North District 1,North,Endocrinology,Commercial,0,0
HCP0042,9999000042,2026-01,N-END-02,North District 2,North,Endocrinology,Medicare Part D,3,2
HCP0043,9999000043,2026-01,N-END-01,North District 1,North,Endocrinology,Medicaid,1,1
HCP0044,9999000044,2026-01,N-END-02,North District 2,North,Endocrinology,Cash,0,0
HCP0046,9999000046,2026-01,N-END-02,North District 2,North,Endocrinology,Medicare Part D,1,1
HCP0047,9999000047,2026-01,N-END-01,North District 1,North,Endocrinology,Medicaid,1,1
HCP0048,9999000048,2026-01,N-END-02,North District 2,North,Endocrinology,Cash,1,1
HCP0049,9999000049,2026-01,N-END-01,North District 1,North,Endocrinology,Commercial,0,0
HCP0051,9999000051,2026-01,N-END-01,North District 1,North,Endocrinology,Medicaid,0,0
HCP0052,9999000052,2026-01,N-END-02,North District 2,North,Endocrinology,Cash,1,1
HCP0053,9999000053,2026-01,N-END-01,North District 1,North,Endocrinology,Commercial,1,1
HCP0054,9999000054,2026-01,N-END-02,North District 2,North,Endocrinology,Medicare Part D,0,0
HCP0056,9999000056,2026-01,N-END-02,North District 2,North,Endocrinology,Cash,1,1
HCP0057,9999000057,2026-01,N-END-01,North District 1,North,Endocrinology,Commercial,1,1
HCP0058,9999000058,2026-01,N-END-02,North District 2,North,Endocrinology,Medicare Part D,1,1
HCP0059,9999000059,2026-01,N-END-01,North District 1,North,Endocrinology,Medicaid,1,1
HCP0061,9999000061,2026-01,S-PCP-01,South District 1,South,Primary Care,Medicare Part D,0,0
HCP0062,9999000062,2026-01,S-PCP-02,South District 2,South,Primary Care,Medicaid,1,1
HCP0063,9999000063,2026-01,S-PCP-01,South District 1,South,Primary Care,Cash,1,1
HCP0064,9999000064,2026-01,S-PCP-02,South District 2,South,Primary Care,Commercial,1,1
HCP0066,9999000066,2026-01,S-PCP-02,South District 2,South,Primary Care,Medicaid,1,1
HCP0067,9999000067,2026-01,S-PCP-01,South District 1,South,Primary Care,Cash,0,0
HCP0068,9999000068,2026-01,S-PCP-02,South District 2,South,Primary Care,Commercial,0,0
HCP0069,9999000069,2026-01,S-PCP-01,South District 1,South,Primary Care,Medicare Part D,0,0
HCP0071,9999000071,2026-01,S-PCP-01,South District 1,South,Primary Care,Cash,1,1
HCP0072,9999000072,2026-01,S-PCP-02,South District 2,South,Primary Care,Commercial,0,0
HCP0073,9999000073,2026-01,S-PCP-01,South District 1,South,Primary Care,Medicare Part D,0,0
HCP0074,9999000074,2026-01,S-PCP-02,South District 2,South,Primary Care,Medicaid,1,1
HCP0076,9999000076,2026-01,S-PCP-02,South District 2,South,Primary Care,Commercial,0,0
HCP0077,9999000077,2026-01,S-PCP-01,South District 1,South,Primary Care,Medicare Part D,1,1
HCP0078,9999000078,2026-01,S-PCP-02,South District 2,South,Primary Care,Medicaid,1,1
HCP0079,9999000079,2026-01,S-PCP-01,South District 1,South,Primary Care,Cash,0,0
HCP0081,9999000081,2026-01,S-CAR-01,South District 1,South,Cardiology,Medicare Part D,0,0
HCP0082,9999000082,2026-01,S-CAR-02,South District 2,South,Cardiology,Medicaid,0,0
HCP0083,9999000083,2026-01,S-CAR-01,South District 1,South,Cardiology,Cash,0,0
HCP0084,9999000084,2026-01,S-CAR-02,South District 2,South,Cardiology,Commercial,0,0
HCP0086,9999000086,2026-01,S-CAR-02,South District 2,South,Cardiology,Medicaid,1,1
HCP0087,9999000087,2026-01,S-CAR-01,South District 1,South,Cardiology,Cash,2,2
HCP0088,9999000088,2026-01,S-CAR-02,South District 2,South,Cardiology,Commercial,0,0
HCP0089,9999000089,2026-01,S-CAR-01,South District 1,South,Cardiology,Medicare Part D,0,0
HCP0091,9999000091,2026-01,S-CAR-01,South District 1,South,Cardiology,Cash,0,0
HCP0092,9999000092,2026-01,S-CAR-02,South District 2,South,Cardiology,Commercial,4,3
HCP0093,9999000093,2026-01,S-CAR-01,South District 1,South,Cardiology,Medicare Part D,0,0
HCP0094,9999000094,2026-01,S-CAR-02,South District 2,South,Cardiology,Medicaid,0,0
HCP0096,9999000096,2026-01,S-CAR-02,South District 2,South,Cardiology,Commercial,1,1
HCP0097,9999000097,2026-01,S-CAR-01,South District 1,South,Cardiology,Medicare Part D,2,2
HCP0098,9999000098,2026-01,S-CAR-02,South District 2,South,Cardiology,Medicaid,1,1
HCP0099,9999000099,2026-01,S-CAR-01,South District 1,South,Cardiology,Cash,0,0
HCP0101,9999000101,2026-01,S-END-01,South District 1,South,Endocrinology,Medicare Part D,0,0
HCP0102,9999000102,2026-01,S-END-02,South District 2,South,Endocrinology,Medicaid,1,1
HCP0103,9999000103,2026-01,S-END-01,South District 1,South,Endocrinology,Cash,1,1
HCP0104,9999000104,2026-01,S-END-02,South District 2,South,Endocrinology,Commercial,0,0
HCP0106,9999000106,2026-01,S-END-02,South District 2,South,Endocrinology,Medicaid,0,0
HCP0107,9999000107,2026-01,S-END-01,South District 1,South,Endocrinology,Cash,1,1
HCP0108,9999000108,2026-01,S-END-02,South District 2,South,Endocrinology,Commercial,1,1
HCP0109,9999000109,2026-01,S-END-01,South District 1,South,Endocrinology,Medicare Part D,1,1
HCP0111,9999000111,2026-01,S-END-01,South District 1,South,Endocrinology,Cash,0,0
HCP0112,9999000112,2026-01,S-END-02,South District 2,South,Endocrinology,Commercial,1,1
HCP0113,9999000113,2026-01,S-END-01,South District 1,South,Endocrinology,Medicare Part D,0,0
HCP0114,9999000114,2026-01,S-END-02,South District 2,South,Endocrinology,Medicaid,1,1
HCP0116,9999000116,2026-01,S-END-02,South District 2,South,Endocrinology,Commercial,0,0
HCP0117,9999000117,2026-01,S-END-01,South District 1,South,Endocrinology,Medicare Part D,2,1
HCP0118,9999000118,2026-01,S-END-02,South District 2,South,Endocrinology,Medicaid,0,0
HCP0119,9999000119,2026-01,S-END-01,South District 1,South,Endocrinology,Cash,3,1
HCP0121,9999000121,2026-01,E-PCP-01,East District 1,East,Primary Care,Medicaid,0,0
HCP0122,9999000122,2026-01,E-PCP-02,East District 2,East,Primary Care,Cash,1,1
HCP0123,9999000123,2026-01,E-PCP-01,East District 1,East,Primary Care,Commercial,1,1
HCP0124,9999000124,2026-01,E-PCP-02,East District 2,East,Primary Care,Medicare Part D,1,1
HCP0126,9999000126,2026-01,E-PCP-02,East District 2,East,Primary Care,Cash,0,0
HCP0127,9999000127,2026-01,E-PCP-01,East District 1,East,Primary Care,Commercial,3,3
HCP0128,9999000128,2026-01,E-PCP-02,East District 2,East,Primary Care,Medicare Part D,0,0
HCP0129,9999000129,2026-01,E-PCP-01,East District 1,East,Primary Care,Medicaid,0,0
HCP0131,9999000131,2026-01,E-PCP-01,East District 1,East,Primary Care,Commercial,1,1
HCP0132,9999000132,2026-01,E-PCP-02,East District 2,East,Primary Care,Medicare Part D,0,0
HCP0133,9999000133,2026-01,E-PCP-01,East District 1,East,Primary Care,Medicaid,2,1
HCP0134,9999000134,2026-01,E-PCP-02,East District 2,East,Primary Care,Cash,4,2
HCP0136,9999000136,2026-01,E-PCP-02,East District 2,East,Primary Care,Medicare Part D,1,1
HCP0137,9999000137,2026-01,E-PCP-01,East District 1,East,Primary Care,Medicaid,1,1
HCP0138,9999000138,2026-01,E-PCP-02,East District 2,East,Primary Care,Cash,3,1
HCP0139,9999000139,2026-01,E-PCP-01,East District 1,East,Primary Care,Commercial,0,0
HCP0141,9999000141,2026-01,E-CAR-01,East District 1,East,Cardiology,Medicaid,2,1
HCP0142,9999000142,2026-01,E-CAR-02,East District 2,East,Cardiology,Cash,2,2
HCP0143,9999000143,2026-01,E-CAR-01,East District 1,East,Cardiology,Commercial,1,1
HCP0144,9999000144,2026-01,E-CAR-02,East District 2,East,Cardiology,Medicare Part D,0,0
HCP0146,9999000146,2026-01,E-CAR-02,East District 2,East,Cardiology,Cash,1,1
HCP0147,9999000147,2026-01,E-CAR-01,East District 1,East,Cardiology,Commercial,1,1
HCP0148,9999000148,2026-01,E-CAR-02,East District 2,East,Cardiology,Medicare Part D,0,0
HCP0149,9999000149,2026-01,E-CAR-01,East District 1,East,Cardiology,Medicaid,0,0
HCP0151,9999000151,2026-01,E-CAR-01,East District 1,East,Cardiology,Commercial,2,2
HCP0152,9999000152,2026-01,E-CAR-02,East District 2,East,Cardiology,Medicare Part D,0,0
HCP0153,9999000153,2026-01,E-CAR-01,East District 1,East,Cardiology,Medicaid,1,1
HCP0154,9999000154,2026-01,E-CAR-02,East District 2,East,Cardiology,Cash,0,0
HCP0156,9999000156,2026-01,E-CAR-02,East District 2,East,Cardiology,Medicare Part D,2,1
HCP0157,9999000157,2026-01,E-CAR-01,East District 1,East,Cardiology,Medicaid,2,2
HCP0158,9999000158,2026-01,E-CAR-02,East District 2,East,Cardiology,Cash,0,0
HCP0159,9999000159,2026-01,E-CAR-01,East District 1,East,Cardiology,Commercial,0,0
HCP0161,9999000161,2026-01,E-END-01,East District 1,East,Endocrinology,Medicaid,0,0
HCP0162,9999000162,2026-01,E-END-02,East District 2,East,Endocrinology,Cash,0,0
HCP0163,9999000163,2026-01,E-END-01,East District 1,East,Endocrinology,Commercial,0,0
HCP0164,9999000164,2026-01,E-END-02,East District 2,East,Endocrinology,Medicare Part D,1,1
HCP0166,9999000166,2026-01,E-END-02,East District 2,East,Endocrinology,Cash,0,0
HCP0167,9999000167,2026-01,E-END-01,East District 1,East,Endocrinology,Commercial,1,1
HCP0168,9999000168,2026-01,E-END-02,East District 2,East,Endocrinology,Medicare Part D,3,3
HCP0169,9999000169,2026-01,E-END-01,East District 1,East,Endocrinology,Medicaid,1,1
HCP0171,9999000171,2026-01,E-END-01,East District 1,East,Endocrinology,Commercial,0,0
HCP0172,9999000172,2026-01,E-END-02,East District 2,East,Endocrinology,Medicare Part D,0,0
HCP0173,9999000173,2026-01,E-END-01,East District 1,East,Endocrinology,Medicaid,2,2
HCP0174,9999000174,2026-01,E-END-02,East District 2,East,Endocrinology,Cash,3,3
HCP0176,9999000176,2026-01,E-END-02,East District 2,East,Endocrinology,Medicare Part D,0,0
HCP0177,9999000177,2026-01,E-END-01,East District 1,East,Endocrinology,Medicaid,0,0
HCP0178,9999000178,2026-01,E-END-02,East District 2,East,Endocrinology,Cash,0,0
HCP0179,9999000179,2026-01,E-END-01,East District 1,East,Endocrinology,Commercial,0,0
HCP0181,9999000181,2026-01,W-PCP-01,West District 1,West,Primary Care,Cash,1,1
HCP0182,9999000182,2026-01,W-PCP-02,West District 2,West,Primary Care,Commercial,1,1
HCP0183,9999000183,2026-01,W-PCP-01,West District 1,West,Primary Care,Medicare Part D,3,2
HCP0184,9999000184,2026-01,W-PCP-02,West District 2,West,Primary Care,Medicaid,0,0
HCP0186,9999000186,2026-01,W-PCP-02,West District 2,West,Primary Care,Commercial,1,1
HCP0187,9999000187,2026-01,W-PCP-01,West District 1,West,Primary Care,Medicare Part D,0,0
HCP0188,9999000188,2026-01,W-PCP-02,West District 2,West,Primary Care,Medicaid,1,1
HCP0189,9999000189,2026-01,W-PCP-01,West District 1,West,Primary Care,Cash,0,0
HCP0191,9999000191,2026-01,W-PCP-01,West District 1,West,Primary Care,Medicare Part D,1,1
HCP0192,9999000192,2026-01,W-PCP-02,West District 2,West,Primary Care,Medicaid,1,1
HCP0193,9999000193,2026-01,W-PCP-01,West District 1,West,Primary Care,Cash,1,1
HCP0194,9999000194,2026-01,W-PCP-02,West District 2,West,Primary Care,Commercial,0,0
HCP0196,9999000196,2026-01,W-PCP-02,West District 2,West,Primary Care,Medicaid,0,0
HCP0197,9999000197,2026-01,W-PCP-01,West District 1,West,Primary Care,Cash,2,2
HCP0198,9999000198,2026-01,W-PCP-02,West District 2,West,Primary Care,Commercial,1,1
HCP0199,9999000199,2026-01,W-PCP-01,West District 1,West,Primary Care,Medicare Part D,0,0
HCP0201,9999000201,2026-01,W-CAR-01,West District 1,West,Cardiology,Cash,0,0
HCP0202,9999000202,2026-01,W-CAR-02,West District 2,West,Cardiology,Commercial,0,0
HCP0203,9999000203,2026-01,W-CAR-01,West District 1,West,Cardiology,Medicare Part D,0,0
HCP0204,9999000204,2026-01,W-CAR-02,West District 2,West,Cardiology,Medicaid,1,1
HCP0206,9999000206,2026-01,W-CAR-02,West District 2,West,Cardiology,Commercial,1,1
HCP0207,9999000207,2026-01,W-CAR-01,West District 1,West,Cardiology,Medicare Part D,2,2
HCP0208,9999000208,2026-01,W-CAR-02,West District 2,West,Cardiology,Medicaid,1,1
HCP0209,9999000209,2026-01,W-CAR-01,West District 1,West,Cardiology,Cash,0,0
HCP0211,9999000211,2026-01,W-CAR-01,West District 1,West,Cardiology,Medicare Part D,1,1
HCP0212,9999000212,2026-01,W-CAR-02,West District 2,West,Cardiology,Medicaid,1,1
HCP0213,9999000213,2026-01,W-CAR-01,West District 1,West,Cardiology,Cash,1,1
HCP0214,9999000214,2026-01,W-CAR-02,West District 2,West,Cardiology,Commercial,2,2
HCP0216,9999000216,2026-01,W-CAR-02,West District 2,West,Cardiology,Medicaid,1,1
HCP0217,9999000217,2026-01,W-CAR-01,West District 1,West,Cardiology,Cash,0,0
HCP0218,9999000218,2026-01,W-CAR-02,West District 2,West,Cardiology,Commercial,1,1
HCP0219,9999000219,2026-01,W-CAR-01,West District 1,West,Cardiology,Medicare Part D,0,0
HCP0221,9999000221,2026-01,W-END-01,West District 1,West,Endocrinology,Cash,1,1
HCP0222,9999000222,2026-01,W-END-02,West District 2,West,Endocrinology,Commercial,1,1
HCP0223,9999000223,2026-01,W-END-01,West District 1,West,Endocrinology,Medicare Part D,0,0
HCP0224,9999000224,2026-01,W-END-02,West District 2,West,Endocrinology,Medicaid,1,1
HCP0226,9999000226,2026-01,W-END-02,West District 2,West,Endocrinology,Commercial,0,0
HCP0227,9999000227,2026-01,W-END-01,West District 1,West,Endocrinology,Medicare Part D,0,0
HCP0228,9999000228,2026-01,W-END-02,West District 2,West,Endocrinology,Medicaid,1,1
HCP0229,9999000229,2026-01,W-END-01,West District 1,West,Endocrinology,Cash,0,0
HCP0231,9999000231,2026-01,W-END-01,West District 1,West,Endocrinology,Medicare Part D,2,2
HCP0232,9999000232,2026-01,W-END-02,West District 2,West,Endocrinology,Medicaid,0,0
HCP0233,9999000233,2026-01,W-END-01,West District 1,West,Endocrinology,Cash,2,2
HCP0234,9999000234,2026-01,W-END-02,West District 2,West,Endocrinology,Commercial,0,0
HCP0236,9999000236,2026-01,W-END-02,West District 2,West,Endocrinology,Medicaid,3,2
HCP0237,9999000237,2026-01,W-END-01,West District 1,West,Endocrinology,Cash,3,3
HCP0238,9999000238,2026-01,W-END-02,West District 2,West,Endocrinology,Commercial,1,1
HCP0239,9999000239,2026-01,W-END-01,West District 1,West,Endocrinology,Medicare Part D,2,1
HCP0001,9999000001,2026-02,N-PCP-01,North District 1,North,Primary Care,Commercial,1,1
HCP0002,9999000002,2026-02,N-PCP-02,North District 2,North,Primary Care,Medicare Part D,0,0
HCP0003,9999000003,2026-02,N-PCP-01,North District 1,North,Primary Care,Medicaid,0,0
HCP0004,9999000004,2026-02,N-PCP-02,North District 2,North,Primary Care,Cash,0,0
HCP0006,9999000006,2026-02,N-PCP-02,North District 2,North,Primary Care,Medicare Part D,1,1
HCP0007,9999000007,2026-02,N-PCP-01,North District 1,North,Primary Care,Medicaid,0,0
HCP0008,9999000008,2026-02,N-PCP-02,North District 2,North,Primary Care,Cash,2,1
HCP0009,9999000009,2026-02,N-PCP-01,North District 1,North,Primary Care,Commercial,0,0
HCP0011,9999000011,2026-02,N-PCP-01,North District 1,North,Primary Care,Medicaid,0,0
HCP0012,9999000012,2026-02,N-PCP-02,North District 2,North,Primary Care,Cash,1,1
HCP0013,9999000013,2026-02,N-PCP-01,North District 1,North,Primary Care,Commercial,1,1
HCP0014,9999000014,2026-02,N-PCP-02,North District 2,North,Primary Care,Medicare Part D,0,0
HCP0016,9999000016,2026-02,N-PCP-02,North District 2,North,Primary Care,Cash,1,1
HCP0017,9999000017,2026-02,N-PCP-01,North District 1,North,Primary Care,Commercial,2,2
HCP0018,9999000018,2026-02,N-PCP-02,North District 2,North,Primary Care,Medicare Part D,1,1
HCP0019,9999000019,2026-02,N-PCP-01,North District 1,North,Primary Care,Medicaid,0,0
HCP0021,9999000021,2026-02,N-CAR-01,North District 1,North,Cardiology,Commercial,0,0
HCP0022,9999000022,2026-02,N-CAR-02,North District 2,North,Cardiology,Medicare Part D,2,1
HCP0023,9999000023,2026-02,N-CAR-01,North District 1,North,Cardiology,Medicaid,0,0
HCP0024,9999000024,2026-02,N-CAR-02,North District 2,North,Cardiology,Cash,2,2
HCP0026,9999000026,2026-02,N-CAR-02,North District 2,North,Cardiology,Medicare Part D,1,1
HCP0027,9999000027,2026-02,N-CAR-01,North District 1,North,Cardiology,Medicaid,1,1
HCP0028,9999000028,2026-02,N-CAR-02,North District 2,North,Cardiology,Cash,1,1
HCP0029,9999000029,2026-02,N-CAR-01,North District 1,North,Cardiology,Commercial,0,0
HCP0031,9999000031,2026-02,N-CAR-01,North District 1,North,Cardiology,Medicaid,1,1
HCP0032,9999000032,2026-02,N-CAR-02,North District 2,North,Cardiology,Cash,1,1
HCP0033,9999000033,2026-02,N-CAR-01,North District 1,North,Cardiology,Commercial,2,2
HCP0034,9999000034,2026-02,N-CAR-02,North District 2,North,Cardiology,Medicare Part D,0,0
HCP0036,9999000036,2026-02,N-CAR-02,North District 2,North,Cardiology,Cash,0,0
HCP0037,9999000037,2026-02,N-CAR-01,North District 1,North,Cardiology,Commercial,3,3
HCP0038,9999000038,2026-02,N-CAR-02,North District 2,North,Cardiology,Medicare Part D,0,0
HCP0039,9999000039,2026-02,N-CAR-01,North District 1,North,Cardiology,Medicaid,0,0
HCP0041,9999000041,2026-02,N-END-01,North District 1,North,Endocrinology,Commercial,1,1
HCP0042,9999000042,2026-02,N-END-02,North District 2,North,Endocrinology,Medicare Part D,1,1
HCP0043,9999000043,2026-02,N-END-01,North District 1,North,Endocrinology,Medicaid,0,0
HCP0044,9999000044,2026-02,N-END-02,North District 2,North,Endocrinology,Cash,1,1
HCP0046,9999000046,2026-02,N-END-02,North District 2,North,Endocrinology,Medicare Part D,0,0
HCP0047,9999000047,2026-02,N-END-01,North District 1,North,Endocrinology,Medicaid,1,1
HCP0048,9999000048,2026-02,N-END-02,North District 2,North,Endocrinology,Cash,0,0
HCP0049,9999000049,2026-02,N-END-01,North District 1,North,Endocrinology,Commercial,1,1
HCP0051,9999000051,2026-02,N-END-01,North District 1,North,Endocrinology,Medicaid,0,0
HCP0052,9999000052,2026-02,N-END-02,North District 2,North,Endocrinology,Cash,2,1
HCP0053,9999000053,2026-02,N-END-01,North District 1,North,Endocrinology,Commercial,1,1
HCP0054,9999000054,2026-02,N-END-02,North District 2,North,Endocrinology,Medicare Part D,0,0
HCP0056,9999000056,2026-02,N-END-02,North District 2,North,Endocrinology,Cash,0,0
HCP0057,9999000057,2026-02,N-END-01,North District 1,North,Endocrinology,Commercial,0,0
HCP0058,9999000058,2026-02,N-END-02,North District 2,North,Endocrinology,Medicare Part D,1,1
HCP0059,9999000059,2026-02,N-END-01,North District 1,North,Endocrinology,Medicaid,0,0
HCP0061,9999000061,2026-02,S-PCP-01,South District 1,South,Primary Care,Medicare Part D,1,1
HCP0062,9999000062,2026-02,S-PCP-02,South District 2,South,Primary Care,Medicaid,1,1
HCP0063,9999000063,2026-02,S-PCP-01,South District 1,South,Primary Care,Cash,0,0
HCP0064,9999000064,2026-02,S-PCP-02,South District 2,South,Primary Care,Commercial,1,1
HCP0066,9999000066,2026-02,S-PCP-02,South District 2,South,Primary Care,Medicaid,1,1
HCP0067,9999000067,2026-02,S-PCP-01,South District 1,South,Primary Care,Cash,0,0
HCP0068,9999000068,2026-02,S-PCP-02,South District 2,South,Primary Care,Commercial,1,1
HCP0069,9999000069,2026-02,S-PCP-01,South District 1,South,Primary Care,Medicare Part D,0,0
HCP0071,9999000071,2026-02,S-PCP-01,South District 1,South,Primary Care,Cash,1,1
HCP0072,9999000072,2026-02,S-PCP-02,South District 2,South,Primary Care,Commercial,0,0
HCP0073,9999000073,2026-02,S-PCP-01,South District 1,South,Primary Care,Medicare Part D,1,1
HCP0074,9999000074,2026-02,S-PCP-02,South District 2,South,Primary Care,Medicaid,1,1
HCP0076,9999000076,2026-02,S-PCP-02,South District 2,South,Primary Care,Commercial,0,0
HCP0077,9999000077,2026-02,S-PCP-01,South District 1,South,Primary Care,Medicare Part D,1,1
HCP0078,9999000078,2026-02,S-PCP-02,South District 2,South,Primary Care,Medicaid,0,0
HCP0079,9999000079,2026-02,S-PCP-01,South District 1,South,Primary Care,Cash,1,1
HCP0081,9999000081,2026-02,S-CAR-01,South District 1,South,Cardiology,Medicare Part D,0,0
HCP0082,9999000082,2026-02,S-CAR-02,South District 2,South,Cardiology,Medicaid,0,0
HCP0083,9999000083,2026-02,S-CAR-01,South District 1,South,Cardiology,Cash,2,1
HCP0084,9999000084,2026-02,S-CAR-02,South District 2,South,Cardiology,Commercial,1,1
HCP0086,9999000086,2026-02,S-CAR-02,South District 2,South,Cardiology,Medicaid,0,0
HCP0087,9999000087,2026-02,S-CAR-01,South District 1,South,Cardiology,Cash,0,0
HCP0088,9999000088,2026-02,S-CAR-02,South District 2,South,Cardiology,Commercial,2,1
HCP0089,9999000089,2026-02,S-CAR-01,South District 1,South,Cardiology,Medicare Part D,1,1
HCP0091,9999000091,2026-02,S-CAR-01,South District 1,South,Cardiology,Cash,2,2
HCP0092,9999000092,2026-02,S-CAR-02,South District 2,South,Cardiology,Commercial,3,2
HCP0093,9999000093,2026-02,S-CAR-01,South District 1,South,Cardiology,Medicare Part D,0,0
HCP0094,9999000094,2026-02,S-CAR-02,South District 2,South,Cardiology,Medicaid,1,1
HCP0096,9999000096,2026-02,S-CAR-02,South District 2,South,Cardiology,Commercial,0,0
HCP0097,9999000097,2026-02,S-CAR-01,South District 1,South,Cardiology,Medicare Part D,0,0
HCP0098,9999000098,2026-02,S-CAR-02,South District 2,South,Cardiology,Medicaid,3,1
HCP0099,9999000099,2026-02,S-CAR-01,South District 1,South,Cardiology,Cash,2,2
HCP0101,9999000101,2026-02,S-END-01,South District 1,South,Endocrinology,Medicare Part D,2,1
HCP0102,9999000102,2026-02,S-END-02,South District 2,South,Endocrinology,Medicaid,0,0
HCP0103,9999000103,2026-02,S-END-01,South District 1,South,Endocrinology,Cash,0,0
HCP0104,9999000104,2026-02,S-END-02,South District 2,South,Endocrinology,Commercial,0,0
HCP0106,9999000106,2026-02,S-END-02,South District 2,South,Endocrinology,Medicaid,2,2
HCP0107,9999000107,2026-02,S-END-01,South District 1,South,Endocrinology,Cash,0,0
HCP0108,9999000108,2026-02,S-END-02,South District 2,South,Endocrinology,Commercial,1,1
HCP0109,9999000109,2026-02,S-END-01,South District 1,South,Endocrinology,Medicare Part D,0,0
HCP0111,9999000111,2026-02,S-END-01,South District 1,South,Endocrinology,Cash,1,1
HCP0112,9999000112,2026-02,S-END-02,South District 2,South,Endocrinology,Commercial,0,0
HCP0113,9999000113,2026-02,S-END-01,South District 1,South,Endocrinology,Medicare Part D,2,1
HCP0114,9999000114,2026-02,S-END-02,South District 2,South,Endocrinology,Medicaid,0,0
HCP0116,9999000116,2026-02,S-END-02,South District 2,South,Endocrinology,Commercial,0,0
HCP0117,9999000117,2026-02,S-END-01,South District 1,South,Endocrinology,Medicare Part D,0,0
HCP0118,9999000118,2026-02,S-END-02,South District 2,South,Endocrinology,Medicaid,0,0
HCP0119,9999000119,2026-02,S-END-01,South District 1,South,Endocrinology,Cash,0,0
HCP0121,9999000121,2026-02,E-PCP-01,East District 1,East,Primary Care,Medicaid,0,0
HCP0122,9999000122,2026-02,E-PCP-02,East District 2,East,Primary Care,Cash,0,0
HCP0123,9999000123,2026-02,E-PCP-01,East District 1,East,Primary Care,Commercial,1,1
HCP0124,9999000124,2026-02,E-PCP-02,East District 2,East,Primary Care,Medicare Part D,0,0
HCP0126,9999000126,2026-02,E-PCP-02,East District 2,East,Primary Care,Cash,0,0
HCP0127,9999000127,2026-02,E-PCP-01,East District 1,East,Primary Care,Commercial,0,0
HCP0128,9999000128,2026-02,E-PCP-02,East District 2,East,Primary Care,Medicare Part D,1,1
HCP0129,9999000129,2026-02,E-PCP-01,East District 1,East,Primary Care,Medicaid,0,0
HCP0131,9999000131,2026-02,E-PCP-01,East District 1,East,Primary Care,Commercial,1,1
HCP0132,9999000132,2026-02,E-PCP-02,East District 2,East,Primary Care,Medicare Part D,1,1
HCP0133,9999000133,2026-02,E-PCP-01,East District 1,East,Primary Care,Medicaid,1,1
HCP0134,9999000134,2026-02,E-PCP-02,East District 2,East,Primary Care,Cash,2,2
HCP0136,9999000136,2026-02,E-PCP-02,East District 2,East,Primary Care,Medicare Part D,2,1
HCP0137,9999000137,2026-02,E-PCP-01,East District 1,East,Primary Care,Medicaid,1,1
HCP0138,9999000138,2026-02,E-PCP-02,East District 2,East,Primary Care,Cash,0,0
HCP0139,9999000139,2026-02,E-PCP-01,East District 1,East,Primary Care,Commercial,0,0
HCP0141,9999000141,2026-02,E-CAR-01,East District 1,East,Cardiology,Medicaid,1,1
HCP0142,9999000142,2026-02,E-CAR-02,East District 2,East,Cardiology,Cash,0,0
HCP0143,9999000143,2026-02,E-CAR-01,East District 1,East,Cardiology,Commercial,0,0
HCP0144,9999000144,2026-02,E-CAR-02,East District 2,East,Cardiology,Medicare Part D,0,0
HCP0146,9999000146,2026-02,E-CAR-02,East District 2,East,Cardiology,Cash,0,0
HCP0147,9999000147,2026-02,E-CAR-01,East District 1,East,Cardiology,Commercial,0,0
HCP0148,9999000148,2026-02,E-CAR-02,East District 2,East,Cardiology,Medicare Part D,2,2
HCP0149,9999000149,2026-02,E-CAR-01,East District 1,East,Cardiology,Medicaid,1,1
HCP0151,9999000151,2026-02,E-CAR-01,East District 1,East,Cardiology,Commercial,3,2
HCP0152,9999000152,2026-02,E-CAR-02,East District 2,East,Cardiology,Medicare Part D,1,1
HCP0153,9999000153,2026-02,E-CAR-01,East District 1,East,Cardiology,Medicaid,1,1
HCP0154,9999000154,2026-02,E-CAR-02,East District 2,East,Cardiology,Cash,0,0
HCP0156,9999000156,2026-02,E-CAR-02,East District 2,East,Cardiology,Medicare Part D,3,3
HCP0157,9999000157,2026-02,E-CAR-01,East District 1,East,Cardiology,Medicaid,0,0
HCP0158,9999000158,2026-02,E-CAR-02,East District 2,East,Cardiology,Cash,0,0
HCP0159,9999000159,2026-02,E-CAR-01,East District 1,East,Cardiology,Commercial,1,1
HCP0161,9999000161,2026-02,E-END-01,East District 1,East,Endocrinology,Medicaid,0,0
HCP0162,9999000162,2026-02,E-END-02,East District 2,East,Endocrinology,Cash,1,1
HCP0163,9999000163,2026-02,E-END-01,East District 1,East,Endocrinology,Commercial,1,1
HCP0164,9999000164,2026-02,E-END-02,East District 2,East,Endocrinology,Medicare Part D,0,0
HCP0166,9999000166,2026-02,E-END-02,East District 2,East,Endocrinology,Cash,1,1
HCP0167,9999000167,2026-02,E-END-01,East District 1,East,Endocrinology,Commercial,0,0
HCP0168,9999000168,2026-02,E-END-02,East District 2,East,Endocrinology,Medicare Part D,1,1
HCP0169,9999000169,2026-02,E-END-01,East District 1,East,Endocrinology,Medicaid,1,1
HCP0171,9999000171,2026-02,E-END-01,East District 1,East,Endocrinology,Commercial,0,0
HCP0172,9999000172,2026-02,E-END-02,East District 2,East,Endocrinology,Medicare Part D,1,1
HCP0173,9999000173,2026-02,E-END-01,East District 1,East,Endocrinology,Medicaid,2,2
HCP0174,9999000174,2026-02,E-END-02,East District 2,East,Endocrinology,Cash,1,1
HCP0176,9999000176,2026-02,E-END-02,East District 2,East,Endocrinology,Medicare Part D,0,0
HCP0177,9999000177,2026-02,E-END-01,East District 1,East,Endocrinology,Medicaid,0,0
HCP0178,9999000178,2026-02,E-END-02,East District 2,East,Endocrinology,Cash,2,2
HCP0179,9999000179,2026-02,E-END-01,East District 1,East,Endocrinology,Commercial,0,0
HCP0181,9999000181,2026-02,W-PCP-01,West District 1,West,Primary Care,Cash,0,0
HCP0182,9999000182,2026-02,W-PCP-02,West District 2,West,Primary Care,Commercial,0,0
HCP0183,9999000183,2026-02,W-PCP-01,West District 1,West,Primary Care,Medicare Part D,1,1
HCP0184,9999000184,2026-02,W-PCP-02,West District 2,West,Primary Care,Medicaid,1,1
HCP0186,9999000186,2026-02,W-PCP-02,West District 2,West,Primary Care,Commercial,0,0
HCP0187,9999000187,2026-02,W-PCP-01,West District 1,West,Primary Care,Medicare Part D,1,1
HCP0188,9999000188,2026-02,W-PCP-02,West District 2,West,Primary Care,Medicaid,0,0
HCP0189,9999000189,2026-02,W-PCP-01,West District 1,West,Primary Care,Cash,2,1
HCP0191,9999000191,2026-02,W-PCP-01,West District 1,West,Primary Care,Medicare Part D,1,1
HCP0192,9999000192,2026-02,W-PCP-02,West District 2,West,Primary Care,Medicaid,2,2
HCP0193,9999000193,2026-02,W-PCP-01,West District 1,West,Primary Care,Cash,0,0
HCP0194,9999000194,2026-02,W-PCP-02,West District 2,West,Primary Care,Commercial,0,0
HCP0196,9999000196,2026-02,W-PCP-02,West District 2,West,Primary Care,Medicaid,0,0
HCP0197,9999000197,2026-02,W-PCP-01,West District 1,West,Primary Care,Cash,0,0
HCP0198,9999000198,2026-02,W-PCP-02,West District 2,West,Primary Care,Commercial,1,1
HCP0199,9999000199,2026-02,W-PCP-01,West District 1,West,Primary Care,Medicare Part D,0,0
HCP0201,9999000201,2026-02,W-CAR-01,West District 1,West,Cardiology,Cash,0,0
HCP0202,9999000202,2026-02,W-CAR-02,West District 2,West,Cardiology,Commercial,1,1
HCP0203,9999000203,2026-02,W-CAR-01,West District 1,West,Cardiology,Medicare Part D,1,1
HCP0204,9999000204,2026-02,W-CAR-02,West District 2,West,Cardiology,Medicaid,1,1
HCP0206,9999000206,2026-02,W-CAR-02,West District 2,West,Cardiology,Commercial,1,1
HCP0207,9999000207,2026-02,W-CAR-01,West District 1,West,Cardiology,Medicare Part D,1,1
HCP0208,9999000208,2026-02,W-CAR-02,West District 2,West,Cardiology,Medicaid,0,0
HCP0209,9999000209,2026-02,W-CAR-01,West District 1,West,Cardiology,Cash,0,0
HCP0211,9999000211,2026-02,W-CAR-01,West District 1,West,Cardiology,Medicare Part D,0,0
HCP0212,9999000212,2026-02,W-CAR-02,West District 2,West,Cardiology,Medicaid,0,0
HCP0213,9999000213,2026-02,W-CAR-01,West District 1,West,Cardiology,Cash,1,1
HCP0214,9999000214,2026-02,W-CAR-02,West District 2,West,Cardiology,Commercial,2,2
HCP0216,9999000216,2026-02,W-CAR-02,West District 2,West,Cardiology,Medicaid,0,0
HCP0217,9999000217,2026-02,W-CAR-01,West District 1,West,Cardiology,Cash,0,0
HCP0218,9999000218,2026-02,W-CAR-02,West District 2,West,Cardiology,Commercial,0,0
HCP0219,9999000219,2026-02,W-CAR-01,West District 1,West,Cardiology,Medicare Part D,0,0
HCP0221,9999000221,2026-02,W-END-01,West District 1,West,Endocrinology,Cash,1,1
HCP0222,9999000222,2026-02,W-END-02,West District 2,West,Endocrinology,Commercial,1,1
HCP0223,9999000223,2026-02,W-END-01,West District 1,West,Endocrinology,Medicare Part D,0,0
HCP0224,9999000224,2026-02,W-END-02,West District 2,West,Endocrinology,Medicaid,0,0
HCP0226,9999000226,2026-02,W-END-02,West District 2,West,Endocrinology,Commercial,0,0
HCP0227,9999000227,2026-02,W-END-01,West District 1,West,Endocrinology,Medicare Part D,0,0
HCP0228,9999000228,2026-02,W-END-02,West District 2,West,Endocrinology,Medicaid,1,1
HCP0229,9999000229,2026-02,W-END-01,West District 1,West,Endocrinology,Cash,2,2
HCP0231,9999000231,2026-02,W-END-01,West District 1,West,Endocrinology,Medicare Part D,0,0
HCP0232,9999000232,2026-02,W-END-02,West District 2,West,Endocrinology,Medicaid,0,0
HCP0233,9999000233,2026-02,W-END-01,West District 1,West,Endocrinology,Cash,1,1
HCP0234,9999000234,2026-02,W-END-02,West District 2,West,Endocrinology,Commercial,0,0
HCP0236,9999000236,2026-02,W-END-02,West District 2,West,Endocrinology,Medicaid,2,1
HCP0237,9999000237,2026-02,W-END-01,West District 1,West,Endocrinology,Cash,0,0
HCP0238,9999000238,2026-02,W-END-02,West District 2,West,Endocrinology,Commercial,2,2
HCP0239,9999000239,2026-02,W-END-01,West District 1,West,Endocrinology,Medicare Part D,0,0
HCP0001,9999000001,2026-03,N-PCP-01,North District 1,North,Primary Care,Commercial,1,1
HCP0002,9999000002,2026-03,N-PCP-02,North District 2,North,Primary Care,Medicare Part D,0,0
HCP0003,9999000003,2026-03,N-PCP-01,North District 1,North,Primary Care,Medicaid,0,0
HCP0004,9999000004,2026-03,N-PCP-02,North District 2,North,Primary Care,Cash,0,0
HCP0006,9999000006,2026-03,N-PCP-02,North District 2,North,Primary Care,Medicare Part D,0,0
HCP0007,9999000007,2026-03,N-PCP-01,North District 1,North,Primary Care,Medicaid,1,1
HCP0008,9999000008,2026-03,N-PCP-02,North District 2,North,Primary Care,Cash,1,1
HCP0009,9999000009,2026-03,N-PCP-01,North District 1,North,Primary Care,Commercial,1,1
HCP0011,9999000011,2026-03,N-PCP-01,North District 1,North,Primary Care,Medicaid,1,1
HCP0012,9999000012,2026-03,N-PCP-02,North District 2,North,Primary Care,Cash,0,0
HCP0013,9999000013,2026-03,N-PCP-01,North District 1,North,Primary Care,Commercial,1,1
HCP0014,9999000014,2026-03,N-PCP-02,North District 2,North,Primary Care,Medicare Part D,0,0
HCP0016,9999000016,2026-03,N-PCP-02,North District 2,North,Primary Care,Cash,0,0
HCP0017,9999000017,2026-03,N-PCP-01,North District 1,North,Primary Care,Commercial,1,1
HCP0018,9999000018,2026-03,N-PCP-02,North District 2,North,Primary Care,Medicare Part D,1,1
HCP0019,9999000019,2026-03,N-PCP-01,North District 1,North,Primary Care,Medicaid,0,0
HCP0021,9999000021,2026-03,N-CAR-01,North District 1,North,Cardiology,Commercial,2,1
HCP0022,9999000022,2026-03,N-CAR-02,North District 2,North,Cardiology,Medicare Part D,0,0
HCP0023,9999000023,2026-03,N-CAR-01,North District 1,North,Cardiology,Medicaid,1,1
HCP0024,9999000024,2026-03,N-CAR-02,North District 2,North,Cardiology,Cash,0,0
HCP0026,9999000026,2026-03,N-CAR-02,North District 2,North,Cardiology,Medicare Part D,0,0
HCP0027,9999000027,2026-03,N-CAR-01,North District 1,North,Cardiology,Medicaid,2,2
HCP0028,9999000028,2026-03,N-CAR-02,North District 2,North,Cardiology,Cash,2,2
HCP0029,9999000029,2026-03,N-CAR-01,North District 1,North,Cardiology,Commercial,0,0
HCP0031,9999000031,2026-03,N-CAR-01,North District 1,North,Cardiology,Medicaid,0,0
HCP0032,9999000032,2026-03,N-CAR-02,North District 2,North,Cardiology,Cash,0,0
HCP0033,9999000033,2026-03,N-CAR-01,North District 1,North,Cardiology,Commercial,2,2
HCP0034,9999000034,2026-03,N-CAR-02,North District 2,North,Cardiology,Medicare Part D,0,0
HCP0036,9999000036,2026-03,N-CAR-02,North District 2,North,Cardiology,Cash,1,1
HCP0037,9999000037,2026-03,N-CAR-01,North District 1,North,Cardiology,Commercial,1,1
HCP0038,9999000038,2026-03,N-CAR-02,North District 2,North,Cardiology,Medicare Part D,1,1
HCP0039,9999000039,2026-03,N-CAR-01,North District 1,North,Cardiology,Medicaid,0,0
HCP0041,9999000041,2026-03,N-END-01,North District 1,North,Endocrinology,Commercial,1,1
HCP0042,9999000042,2026-03,N-END-02,North District 2,North,Endocrinology,Medicare Part D,0,0
HCP0043,9999000043,2026-03,N-END-01,North District 1,North,Endocrinology,Medicaid,0,0
HCP0044,9999000044,2026-03,N-END-02,North District 2,North,Endocrinology,Cash,0,0
HCP0046,9999000046,2026-03,N-END-02,North District 2,North,Endocrinology,Medicare Part D,0,0
HCP0047,9999000047,2026-03,N-END-01,North District 1,North,Endocrinology,Medicaid,2,1
HCP0048,9999000048,2026-03,N-END-02,North District 2,North,Endocrinology,Cash,0,0
HCP0049,9999000049,2026-03,N-END-01,North District 1,North,Endocrinology,Commercial,0,0
HCP0051,9999000051,2026-03,N-END-01,North District 1,North,Endocrinology,Medicaid,0,0
HCP0052,9999000052,2026-03,N-END-02,North District 2,North,Endocrinology,Cash,0,0
HCP0053,9999000053,2026-03,N-END-01,North District 1,North,Endocrinology,Commercial,0,0
HCP0054,9999000054,2026-03,N-END-02,North District 2,North,Endocrinology,Medicare Part D,1,1
HCP0056,9999000056,2026-03,N-END-02,North District 2,North,Endocrinology,Cash,0,0
HCP0057,9999000057,2026-03,N-END-01,North District 1,North,Endocrinology,Commercial,2,1
HCP0058,9999000058,2026-03,N-END-02,North District 2,North,Endocrinology,Medicare Part D,2,1
HCP0059,9999000059,2026-03,N-END-01,North District 1,North,Endocrinology,Medicaid,1,1
HCP0061,9999000061,2026-03,S-PCP-01,South District 1,South,Primary Care,Medicare Part D,0,0
HCP0062,9999000062,2026-03,S-PCP-02,South District 2,South,Primary Care,Medicaid,0,0
HCP0063,9999000063,2026-03,S-PCP-01,South District 1,South,Primary Care,Cash,1,1
HCP0064,9999000064,2026-03,S-PCP-02,South District 2,South,Primary Care,Commercial,0,0
HCP0066,9999000066,2026-03,S-PCP-02,South District 2,South,Primary Care,Medicaid,3,2
HCP0067,9999000067,2026-03,S-PCP-01,South District 1,South,Primary Care,Cash,1,1
HCP0068,9999000068,2026-03,S-PCP-02,South District 2,South,Primary Care,Commercial,0,0
HCP0069,9999000069,2026-03,S-PCP-01,South District 1,South,Primary Care,Medicare Part D,1,1
HCP0071,9999000071,2026-03,S-PCP-01,South District 1,South,Primary Care,Cash,0,0
HCP0072,9999000072,2026-03,S-PCP-02,South District 2,South,Primary Care,Commercial,0,0
HCP0073,9999000073,2026-03,S-PCP-01,South District 1,South,Primary Care,Medicare Part D,1,1
HCP0074,9999000074,2026-03,S-PCP-02,South District 2,South,Primary Care,Medicaid,1,1
HCP0076,9999000076,2026-03,S-PCP-02,South District 2,South,Primary Care,Commercial,2,1
HCP0077,9999000077,2026-03,S-PCP-01,South District 1,South,Primary Care,Medicare Part D,2,1
HCP0078,9999000078,2026-03,S-PCP-02,South District 2,South,Primary Care,Medicaid,0,0
HCP0079,9999000079,2026-03,S-PCP-01,South District 1,South,Primary Care,Cash,1,1
HCP0081,9999000081,2026-03,S-CAR-01,South District 1,South,Cardiology,Medicare Part D,1,1
HCP0082,9999000082,2026-03,S-CAR-02,South District 2,South,Cardiology,Medicaid,1,1
HCP0083,9999000083,2026-03,S-CAR-01,South District 1,South,Cardiology,Cash,1,1
HCP0084,9999000084,2026-03,S-CAR-02,South District 2,South,Cardiology,Commercial,2,2
HCP0086,9999000086,2026-03,S-CAR-02,South District 2,South,Cardiology,Medicaid,2,1
HCP0087,9999000087,2026-03,S-CAR-01,South District 1,South,Cardiology,Cash,0,0
HCP0088,9999000088,2026-03,S-CAR-02,South District 2,South,Cardiology,Commercial,1,1
HCP0089,9999000089,2026-03,S-CAR-01,South District 1,South,Cardiology,Medicare Part D,1,1
HCP0091,9999000091,2026-03,S-CAR-01,South District 1,South,Cardiology,Cash,0,0
HCP0092,9999000092,2026-03,S-CAR-02,South District 2,South,Cardiology,Commercial,1,1
HCP0093,9999000093,2026-03,S-CAR-01,South District 1,South,Cardiology,Medicare Part D,1,1
HCP0094,9999000094,2026-03,S-CAR-02,South District 2,South,Cardiology,Medicaid,0,0
HCP0096,9999000096,2026-03,S-CAR-02,South District 2,South,Cardiology,Commercial,0,0
HCP0097,9999000097,2026-03,S-CAR-01,South District 1,South,Cardiology,Medicare Part D,1,1
HCP0098,9999000098,2026-03,S-CAR-02,South District 2,South,Cardiology,Medicaid,2,1
HCP0099,9999000099,2026-03,S-CAR-01,South District 1,South,Cardiology,Cash,0,0
HCP0101,9999000101,2026-03,S-END-01,South District 1,South,Endocrinology,Medicare Part D,2,1
HCP0102,9999000102,2026-03,S-END-02,South District 2,South,Endocrinology,Medicaid,1,1
HCP0103,9999000103,2026-03,S-END-01,South District 1,South,Endocrinology,Cash,0,0
HCP0104,9999000104,2026-03,S-END-02,South District 2,South,Endocrinology,Commercial,0,0
HCP0106,9999000106,2026-03,S-END-02,South District 2,South,Endocrinology,Medicaid,0,0
HCP0107,9999000107,2026-03,S-END-01,South District 1,South,Endocrinology,Cash,1,1
HCP0108,9999000108,2026-03,S-END-02,South District 2,South,Endocrinology,Commercial,0,0
HCP0109,9999000109,2026-03,S-END-01,South District 1,South,Endocrinology,Medicare Part D,0,0
HCP0111,9999000111,2026-03,S-END-01,South District 1,South,Endocrinology,Cash,1,1
HCP0112,9999000112,2026-03,S-END-02,South District 2,South,Endocrinology,Commercial,0,0
HCP0113,9999000113,2026-03,S-END-01,South District 1,South,Endocrinology,Medicare Part D,1,1
HCP0114,9999000114,2026-03,S-END-02,South District 2,South,Endocrinology,Medicaid,1,1
HCP0116,9999000116,2026-03,S-END-02,South District 2,South,Endocrinology,Commercial,0,0
HCP0117,9999000117,2026-03,S-END-01,South District 1,South,Endocrinology,Medicare Part D,4,3
HCP0118,9999000118,2026-03,S-END-02,South District 2,South,Endocrinology,Medicaid,0,0
HCP0119,9999000119,2026-03,S-END-01,South District 1,South,Endocrinology,Cash,1,1
HCP0121,9999000121,2026-03,E-PCP-01,East District 1,East,Primary Care,Medicaid,1,1
HCP0122,9999000122,2026-03,E-PCP-02,East District 2,East,Primary Care,Cash,1,1
HCP0123,9999000123,2026-03,E-PCP-01,East District 1,East,Primary Care,Commercial,0,0
HCP0124,9999000124,2026-03,E-PCP-02,East District 2,East,Primary Care,Medicare Part D,0,0
HCP0126,9999000126,2026-03,E-PCP-02,East District 2,East,Primary Care,Cash,2,2
HCP0127,9999000127,2026-03,E-PCP-01,East District 1,East,Primary Care,Commercial,0,0
HCP0128,9999000128,2026-03,E-PCP-02,East District 2,East,Primary Care,Medicare Part D,1,1
HCP0129,9999000129,2026-03,E-PCP-01,East District 1,East,Primary Care,Medicaid,0,0
HCP0131,9999000131,2026-03,E-PCP-01,East District 1,East,Primary Care,Commercial,2,2
HCP0132,9999000132,2026-03,E-PCP-02,East District 2,East,Primary Care,Medicare Part D,0,0
HCP0133,9999000133,2026-03,E-PCP-01,East District 1,East,Primary Care,Medicaid,1,1
HCP0134,9999000134,2026-03,E-PCP-02,East District 2,East,Primary Care,Cash,0,0
HCP0136,9999000136,2026-03,E-PCP-02,East District 2,East,Primary Care,Medicare Part D,0,0
HCP0137,9999000137,2026-03,E-PCP-01,East District 1,East,Primary Care,Medicaid,0,0
HCP0138,9999000138,2026-03,E-PCP-02,East District 2,East,Primary Care,Cash,0,0
HCP0139,9999000139,2026-03,E-PCP-01,East District 1,East,Primary Care,Commercial,0,0
HCP0141,9999000141,2026-03,E-CAR-01,East District 1,East,Cardiology,Medicaid,0,0
HCP0142,9999000142,2026-03,E-CAR-02,East District 2,East,Cardiology,Cash,1,1
HCP0143,9999000143,2026-03,E-CAR-01,East District 1,East,Cardiology,Commercial,0,0
HCP0144,9999000144,2026-03,E-CAR-02,East District 2,East,Cardiology,Medicare Part D,3,2
HCP0146,9999000146,2026-03,E-CAR-02,East District 2,East,Cardiology,Cash,3,3
HCP0147,9999000147,2026-03,E-CAR-01,East District 1,East,Cardiology,Commercial,0,0
HCP0148,9999000148,2026-03,E-CAR-02,East District 2,East,Cardiology,Medicare Part D,0,0
HCP0149,9999000149,2026-03,E-CAR-01,East District 1,East,Cardiology,Medicaid,1,1
HCP0151,9999000151,2026-03,E-CAR-01,East District 1,East,Cardiology,Commercial,0,0
HCP0152,9999000152,2026-03,E-CAR-02,East District 2,East,Cardiology,Medicare Part D,0,0
HCP0153,9999000153,2026-03,E-CAR-01,East District 1,East,Cardiology,Medicaid,1,1
HCP0154,9999000154,2026-03,E-CAR-02,East District 2,East,Cardiology,Cash,2,2
HCP0156,9999000156,2026-03,E-CAR-02,East District 2,East,Cardiology,Medicare Part D,0,0
HCP0157,9999000157,2026-03,E-CAR-01,East District 1,East,Cardiology,Medicaid,3,3
HCP0158,9999000158,2026-03,E-CAR-02,East District 2,East,Cardiology,Cash,1,1
HCP0159,9999000159,2026-03,E-CAR-01,East District 1,East,Cardiology,Commercial,2,1
HCP0161,9999000161,2026-03,E-END-01,East District 1,East,Endocrinology,Medicaid,2,1
HCP0162,9999000162,2026-03,E-END-02,East District 2,East,Endocrinology,Cash,1,1
HCP0163,9999000163,2026-03,E-END-01,East District 1,East,Endocrinology,Commercial,6,4
HCP0164,9999000164,2026-03,E-END-02,East District 2,East,Endocrinology,Medicare Part D,0,0
HCP0166,9999000166,2026-03,E-END-02,East District 2,East,Endocrinology,Cash,1,1
HCP0167,9999000167,2026-03,E-END-01,East District 1,East,Endocrinology,Commercial,0,0
HCP0168,9999000168,2026-03,E-END-02,East District 2,East,Endocrinology,Medicare Part D,4,3
HCP0169,9999000169,2026-03,E-END-01,East District 1,East,Endocrinology,Medicaid,1,1
HCP0171,9999000171,2026-03,E-END-01,East District 1,East,Endocrinology,Commercial,0,0
HCP0172,9999000172,2026-03,E-END-02,East District 2,East,Endocrinology,Medicare Part D,0,0
HCP0173,9999000173,2026-03,E-END-01,East District 1,East,Endocrinology,Medicaid,4,3
HCP0174,9999000174,2026-03,E-END-02,East District 2,East,Endocrinology,Cash,1,1
HCP0176,9999000176,2026-03,E-END-02,East District 2,East,Endocrinology,Medicare Part D,1,1
HCP0177,9999000177,2026-03,E-END-01,East District 1,East,Endocrinology,Medicaid,3,2
HCP0178,9999000178,2026-03,E-END-02,East District 2,East,Endocrinology,Cash,1,1
HCP0179,9999000179,2026-03,E-END-01,East District 1,East,Endocrinology,Commercial,1,1
HCP0181,9999000181,2026-03,W-PCP-01,West District 1,West,Primary Care,Cash,1,1
HCP0182,9999000182,2026-03,W-PCP-02,West District 2,West,Primary Care,Commercial,0,0
HCP0183,9999000183,2026-03,W-PCP-01,West District 1,West,Primary Care,Medicare Part D,3,2
HCP0184,9999000184,2026-03,W-PCP-02,West District 2,West,Primary Care,Medicaid,0,0
HCP0186,9999000186,2026-03,W-PCP-02,West District 2,West,Primary Care,Commercial,2,2
HCP0187,9999000187,2026-03,W-PCP-01,West District 1,West,Primary Care,Medicare Part D,1,1
HCP0188,9999000188,2026-03,W-PCP-02,West District 2,West,Primary Care,Medicaid,0,0
HCP0189,9999000189,2026-03,W-PCP-01,West District 1,West,Primary Care,Cash,2,1
HCP0191,9999000191,2026-03,W-PCP-01,West District 1,West,Primary Care,Medicare Part D,0,0
HCP0192,9999000192,2026-03,W-PCP-02,West District 2,West,Primary Care,Medicaid,0,0
HCP0193,9999000193,2026-03,W-PCP-01,West District 1,West,Primary Care,Cash,0,0
HCP0194,9999000194,2026-03,W-PCP-02,West District 2,West,Primary Care,Commercial,0,0
HCP0196,9999000196,2026-03,W-PCP-02,West District 2,West,Primary Care,Medicaid,0,0
HCP0197,9999000197,2026-03,W-PCP-01,West District 1,West,Primary Care,Cash,0,0
HCP0198,9999000198,2026-03,W-PCP-02,West District 2,West,Primary Care,Commercial,0,0
HCP0199,9999000199,2026-03,W-PCP-01,West District 1,West,Primary Care,Medicare Part D,0,0
HCP0201,9999000201,2026-03,W-CAR-01,West District 1,West,Cardiology,Cash,1,1
HCP0202,9999000202,2026-03,W-CAR-02,West District 2,West,Cardiology,Commercial,1,1
HCP0203,9999000203,2026-03,W-CAR-01,West District 1,West,Cardiology,Medicare Part D,1,1
HCP0204,9999000204,2026-03,W-CAR-02,West District 2,West,Cardiology,Medicaid,1,1
HCP0206,9999000206,2026-03,W-CAR-02,West District 2,West,Cardiology,Commercial,4,3
HCP0207,9999000207,2026-03,W-CAR-01,West District 1,West,Cardiology,Medicare Part D,0,0
HCP0208,9999000208,2026-03,W-CAR-02,West District 2,West,Cardiology,Medicaid,1,1
HCP0209,9999000209,2026-03,W-CAR-01,West District 1,West,Cardiology,Cash,0,0
HCP0211,9999000211,2026-03,W-CAR-01,West District 1,West,Cardiology,Medicare Part D,1,1
HCP0212,9999000212,2026-03,W-CAR-02,West District 2,West,Cardiology,Medicaid,0,0
HCP0213,9999000213,2026-03,W-CAR-01,West District 1,West,Cardiology,Cash,1,1
HCP0214,9999000214,2026-03,W-CAR-02,West District 2,West,Cardiology,Commercial,0,0
HCP0216,9999000216,2026-03,W-CAR-02,West District 2,West,Cardiology,Medicaid,1,1
HCP0217,9999000217,2026-03,W-CAR-01,West District 1,West,Cardiology,Cash,0,0
HCP0218,9999000218,2026-03,W-CAR-02,West District 2,West,Cardiology,Commercial,1,1
HCP0219,9999000219,2026-03,W-CAR-01,West District 1,West,Cardiology,Medicare Part D,2,2
HCP0221,9999000221,2026-03,W-END-01,West District 1,West,Endocrinology,Cash,1,1
HCP0222,9999000222,2026-03,W-END-02,West District 2,West,Endocrinology,Commercial,1,1
HCP0223,9999000223,2026-03,W-END-01,West District 1,West,Endocrinology,Medicare Part D,0,0
HCP0224,9999000224,2026-03,W-END-02,West District 2,West,Endocrinology,Medicaid,0,0
HCP0226,9999000226,2026-03,W-END-02,West District 2,West,Endocrinology,Commercial,0,0
HCP0227,9999000227,2026-03,W-END-01,West District 1,West,Endocrinology,Medicare Part D,1,1
HCP0228,9999000228,2026-03,W-END-02,West District 2,West,Endocrinology,Medicaid,1,1
HCP0229,9999000229,2026-03,W-END-01,West District 1,West,Endocrinology,Cash,1,1
HCP0231,9999000231,2026-03,W-END-01,West District 1,West,Endocrinology,Medicare Part D,1,1
HCP0232,9999000232,2026-03,W-END-02,West District 2,West,Endocrinology,Medicaid,2,2
HCP0233,9999000233,2026-03,W-END-01,West District 1,West,Endocrinology,Cash,0,0
HCP0234,9999000234,2026-03,W-END-02,West District 2,West,Endocrinology,Commercial,1,1
HCP0236,9999000236,2026-03,W-END-02,West District 2,West,Endocrinology,Medicaid,1,1
HCP0237,9999000237,2026-03,W-END-01,West District 1,West,Endocrinology,Cash,1,1
HCP0238,9999000238,2026-03,W-END-02,West District 2,West,Endocrinology,Commercial,1,1
HCP0239,9999000239,2026-03,W-END-01,West District 1,West,Endocrinology,Medicare Part D,0,0
HCP0001,9999000001,2026-04,N-PCP-01,North District 1,North,Primary Care,Commercial,0,0
HCP0002,9999000002,2026-04,N-PCP-02,North District 2,North,Primary Care,Medicare Part D,0,0
HCP0003,9999000003,2026-04,N-PCP-01,North District 1,North,Primary Care,Medicaid,1,1
HCP0004,9999000004,2026-04,N-PCP-02,North District 2,North,Primary Care,Cash,0,0
HCP0006,9999000006,2026-04,N-PCP-02,North District 2,North,Primary Care,Medicare Part D,1,1
HCP0007,9999000007,2026-04,N-PCP-01,North District 1,North,Primary Care,Medicaid,1,1
HCP0008,9999000008,2026-04,N-PCP-02,North District 2,North,Primary Care,Cash,1,1
HCP0009,9999000009,2026-04,N-PCP-01,North District 1,North,Primary Care,Commercial,1,1
HCP0011,9999000011,2026-04,N-PCP-01,North District 1,North,Primary Care,Medicaid,0,0
HCP0012,9999000012,2026-04,N-PCP-02,North District 2,North,Primary Care,Cash,0,0
HCP0013,9999000013,2026-04,N-PCP-01,North District 1,North,Primary Care,Commercial,0,0
HCP0014,9999000014,2026-04,N-PCP-02,North District 2,North,Primary Care,Medicare Part D,1,1
HCP0016,9999000016,2026-04,N-PCP-02,North District 2,North,Primary Care,Cash,0,0
HCP0017,9999000017,2026-04,N-PCP-01,North District 1,North,Primary Care,Commercial,0,0
HCP0018,9999000018,2026-04,N-PCP-02,North District 2,North,Primary Care,Medicare Part D,0,0
HCP0019,9999000019,2026-04,N-PCP-01,North District 1,North,Primary Care,Medicaid,0,0
HCP0021,9999000021,2026-04,N-CAR-01,North District 1,North,Cardiology,Commercial,3,1
HCP0022,9999000022,2026-04,N-CAR-02,North District 2,North,Cardiology,Medicare Part D,1,1
HCP0023,9999000023,2026-04,N-CAR-01,North District 1,North,Cardiology,Medicaid,1,1
HCP0024,9999000024,2026-04,N-CAR-02,North District 2,North,Cardiology,Cash,0,0
HCP0026,9999000026,2026-04,N-CAR-02,North District 2,North,Cardiology,Medicare Part D,0,0
HCP0027,9999000027,2026-04,N-CAR-01,North District 1,North,Cardiology,Medicaid,2,1
HCP0028,9999000028,2026-04,N-CAR-02,North District 2,North,Cardiology,Cash,1,1
HCP0029,9999000029,2026-04,N-CAR-01,North District 1,North,Cardiology,Commercial,1,1
HCP0031,9999000031,2026-04,N-CAR-01,North District 1,North,Cardiology,Medicaid,1,1
HCP0032,9999000032,2026-04,N-CAR-02,North District 2,North,Cardiology,Cash,1,1
HCP0033,9999000033,2026-04,N-CAR-01,North District 1,North,Cardiology,Commercial,0,0
HCP0034,9999000034,2026-04,N-CAR-02,North District 2,North,Cardiology,Medicare Part D,2,2
HCP0036,9999000036,2026-04,N-CAR-02,North District 2,North,Cardiology,Cash,1,1
HCP0037,9999000037,2026-04,N-CAR-01,North District 1,North,Cardiology,Commercial,1,1
HCP0038,9999000038,2026-04,N-CAR-02,North District 2,North,Cardiology,Medicare Part D,3,2
HCP0039,9999000039,2026-04,N-CAR-01,North District 1,North,Cardiology,Medicaid,0,0
HCP0041,9999000041,2026-04,N-END-01,North District 1,North,Endocrinology,Commercial,0,0
HCP0042,9999000042,2026-04,N-END-02,North District 2,North,Endocrinology,Medicare Part D,0,0
HCP0043,9999000043,2026-04,N-END-01,North District 1,North,Endocrinology,Medicaid,0,0
HCP0044,9999000044,2026-04,N-END-02,North District 2,North,Endocrinology,Cash,3,2
HCP0046,9999000046,2026-04,N-END-02,North District 2,North,Endocrinology,Medicare Part D,0,0
HCP0047,9999000047,2026-04,N-END-01,North District 1,North,Endocrinology,Medicaid,1,1
HCP0048,9999000048,2026-04,N-END-02,North District 2,North,Endocrinology,Cash,0,0
HCP0049,9999000049,2026-04,N-END-01,North District 1,North,Endocrinology,Commercial,0,0
HCP0051,9999000051,2026-04,N-END-01,North District 1,North,Endocrinology,Medicaid,1,1
HCP0052,9999000052,2026-04,N-END-02,North District 2,North,Endocrinology,Cash,0,0
HCP0053,9999000053,2026-04,N-END-01,North District 1,North,Endocrinology,Commercial,1,1
HCP0054,9999000054,2026-04,N-END-02,North District 2,North,Endocrinology,Medicare Part D,0,0
HCP0056,9999000056,2026-04,N-END-02,North District 2,North,Endocrinology,Cash,0,0
HCP0057,9999000057,2026-04,N-END-01,North District 1,North,Endocrinology,Commercial,0,0
HCP0058,9999000058,2026-04,N-END-02,North District 2,North,Endocrinology,Medicare Part D,0,0
HCP0059,9999000059,2026-04,N-END-01,North District 1,North,Endocrinology,Medicaid,1,1
HCP0061,9999000061,2026-04,S-PCP-01,South District 1,South,Primary Care,Medicare Part D,0,0
HCP0062,9999000062,2026-04,S-PCP-02,South District 2,South,Primary Care,Medicaid,1,1
HCP0063,9999000063,2026-04,S-PCP-01,South District 1,South,Primary Care,Cash,0,0
HCP0064,9999000064,2026-04,S-PCP-02,South District 2,South,Primary Care,Commercial,0,0
HCP0066,9999000066,2026-04,S-PCP-02,South District 2,South,Primary Care,Medicaid,0,0
HCP0067,9999000067,2026-04,S-PCP-01,South District 1,South,Primary Care,Cash,1,1
HCP0068,9999000068,2026-04,S-PCP-02,South District 2,South,Primary Care,Commercial,1,1
HCP0069,9999000069,2026-04,S-PCP-01,South District 1,South,Primary Care,Medicare Part D,0,0
HCP0071,9999000071,2026-04,S-PCP-01,South District 1,South,Primary Care,Cash,1,1
HCP0072,9999000072,2026-04,S-PCP-02,South District 2,South,Primary Care,Commercial,0,0
HCP0073,9999000073,2026-04,S-PCP-01,South District 1,South,Primary Care,Medicare Part D,2,1
HCP0074,9999000074,2026-04,S-PCP-02,South District 2,South,Primary Care,Medicaid,0,0
HCP0076,9999000076,2026-04,S-PCP-02,South District 2,South,Primary Care,Commercial,1,1
HCP0077,9999000077,2026-04,S-PCP-01,South District 1,South,Primary Care,Medicare Part D,1,1
HCP0078,9999000078,2026-04,S-PCP-02,South District 2,South,Primary Care,Medicaid,1,1
HCP0079,9999000079,2026-04,S-PCP-01,South District 1,South,Primary Care,Cash,0,0
HCP0081,9999000081,2026-04,S-CAR-01,South District 1,South,Cardiology,Medicare Part D,2,1
HCP0082,9999000082,2026-04,S-CAR-02,South District 2,South,Cardiology,Medicaid,1,1
HCP0083,9999000083,2026-04,S-CAR-01,South District 1,South,Cardiology,Cash,0,0
HCP0084,9999000084,2026-04,S-CAR-02,South District 2,South,Cardiology,Commercial,1,1
HCP0086,9999000086,2026-04,S-CAR-02,South District 2,South,Cardiology,Medicaid,2,1
HCP0087,9999000087,2026-04,S-CAR-01,South District 1,South,Cardiology,Cash,0,0
HCP0088,9999000088,2026-04,S-CAR-02,South District 2,South,Cardiology,Commercial,1,1
HCP0089,9999000089,2026-04,S-CAR-01,South District 1,South,Cardiology,Medicare Part D,0,0
HCP0091,9999000091,2026-04,S-CAR-01,South District 1,South,Cardiology,Cash,1,1
HCP0092,9999000092,2026-04,S-CAR-02,South District 2,South,Cardiology,Commercial,0,0
HCP0093,9999000093,2026-04,S-CAR-01,South District 1,South,Cardiology,Medicare Part D,1,1
HCP0094,9999000094,2026-04,S-CAR-02,South District 2,South,Cardiology,Medicaid,0,0
HCP0096,9999000096,2026-04,S-CAR-02,South District 2,South,Cardiology,Commercial,0,0
HCP0097,9999000097,2026-04,S-CAR-01,South District 1,South,Cardiology,Medicare Part D,0,0
HCP0098,9999000098,2026-04,S-CAR-02,South District 2,South,Cardiology,Medicaid,1,1
HCP0099,9999000099,2026-04,S-CAR-01,South District 1,South,Cardiology,Cash,0,0
HCP0101,9999000101,2026-04,S-END-01,South District 1,South,Endocrinology,Medicare Part D,0,0
HCP0102,9999000102,2026-04,S-END-02,South District 2,South,Endocrinology,Medicaid,0,0
HCP0103,9999000103,2026-04,S-END-01,South District 1,South,Endocrinology,Cash,0,0
HCP0104,9999000104,2026-04,S-END-02,South District 2,South,Endocrinology,Commercial,0,0
HCP0106,9999000106,2026-04,S-END-02,South District 2,South,Endocrinology,Medicaid,2,2
HCP0107,9999000107,2026-04,S-END-01,South District 1,South,Endocrinology,Cash,0,0
HCP0108,9999000108,2026-04,S-END-02,South District 2,South,Endocrinology,Commercial,1,1
HCP0109,9999000109,2026-04,S-END-01,South District 1,South,Endocrinology,Medicare Part D,1,1
HCP0111,9999000111,2026-04,S-END-01,South District 1,South,Endocrinology,Cash,0,0
HCP0112,9999000112,2026-04,S-END-02,South District 2,South,Endocrinology,Commercial,2,1
HCP0113,9999000113,2026-04,S-END-01,South District 1,South,Endocrinology,Medicare Part D,0,0
HCP0114,9999000114,2026-04,S-END-02,South District 2,South,Endocrinology,Medicaid,3,3
HCP0116,9999000116,2026-04,S-END-02,South District 2,South,Endocrinology,Commercial,0,0
HCP0117,9999000117,2026-04,S-END-01,South District 1,South,Endocrinology,Medicare Part D,0,0
HCP0118,9999000118,2026-04,S-END-02,South District 2,South,Endocrinology,Medicaid,0,0
HCP0119,9999000119,2026-04,S-END-01,South District 1,South,Endocrinology,Cash,1,1
HCP0121,9999000121,2026-04,E-PCP-01,East District 1,East,Primary Care,Medicaid,1,1
HCP0122,9999000122,2026-04,E-PCP-02,East District 2,East,Primary Care,Cash,0,0
HCP0123,9999000123,2026-04,E-PCP-01,East District 1,East,Primary Care,Commercial,0,0
HCP0124,9999000124,2026-04,E-PCP-02,East District 2,East,Primary Care,Medicare Part D,1,1
HCP0126,9999000126,2026-04,E-PCP-02,East District 2,East,Primary Care,Cash,0,0
HCP0127,9999000127,2026-04,E-PCP-01,East District 1,East,Primary Care,Commercial,2,2
HCP0128,9999000128,2026-04,E-PCP-02,East District 2,East,Primary Care,Medicare Part D,1,1
HCP0129,9999000129,2026-04,E-PCP-01,East District 1,East,Primary Care,Medicaid,2,1
HCP0131,9999000131,2026-04,E-PCP-01,East District 1,East,Primary Care,Commercial,3,1
HCP0132,9999000132,2026-04,E-PCP-02,East District 2,East,Primary Care,Medicare Part D,1,1
HCP0133,9999000133,2026-04,E-PCP-01,East District 1,East,Primary Care,Medicaid,1,1
HCP0134,9999000134,2026-04,E-PCP-02,East District 2,East,Primary Care,Cash,0,0
HCP0136,9999000136,2026-04,E-PCP-02,East District 2,East,Primary Care,Medicare Part D,0,0
HCP0137,9999000137,2026-04,E-PCP-01,East District 1,East,Primary Care,Medicaid,0,0
HCP0138,9999000138,2026-04,E-PCP-02,East District 2,East,Primary Care,Cash,0,0
HCP0139,9999000139,2026-04,E-PCP-01,East District 1,East,Primary Care,Commercial,0,0
HCP0141,9999000141,2026-04,E-CAR-01,East District 1,East,Cardiology,Medicaid,1,1
HCP0142,9999000142,2026-04,E-CAR-02,East District 2,East,Cardiology,Cash,1,1
HCP0143,9999000143,2026-04,E-CAR-01,East District 1,East,Cardiology,Commercial,0,0
HCP0144,9999000144,2026-04,E-CAR-02,East District 2,East,Cardiology,Medicare Part D,2,2
HCP0146,9999000146,2026-04,E-CAR-02,East District 2,East,Cardiology,Cash,1,1
HCP0147,9999000147,2026-04,E-CAR-01,East District 1,East,Cardiology,Commercial,1,1
HCP0148,9999000148,2026-04,E-CAR-02,East District 2,East,Cardiology,Medicare Part D,2,1
HCP0149,9999000149,2026-04,E-CAR-01,East District 1,East,Cardiology,Medicaid,2,1
HCP0151,9999000151,2026-04,E-CAR-01,East District 1,East,Cardiology,Commercial,1,1
HCP0152,9999000152,2026-04,E-CAR-02,East District 2,East,Cardiology,Medicare Part D,1,1
HCP0153,9999000153,2026-04,E-CAR-01,East District 1,East,Cardiology,Medicaid,0,0
HCP0154,9999000154,2026-04,E-CAR-02,East District 2,East,Cardiology,Cash,0,0
HCP0156,9999000156,2026-04,E-CAR-02,East District 2,East,Cardiology,Medicare Part D,1,1
HCP0157,9999000157,2026-04,E-CAR-01,East District 1,East,Cardiology,Medicaid,0,0
HCP0158,9999000158,2026-04,E-CAR-02,East District 2,East,Cardiology,Cash,2,2
HCP0159,9999000159,2026-04,E-CAR-01,East District 1,East,Cardiology,Commercial,2,2
HCP0161,9999000161,2026-04,E-END-01,East District 1,East,Endocrinology,Medicaid,0,0
HCP0162,9999000162,2026-04,E-END-02,East District 2,East,Endocrinology,Cash,1,1
HCP0163,9999000163,2026-04,E-END-01,East District 1,East,Endocrinology,Commercial,0,0
HCP0164,9999000164,2026-04,E-END-02,East District 2,East,Endocrinology,Medicare Part D,0,0
HCP0166,9999000166,2026-04,E-END-02,East District 2,East,Endocrinology,Cash,0,0
HCP0167,9999000167,2026-04,E-END-01,East District 1,East,Endocrinology,Commercial,0,0
HCP0168,9999000168,2026-04,E-END-02,East District 2,East,Endocrinology,Medicare Part D,2,1
HCP0169,9999000169,2026-04,E-END-01,East District 1,East,Endocrinology,Medicaid,1,1
HCP0171,9999000171,2026-04,E-END-01,East District 1,East,Endocrinology,Commercial,1,1
HCP0172,9999000172,2026-04,E-END-02,East District 2,East,Endocrinology,Medicare Part D,0,0
HCP0173,9999000173,2026-04,E-END-01,East District 1,East,Endocrinology,Medicaid,0,0
HCP0174,9999000174,2026-04,E-END-02,East District 2,East,Endocrinology,Cash,0,0
HCP0176,9999000176,2026-04,E-END-02,East District 2,East,Endocrinology,Medicare Part D,0,0
HCP0177,9999000177,2026-04,E-END-01,East District 1,East,Endocrinology,Medicaid,1,1
HCP0178,9999000178,2026-04,E-END-02,East District 2,East,Endocrinology,Cash,0,0
HCP0179,9999000179,2026-04,E-END-01,East District 1,East,Endocrinology,Commercial,1,1
HCP0181,9999000181,2026-04,W-PCP-01,West District 1,West,Primary Care,Cash,0,0
HCP0182,9999000182,2026-04,W-PCP-02,West District 2,West,Primary Care,Commercial,1,1
HCP0183,9999000183,2026-04,W-PCP-01,West District 1,West,Primary Care,Medicare Part D,2,2
HCP0184,9999000184,2026-04,W-PCP-02,West District 2,West,Primary Care,Medicaid,0,0
HCP0186,9999000186,2026-04,W-PCP-02,West District 2,West,Primary Care,Commercial,1,1
HCP0187,9999000187,2026-04,W-PCP-01,West District 1,West,Primary Care,Medicare Part D,0,0
HCP0188,9999000188,2026-04,W-PCP-02,West District 2,West,Primary Care,Medicaid,0,0
HCP0189,9999000189,2026-04,W-PCP-01,West District 1,West,Primary Care,Cash,0,0
HCP0191,9999000191,2026-04,W-PCP-01,West District 1,West,Primary Care,Medicare Part D,1,1
HCP0192,9999000192,2026-04,W-PCP-02,West District 2,West,Primary Care,Medicaid,0,0
HCP0193,9999000193,2026-04,W-PCP-01,West District 1,West,Primary Care,Cash,0,0
HCP0194,9999000194,2026-04,W-PCP-02,West District 2,West,Primary Care,Commercial,0,0
HCP0196,9999000196,2026-04,W-PCP-02,West District 2,West,Primary Care,Medicaid,0,0
HCP0197,9999000197,2026-04,W-PCP-01,West District 1,West,Primary Care,Cash,0,0
HCP0198,9999000198,2026-04,W-PCP-02,West District 2,West,Primary Care,Commercial,0,0
HCP0199,9999000199,2026-04,W-PCP-01,West District 1,West,Primary Care,Medicare Part D,1,1
HCP0201,9999000201,2026-04,W-CAR-01,West District 1,West,Cardiology,Cash,1,1
HCP0202,9999000202,2026-04,W-CAR-02,West District 2,West,Cardiology,Commercial,0,0
HCP0203,9999000203,2026-04,W-CAR-01,West District 1,West,Cardiology,Medicare Part D,1,1
HCP0204,9999000204,2026-04,W-CAR-02,West District 2,West,Cardiology,Medicaid,2,2
HCP0206,9999000206,2026-04,W-CAR-02,West District 2,West,Cardiology,Commercial,1,1
HCP0207,9999000207,2026-04,W-CAR-01,West District 1,West,Cardiology,Medicare Part D,0,0
HCP0208,9999000208,2026-04,W-CAR-02,West District 2,West,Cardiology,Medicaid,1,1
HCP0209,9999000209,2026-04,W-CAR-01,West District 1,West,Cardiology,Cash,0,0
HCP0211,9999000211,2026-04,W-CAR-01,West District 1,West,Cardiology,Medicare Part D,1,1
HCP0212,9999000212,2026-04,W-CAR-02,West District 2,West,Cardiology,Medicaid,1,1
HCP0213,9999000213,2026-04,W-CAR-01,West District 1,West,Cardiology,Cash,1,1
HCP0214,9999000214,2026-04,W-CAR-02,West District 2,West,Cardiology,Commercial,0,0
HCP0216,9999000216,2026-04,W-CAR-02,West District 2,West,Cardiology,Medicaid,1,1
HCP0217,9999000217,2026-04,W-CAR-01,West District 1,West,Cardiology,Cash,1,1
HCP0218,9999000218,2026-04,W-CAR-02,West District 2,West,Cardiology,Commercial,1,1
HCP0219,9999000219,2026-04,W-CAR-01,West District 1,West,Cardiology,Medicare Part D,2,2
HCP0221,9999000221,2026-04,W-END-01,West District 1,West,Endocrinology,Cash,1,1
HCP0222,9999000222,2026-04,W-END-02,West District 2,West,Endocrinology,Commercial,0,0
HCP0223,9999000223,2026-04,W-END-01,West District 1,West,Endocrinology,Medicare Part D,2,2
HCP0224,9999000224,2026-04,W-END-02,West District 2,West,Endocrinology,Medicaid,5,4
HCP0226,9999000226,2026-04,W-END-02,West District 2,West,Endocrinology,Commercial,1,1
HCP0227,9999000227,2026-04,W-END-01,West District 1,West,Endocrinology,Medicare Part D,1,1
HCP0228,9999000228,2026-04,W-END-02,West District 2,West,Endocrinology,Medicaid,2,2
HCP0229,9999000229,2026-04,W-END-01,West District 1,West,Endocrinology,Cash,1,1
HCP0231,9999000231,2026-04,W-END-01,West District 1,West,Endocrinology,Medicare Part D,2,2
HCP0232,9999000232,2026-04,W-END-02,West District 2,West,Endocrinology,Medicaid,1,1
HCP0233,9999000233,2026-04,W-END-01,West District 1,West,Endocrinology,Cash,0,0
HCP0234,9999000234,2026-04,W-END-02,West District 2,West,Endocrinology,Commercial,0,0
HCP0236,9999000236,2026-04,W-END-02,West District 2,West,Endocrinology,Medicaid,3,3
HCP0237,9999000237,2026-04,W-END-01,West District 1,West,Endocrinology,Cash,0,0
HCP0238,9999000238,2026-04,W-END-02,West District 2,West,Endocrinology,Commercial,0,0
HCP0239,9999000239,2026-04,W-END-01,West District 1,West,Endocrinology,Medicare Part D,0,0
HCP0001,9999000001,2026-05,N-PCP-01,North District 1,North,Primary Care,Commercial,0,0
HCP0002,9999000002,2026-05,N-PCP-02,North District 2,North,Primary Care,Medicare Part D,0,0
HCP0003,9999000003,2026-05,N-PCP-01,North District 1,North,Primary Care,Medicaid,1,1
HCP0004,9999000004,2026-05,N-PCP-02,North District 2,North,Primary Care,Cash,2,1
HCP0006,9999000006,2026-05,N-PCP-02,North District 2,North,Primary Care,Medicare Part D,1,1
HCP0007,9999000007,2026-05,N-PCP-01,North District 1,North,Primary Care,Medicaid,1,1
HCP0008,9999000008,2026-05,N-PCP-02,North District 2,North,Primary Care,Cash,0,0
HCP0009,9999000009,2026-05,N-PCP-01,North District 1,North,Primary Care,Commercial,0,0
HCP0011,9999000011,2026-05,N-PCP-01,North District 1,North,Primary Care,Medicaid,1,1
HCP0012,9999000012,2026-05,N-PCP-02,North District 2,North,Primary Care,Cash,1,1
HCP0013,9999000013,2026-05,N-PCP-01,North District 1,North,Primary Care,Commercial,1,1
HCP0014,9999000014,2026-05,N-PCP-02,North District 2,North,Primary Care,Medicare Part D,1,1
HCP0016,9999000016,2026-05,N-PCP-02,North District 2,North,Primary Care,Cash,0,0
HCP0017,9999000017,2026-05,N-PCP-01,North District 1,North,Primary Care,Commercial,2,2
HCP0018,9999000018,2026-05,N-PCP-02,North District 2,North,Primary Care,Medicare Part D,0,0
HCP0019,9999000019,2026-05,N-PCP-01,North District 1,North,Primary Care,Medicaid,0,0
HCP0021,9999000021,2026-05,N-CAR-01,North District 1,North,Cardiology,Commercial,1,1
HCP0022,9999000022,2026-05,N-CAR-02,North District 2,North,Cardiology,Medicare Part D,1,1
HCP0023,9999000023,2026-05,N-CAR-01,North District 1,North,Cardiology,Medicaid,1,1
HCP0024,9999000024,2026-05,N-CAR-02,North District 2,North,Cardiology,Cash,0,0
HCP0026,9999000026,2026-05,N-CAR-02,North District 2,North,Cardiology,Medicare Part D,0,0
HCP0027,9999000027,2026-05,N-CAR-01,North District 1,North,Cardiology,Medicaid,1,1
HCP0028,9999000028,2026-05,N-CAR-02,North District 2,North,Cardiology,Cash,0,0
HCP0029,9999000029,2026-05,N-CAR-01,North District 1,North,Cardiology,Commercial,1,1
HCP0031,9999000031,2026-05,N-CAR-01,North District 1,North,Cardiology,Medicaid,4,2
HCP0032,9999000032,2026-05,N-CAR-02,North District 2,North,Cardiology,Cash,0,0
HCP0033,9999000033,2026-05,N-CAR-01,North District 1,North,Cardiology,Commercial,0,0
HCP0034,9999000034,2026-05,N-CAR-02,North District 2,North,Cardiology,Medicare Part D,1,1
HCP0036,9999000036,2026-05,N-CAR-02,North District 2,North,Cardiology,Cash,1,1
HCP0037,9999000037,2026-05,N-CAR-01,North District 1,North,Cardiology,Commercial,0,0
HCP0038,9999000038,2026-05,N-CAR-02,North District 2,North,Cardiology,Medicare Part D,1,1
HCP0039,9999000039,2026-05,N-CAR-01,North District 1,North,Cardiology,Medicaid,2,2
HCP0041,9999000041,2026-05,N-END-01,North District 1,North,Endocrinology,Commercial,1,1
HCP0042,9999000042,2026-05,N-END-02,North District 2,North,Endocrinology,Medicare Part D,1,1
HCP0043,9999000043,2026-05,N-END-01,North District 1,North,Endocrinology,Medicaid,0,0
HCP0044,9999000044,2026-05,N-END-02,North District 2,North,Endocrinology,Cash,0,0
HCP0046,9999000046,2026-05,N-END-02,North District 2,North,Endocrinology,Medicare Part D,2,2
HCP0047,9999000047,2026-05,N-END-01,North District 1,North,Endocrinology,Medicaid,2,2
HCP0048,9999000048,2026-05,N-END-02,North District 2,North,Endocrinology,Cash,0,0
HCP0049,9999000049,2026-05,N-END-01,North District 1,North,Endocrinology,Commercial,1,1
HCP0051,9999000051,2026-05,N-END-01,North District 1,North,Endocrinology,Medicaid,3,2
HCP0052,9999000052,2026-05,N-END-02,North District 2,North,Endocrinology,Cash,0,0
HCP0053,9999000053,2026-05,N-END-01,North District 1,North,Endocrinology,Commercial,1,1
HCP0054,9999000054,2026-05,N-END-02,North District 2,North,Endocrinology,Medicare Part D,2,2
HCP0056,9999000056,2026-05,N-END-02,North District 2,North,Endocrinology,Cash,1,1
HCP0057,9999000057,2026-05,N-END-01,North District 1,North,Endocrinology,Commercial,0,0
HCP0058,9999000058,2026-05,N-END-02,North District 2,North,Endocrinology,Medicare Part D,1,1
HCP0059,9999000059,2026-05,N-END-01,North District 1,North,Endocrinology,Medicaid,0,0
HCP0061,9999000061,2026-05,S-PCP-01,South District 1,South,Primary Care,Medicare Part D,2,1
HCP0062,9999000062,2026-05,S-PCP-02,South District 2,South,Primary Care,Medicaid,0,0
HCP0063,9999000063,2026-05,S-PCP-01,South District 1,South,Primary Care,Cash,0,0
HCP0064,9999000064,2026-05,S-PCP-02,South District 2,South,Primary Care,Commercial,3,3
HCP0066,9999000066,2026-05,S-PCP-02,South District 2,South,Primary Care,Medicaid,0,0
HCP0067,9999000067,2026-05,S-PCP-01,South District 1,South,Primary Care,Cash,2,2
HCP0068,9999000068,2026-05,S-PCP-02,South District 2,South,Primary Care,Commercial,1,1
HCP0069,9999000069,2026-05,S-PCP-01,South District 1,South,Primary Care,Medicare Part D,0,0
HCP0071,9999000071,2026-05,S-PCP-01,South District 1,South,Primary Care,Cash,1,1
HCP0072,9999000072,2026-05,S-PCP-02,South District 2,South,Primary Care,Commercial,0,0
HCP0073,9999000073,2026-05,S-PCP-01,South District 1,South,Primary Care,Medicare Part D,0,0
HCP0074,9999000074,2026-05,S-PCP-02,South District 2,South,Primary Care,Medicaid,1,1
HCP0076,9999000076,2026-05,S-PCP-02,South District 2,South,Primary Care,Commercial,0,0
HCP0077,9999000077,2026-05,S-PCP-01,South District 1,South,Primary Care,Medicare Part D,0,0
HCP0078,9999000078,2026-05,S-PCP-02,South District 2,South,Primary Care,Medicaid,0,0
HCP0079,9999000079,2026-05,S-PCP-01,South District 1,South,Primary Care,Cash,0,0
HCP0081,9999000081,2026-05,S-CAR-01,South District 1,South,Cardiology,Medicare Part D,5,4
HCP0082,9999000082,2026-05,S-CAR-02,South District 2,South,Cardiology,Medicaid,0,0
HCP0083,9999000083,2026-05,S-CAR-01,South District 1,South,Cardiology,Cash,1,1
HCP0084,9999000084,2026-05,S-CAR-02,South District 2,South,Cardiology,Commercial,0,0
HCP0086,9999000086,2026-05,S-CAR-02,South District 2,South,Cardiology,Medicaid,0,0
HCP0087,9999000087,2026-05,S-CAR-01,South District 1,South,Cardiology,Cash,2,1
HCP0088,9999000088,2026-05,S-CAR-02,South District 2,South,Cardiology,Commercial,2,2
HCP0089,9999000089,2026-05,S-CAR-01,South District 1,South,Cardiology,Medicare Part D,0,0
HCP0091,9999000091,2026-05,S-CAR-01,South District 1,South,Cardiology,Cash,0,0
HCP0092,9999000092,2026-05,S-CAR-02,South District 2,South,Cardiology,Commercial,1,1
HCP0093,9999000093,2026-05,S-CAR-01,South District 1,South,Cardiology,Medicare Part D,0,0
HCP0094,9999000094,2026-05,S-CAR-02,South District 2,South,Cardiology,Medicaid,3,2
HCP0096,9999000096,2026-05,S-CAR-02,South District 2,South,Cardiology,Commercial,1,1
HCP0097,9999000097,2026-05,S-CAR-01,South District 1,South,Cardiology,Medicare Part D,4,2
HCP0098,9999000098,2026-05,S-CAR-02,South District 2,South,Cardiology,Medicaid,2,2
HCP0099,9999000099,2026-05,S-CAR-01,South District 1,South,Cardiology,Cash,1,1
HCP0101,9999000101,2026-05,S-END-01,South District 1,South,Endocrinology,Medicare Part D,0,0
HCP0102,9999000102,2026-05,S-END-02,South District 2,South,Endocrinology,Medicaid,0,0
HCP0103,9999000103,2026-05,S-END-01,South District 1,South,Endocrinology,Cash,0,0
HCP0104,9999000104,2026-05,S-END-02,South District 2,South,Endocrinology,Commercial,0,0
HCP0106,9999000106,2026-05,S-END-02,South District 2,South,Endocrinology,Medicaid,2,2
HCP0107,9999000107,2026-05,S-END-01,South District 1,South,Endocrinology,Cash,2,2
HCP0108,9999000108,2026-05,S-END-02,South District 2,South,Endocrinology,Commercial,1,1
HCP0109,9999000109,2026-05,S-END-01,South District 1,South,Endocrinology,Medicare Part D,0,0
HCP0111,9999000111,2026-05,S-END-01,South District 1,South,Endocrinology,Cash,0,0
HCP0112,9999000112,2026-05,S-END-02,South District 2,South,Endocrinology,Commercial,0,0
HCP0113,9999000113,2026-05,S-END-01,South District 1,South,Endocrinology,Medicare Part D,0,0
HCP0114,9999000114,2026-05,S-END-02,South District 2,South,Endocrinology,Medicaid,0,0
HCP0116,9999000116,2026-05,S-END-02,South District 2,South,Endocrinology,Commercial,0,0
HCP0117,9999000117,2026-05,S-END-01,South District 1,South,Endocrinology,Medicare Part D,1,1
HCP0118,9999000118,2026-05,S-END-02,South District 2,South,Endocrinology,Medicaid,0,0
HCP0119,9999000119,2026-05,S-END-01,South District 1,South,Endocrinology,Cash,0,0
HCP0121,9999000121,2026-05,E-PCP-01,East District 1,East,Primary Care,Medicaid,1,1
HCP0122,9999000122,2026-05,E-PCP-02,East District 2,East,Primary Care,Cash,2,2
HCP0123,9999000123,2026-05,E-PCP-01,East District 1,East,Primary Care,Commercial,0,0
HCP0124,9999000124,2026-05,E-PCP-02,East District 2,East,Primary Care,Medicare Part D,0,0
HCP0126,9999000126,2026-05,E-PCP-02,East District 2,East,Primary Care,Cash,1,1
HCP0127,9999000127,2026-05,E-PCP-01,East District 1,East,Primary Care,Commercial,2,1
HCP0128,9999000128,2026-05,E-PCP-02,East District 2,East,Primary Care,Medicare Part D,2,1
HCP0129,9999000129,2026-05,E-PCP-01,East District 1,East,Primary Care,Medicaid,1,1
HCP0131,9999000131,2026-05,E-PCP-01,East District 1,East,Primary Care,Commercial,1,1
HCP0132,9999000132,2026-05,E-PCP-02,East District 2,East,Primary Care,Medicare Part D,2,2
HCP0133,9999000133,2026-05,E-PCP-01,East District 1,East,Primary Care,Medicaid,0,0
HCP0134,9999000134,2026-05,E-PCP-02,East District 2,East,Primary Care,Cash,0,0
HCP0136,9999000136,2026-05,E-PCP-02,East District 2,East,Primary Care,Medicare Part D,0,0
HCP0137,9999000137,2026-05,E-PCP-01,East District 1,East,Primary Care,Medicaid,0,0
HCP0138,9999000138,2026-05,E-PCP-02,East District 2,East,Primary Care,Cash,0,0
HCP0139,9999000139,2026-05,E-PCP-01,East District 1,East,Primary Care,Commercial,0,0
HCP0141,9999000141,2026-05,E-CAR-01,East District 1,East,Cardiology,Medicaid,1,1
HCP0142,9999000142,2026-05,E-CAR-02,East District 2,East,Cardiology,Cash,0,0
HCP0143,9999000143,2026-05,E-CAR-01,East District 1,East,Cardiology,Commercial,1,1
HCP0144,9999000144,2026-05,E-CAR-02,East District 2,East,Cardiology,Medicare Part D,1,1
HCP0146,9999000146,2026-05,E-CAR-02,East District 2,East,Cardiology,Cash,2,1
HCP0147,9999000147,2026-05,E-CAR-01,East District 1,East,Cardiology,Commercial,2,1
HCP0148,9999000148,2026-05,E-CAR-02,East District 2,East,Cardiology,Medicare Part D,2,2
HCP0149,9999000149,2026-05,E-CAR-01,East District 1,East,Cardiology,Medicaid,2,1
HCP0151,9999000151,2026-05,E-CAR-01,East District 1,East,Cardiology,Commercial,3,2
HCP0152,9999000152,2026-05,E-CAR-02,East District 2,East,Cardiology,Medicare Part D,0,0
HCP0153,9999000153,2026-05,E-CAR-01,East District 1,East,Cardiology,Medicaid,0,0
HCP0154,9999000154,2026-05,E-CAR-02,East District 2,East,Cardiology,Cash,1,1
HCP0156,9999000156,2026-05,E-CAR-02,East District 2,East,Cardiology,Medicare Part D,1,1
HCP0157,9999000157,2026-05,E-CAR-01,East District 1,East,Cardiology,Medicaid,2,1
HCP0158,9999000158,2026-05,E-CAR-02,East District 2,East,Cardiology,Cash,2,1
HCP0159,9999000159,2026-05,E-CAR-01,East District 1,East,Cardiology,Commercial,2,2
HCP0161,9999000161,2026-05,E-END-01,East District 1,East,Endocrinology,Medicaid,3,2
HCP0162,9999000162,2026-05,E-END-02,East District 2,East,Endocrinology,Cash,2,1
HCP0163,9999000163,2026-05,E-END-01,East District 1,East,Endocrinology,Commercial,1,1
HCP0164,9999000164,2026-05,E-END-02,East District 2,East,Endocrinology,Medicare Part D,0,0
HCP0166,9999000166,2026-05,E-END-02,East District 2,East,Endocrinology,Cash,0,0
HCP0167,9999000167,2026-05,E-END-01,East District 1,East,Endocrinology,Commercial,2,2
HCP0168,9999000168,2026-05,E-END-02,East District 2,East,Endocrinology,Medicare Part D,1,1
HCP0169,9999000169,2026-05,E-END-01,East District 1,East,Endocrinology,Medicaid,0,0
HCP0171,9999000171,2026-05,E-END-01,East District 1,East,Endocrinology,Commercial,5,5
HCP0172,9999000172,2026-05,E-END-02,East District 2,East,Endocrinology,Medicare Part D,0,0
HCP0173,9999000173,2026-05,E-END-01,East District 1,East,Endocrinology,Medicaid,2,2
HCP0174,9999000174,2026-05,E-END-02,East District 2,East,Endocrinology,Cash,0,0
HCP0176,9999000176,2026-05,E-END-02,East District 2,East,Endocrinology,Medicare Part D,1,1
HCP0177,9999000177,2026-05,E-END-01,East District 1,East,Endocrinology,Medicaid,5,3
HCP0178,9999000178,2026-05,E-END-02,East District 2,East,Endocrinology,Cash,0,0
HCP0179,9999000179,2026-05,E-END-01,East District 1,East,Endocrinology,Commercial,1,1
HCP0181,9999000181,2026-05,W-PCP-01,West District 1,West,Primary Care,Cash,0,0
HCP0182,9999000182,2026-05,W-PCP-02,West District 2,West,Primary Care,Commercial,1,1
HCP0183,9999000183,2026-05,W-PCP-01,West District 1,West,Primary Care,Medicare Part D,1,1
HCP0184,9999000184,2026-05,W-PCP-02,West District 2,West,Primary Care,Medicaid,0,0
HCP0186,9999000186,2026-05,W-PCP-02,West District 2,West,Primary Care,Commercial,1,1
HCP0187,9999000187,2026-05,W-PCP-01,West District 1,West,Primary Care,Medicare Part D,2,1
HCP0188,9999000188,2026-05,W-PCP-02,West District 2,West,Primary Care,Medicaid,1,1
HCP0189,9999000189,2026-05,W-PCP-01,West District 1,West,Primary Care,Cash,1,1
HCP0191,9999000191,2026-05,W-PCP-01,West District 1,West,Primary Care,Medicare Part D,0,0
HCP0192,9999000192,2026-05,W-PCP-02,West District 2,West,Primary Care,Medicaid,1,1
HCP0193,9999000193,2026-05,W-PCP-01,West District 1,West,Primary Care,Cash,1,1
HCP0194,9999000194,2026-05,W-PCP-02,West District 2,West,Primary Care,Commercial,3,1
HCP0196,9999000196,2026-05,W-PCP-02,West District 2,West,Primary Care,Medicaid,1,1
HCP0197,9999000197,2026-05,W-PCP-01,West District 1,West,Primary Care,Cash,0,0
HCP0198,9999000198,2026-05,W-PCP-02,West District 2,West,Primary Care,Commercial,0,0
HCP0199,9999000199,2026-05,W-PCP-01,West District 1,West,Primary Care,Medicare Part D,0,0
HCP0201,9999000201,2026-05,W-CAR-01,West District 1,West,Cardiology,Cash,0,0
HCP0202,9999000202,2026-05,W-CAR-02,West District 2,West,Cardiology,Commercial,0,0
HCP0203,9999000203,2026-05,W-CAR-01,West District 1,West,Cardiology,Medicare Part D,0,0
HCP0204,9999000204,2026-05,W-CAR-02,West District 2,West,Cardiology,Medicaid,3,2
HCP0206,9999000206,2026-05,W-CAR-02,West District 2,West,Cardiology,Commercial,2,2
HCP0207,9999000207,2026-05,W-CAR-01,West District 1,West,Cardiology,Medicare Part D,0,0
HCP0208,9999000208,2026-05,W-CAR-02,West District 2,West,Cardiology,Medicaid,0,0
HCP0209,9999000209,2026-05,W-CAR-01,West District 1,West,Cardiology,Cash,1,1
HCP0211,9999000211,2026-05,W-CAR-01,West District 1,West,Cardiology,Medicare Part D,1,1
HCP0212,9999000212,2026-05,W-CAR-02,West District 2,West,Cardiology,Medicaid,1,1
HCP0213,9999000213,2026-05,W-CAR-01,West District 1,West,Cardiology,Cash,1,1
HCP0214,9999000214,2026-05,W-CAR-02,West District 2,West,Cardiology,Commercial,0,0
HCP0216,9999000216,2026-05,W-CAR-02,West District 2,West,Cardiology,Medicaid,0,0
HCP0217,9999000217,2026-05,W-CAR-01,West District 1,West,Cardiology,Cash,0,0
HCP0218,9999000218,2026-05,W-CAR-02,West District 2,West,Cardiology,Commercial,0,0
HCP0219,9999000219,2026-05,W-CAR-01,West District 1,West,Cardiology,Medicare Part D,0,0
HCP0221,9999000221,2026-05,W-END-01,West District 1,West,Endocrinology,Cash,1,1
HCP0222,9999000222,2026-05,W-END-02,West District 2,West,Endocrinology,Commercial,0,0
HCP0223,9999000223,2026-05,W-END-01,West District 1,West,Endocrinology,Medicare Part D,2,2
HCP0224,9999000224,2026-05,W-END-02,West District 2,West,Endocrinology,Medicaid,0,0
HCP0226,9999000226,2026-05,W-END-02,West District 2,West,Endocrinology,Commercial,1,1
HCP0227,9999000227,2026-05,W-END-01,West District 1,West,Endocrinology,Medicare Part D,1,1
HCP0228,9999000228,2026-05,W-END-02,West District 2,West,Endocrinology,Medicaid,1,1
HCP0229,9999000229,2026-05,W-END-01,West District 1,West,Endocrinology,Cash,0,0
HCP0231,9999000231,2026-05,W-END-01,West District 1,West,Endocrinology,Medicare Part D,1,1
HCP0232,9999000232,2026-05,W-END-02,West District 2,West,Endocrinology,Medicaid,1,1
HCP0233,9999000233,2026-05,W-END-01,West District 1,West,Endocrinology,Cash,0,0
HCP0234,9999000234,2026-05,W-END-02,West District 2,West,Endocrinology,Commercial,0,0
HCP0236,9999000236,2026-05,W-END-02,West District 2,West,Endocrinology,Medicaid,2,2
HCP0237,9999000237,2026-05,W-END-01,West District 1,West,Endocrinology,Cash,0,0
HCP0238,9999000238,2026-05,W-END-02,West District 2,West,Endocrinology,Commercial,1,1
HCP0239,9999000239,2026-05,W-END-01,West District 1,West,Endocrinology,Medicare Part D,0,0
HCP0001,9999000001,2026-06,N-PCP-01,North District 1,North,Primary Care,Commercial,0,0
HCP0002,9999000002,2026-06,N-PCP-02,North District 2,North,Primary Care,Medicare Part D,1,1
HCP0003,9999000003,2026-06,N-PCP-01,North District 1,North,Primary Care,Medicaid,1,1
HCP0004,9999000004,2026-06,N-PCP-02,North District 2,North,Primary Care,Cash,4,2
HCP0006,9999000006,2026-06,N-PCP-02,North District 2,North,Primary Care,Medicare Part D,0,0
HCP0007,9999000007,2026-06,N-PCP-01,North District 1,North,Primary Care,Medicaid,1,1
HCP0008,9999000008,2026-06,N-PCP-02,North District 2,North,Primary Care,Cash,0,0
HCP0009,9999000009,2026-06,N-PCP-01,North District 1,North,Primary Care,Commercial,0,0
HCP0011,9999000011,2026-06,N-PCP-01,North District 1,North,Primary Care,Medicaid,2,2
HCP0012,9999000012,2026-06,N-PCP-02,North District 2,North,Primary Care,Cash,2,1
HCP0013,9999000013,2026-06,N-PCP-01,North District 1,North,Primary Care,Commercial,1,1
HCP0014,9999000014,2026-06,N-PCP-02,North District 2,North,Primary Care,Medicare Part D,2,1
HCP0016,9999000016,2026-06,N-PCP-02,North District 2,North,Primary Care,Cash,0,0
HCP0017,9999000017,2026-06,N-PCP-01,North District 1,North,Primary Care,Commercial,1,1
HCP0018,9999000018,2026-06,N-PCP-02,North District 2,North,Primary Care,Medicare Part D,0,0
HCP0019,9999000019,2026-06,N-PCP-01,North District 1,North,Primary Care,Medicaid,1,1
HCP0021,9999000021,2026-06,N-CAR-01,North District 1,North,Cardiology,Commercial,0,0
HCP0022,9999000022,2026-06,N-CAR-02,North District 2,North,Cardiology,Medicare Part D,3,3
HCP0023,9999000023,2026-06,N-CAR-01,North District 1,North,Cardiology,Medicaid,1,1
HCP0024,9999000024,2026-06,N-CAR-02,North District 2,North,Cardiology,Cash,0,0
HCP0026,9999000026,2026-06,N-CAR-02,North District 2,North,Cardiology,Medicare Part D,1,1
HCP0027,9999000027,2026-06,N-CAR-01,North District 1,North,Cardiology,Medicaid,0,0
HCP0028,9999000028,2026-06,N-CAR-02,North District 2,North,Cardiology,Cash,1,1
HCP0029,9999000029,2026-06,N-CAR-01,North District 1,North,Cardiology,Commercial,1,1
HCP0031,9999000031,2026-06,N-CAR-01,North District 1,North,Cardiology,Medicaid,1,1
HCP0032,9999000032,2026-06,N-CAR-02,North District 2,North,Cardiology,Cash,1,1
HCP0033,9999000033,2026-06,N-CAR-01,North District 1,North,Cardiology,Commercial,0,0
HCP0034,9999000034,2026-06,N-CAR-02,North District 2,North,Cardiology,Medicare Part D,4,4
HCP0036,9999000036,2026-06,N-CAR-02,North District 2,North,Cardiology,Cash,1,1
HCP0037,9999000037,2026-06,N-CAR-01,North District 1,North,Cardiology,Commercial,1,1
HCP0038,9999000038,2026-06,N-CAR-02,North District 2,North,Cardiology,Medicare Part D,1,1
HCP0039,9999000039,2026-06,N-CAR-01,North District 1,North,Cardiology,Medicaid,2,1
HCP0041,9999000041,2026-06,N-END-01,North District 1,North,Endocrinology,Commercial,0,0
HCP0042,9999000042,2026-06,N-END-02,North District 2,North,Endocrinology,Medicare Part D,0,0
HCP0043,9999000043,2026-06,N-END-01,North District 1,North,Endocrinology,Medicaid,2,2
HCP0044,9999000044,2026-06,N-END-02,North District 2,North,Endocrinology,Cash,2,1
HCP0046,9999000046,2026-06,N-END-02,North District 2,North,Endocrinology,Medicare Part D,0,0
HCP0047,9999000047,2026-06,N-END-01,North District 1,North,Endocrinology,Medicaid,0,0
HCP0048,9999000048,2026-06,N-END-02,North District 2,North,Endocrinology,Cash,0,0
HCP0049,9999000049,2026-06,N-END-01,North District 1,North,Endocrinology,Commercial,0,0
HCP0051,9999000051,2026-06,N-END-01,North District 1,North,Endocrinology,Medicaid,4,2
HCP0052,9999000052,2026-06,N-END-02,North District 2,North,Endocrinology,Cash,0,0
HCP0053,9999000053,2026-06,N-END-01,North District 1,North,Endocrinology,Commercial,0,0
HCP0054,9999000054,2026-06,N-END-02,North District 2,North,Endocrinology,Medicare Part D,0,0
HCP0056,9999000056,2026-06,N-END-02,North District 2,North,Endocrinology,Cash,3,3
HCP0057,9999000057,2026-06,N-END-01,North District 1,North,Endocrinology,Commercial,1,1
HCP0058,9999000058,2026-06,N-END-02,North District 2,North,Endocrinology,Medicare Part D,0,0
HCP0059,9999000059,2026-06,N-END-01,North District 1,North,Endocrinology,Medicaid,2,2
HCP0061,9999000061,2026-06,S-PCP-01,South District 1,South,Primary Care,Medicare Part D,0,0
HCP0062,9999000062,2026-06,S-PCP-02,South District 2,South,Primary Care,Medicaid,0,0
HCP0063,9999000063,2026-06,S-PCP-01,South District 1,South,Primary Care,Cash,1,1
HCP0064,9999000064,2026-06,S-PCP-02,South District 2,South,Primary Care,Commercial,0,0
HCP0066,9999000066,2026-06,S-PCP-02,South District 2,South,Primary Care,Medicaid,2,2
HCP0067,9999000067,2026-06,S-PCP-01,South District 1,South,Primary Care,Cash,0,0
HCP0068,9999000068,2026-06,S-PCP-02,South District 2,South,Primary Care,Commercial,2,1
HCP0069,9999000069,2026-06,S-PCP-01,South District 1,South,Primary Care,Medicare Part D,0,0
HCP0071,9999000071,2026-06,S-PCP-01,South District 1,South,Primary Care,Cash,2,2
HCP0072,9999000072,2026-06,S-PCP-02,South District 2,South,Primary Care,Commercial,1,1
HCP0073,9999000073,2026-06,S-PCP-01,South District 1,South,Primary Care,Medicare Part D,0,0
HCP0074,9999000074,2026-06,S-PCP-02,South District 2,South,Primary Care,Medicaid,0,0
HCP0076,9999000076,2026-06,S-PCP-02,South District 2,South,Primary Care,Commercial,1,1
HCP0077,9999000077,2026-06,S-PCP-01,South District 1,South,Primary Care,Medicare Part D,1,1
HCP0078,9999000078,2026-06,S-PCP-02,South District 2,South,Primary Care,Medicaid,0,0
HCP0079,9999000079,2026-06,S-PCP-01,South District 1,South,Primary Care,Cash,1,1
HCP0081,9999000081,2026-06,S-CAR-01,South District 1,South,Cardiology,Medicare Part D,0,0
HCP0082,9999000082,2026-06,S-CAR-02,South District 2,South,Cardiology,Medicaid,0,0
HCP0083,9999000083,2026-06,S-CAR-01,South District 1,South,Cardiology,Cash,0,0
HCP0084,9999000084,2026-06,S-CAR-02,South District 2,South,Cardiology,Commercial,3,3
HCP0086,9999000086,2026-06,S-CAR-02,South District 2,South,Cardiology,Medicaid,1,1
HCP0087,9999000087,2026-06,S-CAR-01,South District 1,South,Cardiology,Cash,0,0
HCP0088,9999000088,2026-06,S-CAR-02,South District 2,South,Cardiology,Commercial,2,1
HCP0089,9999000089,2026-06,S-CAR-01,South District 1,South,Cardiology,Medicare Part D,0,0
HCP0091,9999000091,2026-06,S-CAR-01,South District 1,South,Cardiology,Cash,0,0
HCP0092,9999000092,2026-06,S-CAR-02,South District 2,South,Cardiology,Commercial,1,1
HCP0093,9999000093,2026-06,S-CAR-01,South District 1,South,Cardiology,Medicare Part D,2,2
HCP0094,9999000094,2026-06,S-CAR-02,South District 2,South,Cardiology,Medicaid,1,1
HCP0096,9999000096,2026-06,S-CAR-02,South District 2,South,Cardiology,Commercial,0,0
HCP0097,9999000097,2026-06,S-CAR-01,South District 1,South,Cardiology,Medicare Part D,2,1
HCP0098,9999000098,2026-06,S-CAR-02,South District 2,South,Cardiology,Medicaid,1,1
HCP0099,9999000099,2026-06,S-CAR-01,South District 1,South,Cardiology,Cash,1,1
HCP0101,9999000101,2026-06,S-END-01,South District 1,South,Endocrinology,Medicare Part D,2,1
HCP0102,9999000102,2026-06,S-END-02,South District 2,South,Endocrinology,Medicaid,0,0
HCP0103,9999000103,2026-06,S-END-01,South District 1,South,Endocrinology,Cash,0,0
HCP0104,9999000104,2026-06,S-END-02,South District 2,South,Endocrinology,Commercial,1,1
HCP0106,9999000106,2026-06,S-END-02,South District 2,South,Endocrinology,Medicaid,2,2
HCP0107,9999000107,2026-06,S-END-01,South District 1,South,Endocrinology,Cash,0,0
HCP0108,9999000108,2026-06,S-END-02,South District 2,South,Endocrinology,Commercial,0,0
HCP0109,9999000109,2026-06,S-END-01,South District 1,South,Endocrinology,Medicare Part D,2,1
HCP0111,9999000111,2026-06,S-END-01,South District 1,South,Endocrinology,Cash,1,1
HCP0112,9999000112,2026-06,S-END-02,South District 2,South,Endocrinology,Commercial,0,0
HCP0113,9999000113,2026-06,S-END-01,South District 1,South,Endocrinology,Medicare Part D,1,1
HCP0114,9999000114,2026-06,S-END-02,South District 2,South,Endocrinology,Medicaid,0,0
HCP0116,9999000116,2026-06,S-END-02,South District 2,South,Endocrinology,Commercial,1,1
HCP0117,9999000117,2026-06,S-END-01,South District 1,South,Endocrinology,Medicare Part D,0,0
HCP0118,9999000118,2026-06,S-END-02,South District 2,South,Endocrinology,Medicaid,0,0
HCP0119,9999000119,2026-06,S-END-01,South District 1,South,Endocrinology,Cash,0,0
HCP0121,9999000121,2026-06,E-PCP-01,East District 1,East,Primary Care,Medicaid,1,1
HCP0122,9999000122,2026-06,E-PCP-02,East District 2,East,Primary Care,Cash,0,0
HCP0123,9999000123,2026-06,E-PCP-01,East District 1,East,Primary Care,Commercial,2,2
HCP0124,9999000124,2026-06,E-PCP-02,East District 2,East,Primary Care,Medicare Part D,1,1
HCP0126,9999000126,2026-06,E-PCP-02,East District 2,East,Primary Care,Cash,2,2
HCP0127,9999000127,2026-06,E-PCP-01,East District 1,East,Primary Care,Commercial,0,0
HCP0128,9999000128,2026-06,E-PCP-02,East District 2,East,Primary Care,Medicare Part D,3,3
HCP0129,9999000129,2026-06,E-PCP-01,East District 1,East,Primary Care,Medicaid,0,0
HCP0131,9999000131,2026-06,E-PCP-01,East District 1,East,Primary Care,Commercial,0,0
HCP0132,9999000132,2026-06,E-PCP-02,East District 2,East,Primary Care,Medicare Part D,0,0
HCP0133,9999000133,2026-06,E-PCP-01,East District 1,East,Primary Care,Medicaid,2,1
HCP0134,9999000134,2026-06,E-PCP-02,East District 2,East,Primary Care,Cash,1,1
HCP0136,9999000136,2026-06,E-PCP-02,East District 2,East,Primary Care,Medicare Part D,0,0
HCP0137,9999000137,2026-06,E-PCP-01,East District 1,East,Primary Care,Medicaid,1,1
HCP0138,9999000138,2026-06,E-PCP-02,East District 2,East,Primary Care,Cash,2,2
HCP0139,9999000139,2026-06,E-PCP-01,East District 1,East,Primary Care,Commercial,1,1
HCP0141,9999000141,2026-06,E-CAR-01,East District 1,East,Cardiology,Medicaid,1,1
HCP0142,9999000142,2026-06,E-CAR-02,East District 2,East,Cardiology,Cash,0,0
HCP0143,9999000143,2026-06,E-CAR-01,East District 1,East,Cardiology,Commercial,0,0
HCP0144,9999000144,2026-06,E-CAR-02,East District 2,East,Cardiology,Medicare Part D,1,1
HCP0146,9999000146,2026-06,E-CAR-02,East District 2,East,Cardiology,Cash,0,0
HCP0147,9999000147,2026-06,E-CAR-01,East District 1,East,Cardiology,Commercial,0,0
HCP0148,9999000148,2026-06,E-CAR-02,East District 2,East,Cardiology,Medicare Part D,2,1
HCP0149,9999000149,2026-06,E-CAR-01,East District 1,East,Cardiology,Medicaid,2,2
HCP0151,9999000151,2026-06,E-CAR-01,East District 1,East,Cardiology,Commercial,0,0
HCP0152,9999000152,2026-06,E-CAR-02,East District 2,East,Cardiology,Medicare Part D,1,1
HCP0153,9999000153,2026-06,E-CAR-01,East District 1,East,Cardiology,Medicaid,2,1
HCP0154,9999000154,2026-06,E-CAR-02,East District 2,East,Cardiology,Cash,1,1
HCP0156,9999000156,2026-06,E-CAR-02,East District 2,East,Cardiology,Medicare Part D,1,1
HCP0157,9999000157,2026-06,E-CAR-01,East District 1,East,Cardiology,Medicaid,0,0
HCP0158,9999000158,2026-06,E-CAR-02,East District 2,East,Cardiology,Cash,0,0
HCP0159,9999000159,2026-06,E-CAR-01,East District 1,East,Cardiology,Commercial,1,1
HCP0161,9999000161,2026-06,E-END-01,East District 1,East,Endocrinology,Medicaid,1,1
HCP0162,9999000162,2026-06,E-END-02,East District 2,East,Endocrinology,Cash,1,1
HCP0163,9999000163,2026-06,E-END-01,East District 1,East,Endocrinology,Commercial,0,0
HCP0164,9999000164,2026-06,E-END-02,East District 2,East,Endocrinology,Medicare Part D,0,0
HCP0166,9999000166,2026-06,E-END-02,East District 2,East,Endocrinology,Cash,1,1
HCP0167,9999000167,2026-06,E-END-01,East District 1,East,Endocrinology,Commercial,1,1
HCP0168,9999000168,2026-06,E-END-02,East District 2,East,Endocrinology,Medicare Part D,0,0
HCP0169,9999000169,2026-06,E-END-01,East District 1,East,Endocrinology,Medicaid,0,0
HCP0171,9999000171,2026-06,E-END-01,East District 1,East,Endocrinology,Commercial,1,1
HCP0172,9999000172,2026-06,E-END-02,East District 2,East,Endocrinology,Medicare Part D,1,1
HCP0173,9999000173,2026-06,E-END-01,East District 1,East,Endocrinology,Medicaid,3,3
HCP0174,9999000174,2026-06,E-END-02,East District 2,East,Endocrinology,Cash,0,0
HCP0176,9999000176,2026-06,E-END-02,East District 2,East,Endocrinology,Medicare Part D,1,1
HCP0177,9999000177,2026-06,E-END-01,East District 1,East,Endocrinology,Medicaid,1,1
HCP0178,9999000178,2026-06,E-END-02,East District 2,East,Endocrinology,Cash,0,0
HCP0179,9999000179,2026-06,E-END-01,East District 1,East,Endocrinology,Commercial,1,1
HCP0181,9999000181,2026-06,W-PCP-01,West District 1,West,Primary Care,Cash,1,1
HCP0182,9999000182,2026-06,W-PCP-02,West District 2,West,Primary Care,Commercial,0,0
HCP0183,9999000183,2026-06,W-PCP-01,West District 1,West,Primary Care,Medicare Part D,2,1
HCP0184,9999000184,2026-06,W-PCP-02,West District 2,West,Primary Care,Medicaid,0,0
HCP0186,9999000186,2026-06,W-PCP-02,West District 2,West,Primary Care,Commercial,0,0
HCP0187,9999000187,2026-06,W-PCP-01,West District 1,West,Primary Care,Medicare Part D,0,0
HCP0188,9999000188,2026-06,W-PCP-02,West District 2,West,Primary Care,Medicaid,2,2
HCP0189,9999000189,2026-06,W-PCP-01,West District 1,West,Primary Care,Cash,0,0
HCP0191,9999000191,2026-06,W-PCP-01,West District 1,West,Primary Care,Medicare Part D,1,1
HCP0192,9999000192,2026-06,W-PCP-02,West District 2,West,Primary Care,Medicaid,1,1
HCP0193,9999000193,2026-06,W-PCP-01,West District 1,West,Primary Care,Cash,0,0
HCP0194,9999000194,2026-06,W-PCP-02,West District 2,West,Primary Care,Commercial,0,0
HCP0196,9999000196,2026-06,W-PCP-02,West District 2,West,Primary Care,Medicaid,0,0
HCP0197,9999000197,2026-06,W-PCP-01,West District 1,West,Primary Care,Cash,0,0
HCP0198,9999000198,2026-06,W-PCP-02,West District 2,West,Primary Care,Commercial,1,1
HCP0199,9999000199,2026-06,W-PCP-01,West District 1,West,Primary Care,Medicare Part D,0,0
HCP0201,9999000201,2026-06,W-CAR-01,West District 1,West,Cardiology,Cash,0,0
HCP0202,9999000202,2026-06,W-CAR-02,West District 2,West,Cardiology,Commercial,0,0
HCP0203,9999000203,2026-06,W-CAR-01,West District 1,West,Cardiology,Medicare Part D,0,0
HCP0204,9999000204,2026-06,W-CAR-02,West District 2,West,Cardiology,Medicaid,0,0
HCP0206,9999000206,2026-06,W-CAR-02,West District 2,West,Cardiology,Commercial,1,1
HCP0207,9999000207,2026-06,W-CAR-01,West District 1,West,Cardiology,Medicare Part D,1,1
HCP0208,9999000208,2026-06,W-CAR-02,West District 2,West,Cardiology,Medicaid,0,0
HCP0209,9999000209,2026-06,W-CAR-01,West District 1,West,Cardiology,Cash,0,0
HCP0211,9999000211,2026-06,W-CAR-01,West District 1,West,Cardiology,Medicare Part D,1,1
HCP0212,9999000212,2026-06,W-CAR-02,West District 2,West,Cardiology,Medicaid,0,0
HCP0213,9999000213,2026-06,W-CAR-01,West District 1,West,Cardiology,Cash,2,1
HCP0214,9999000214,2026-06,W-CAR-02,West District 2,West,Cardiology,Commercial,0,0
HCP0216,9999000216,2026-06,W-CAR-02,West District 2,West,Cardiology,Medicaid,0,0
HCP0217,9999000217,2026-06,W-CAR-01,West District 1,West,Cardiology,Cash,1,1
HCP0218,9999000218,2026-06,W-CAR-02,West District 2,West,Cardiology,Commercial,0,0
HCP0219,9999000219,2026-06,W-CAR-01,West District 1,West,Cardiology,Medicare Part D,2,2
HCP0221,9999000221,2026-06,W-END-01,West District 1,West,Endocrinology,Cash,1,1
HCP0222,9999000222,2026-06,W-END-02,West District 2,West,Endocrinology,Commercial,1,1
HCP0223,9999000223,2026-06,W-END-01,West District 1,West,Endocrinology,Medicare Part D,0,0
HCP0224,9999000224,2026-06,W-END-02,West District 2,West,Endocrinology,Medicaid,1,1
HCP0226,9999000226,2026-06,W-END-02,West District 2,West,Endocrinology,Commercial,0,0
HCP0227,9999000227,2026-06,W-END-01,West District 1,West,Endocrinology,Medicare Part D,0,0
HCP0228,9999000228,2026-06,W-END-02,West District 2,West,Endocrinology,Medicaid,0,0
HCP0229,9999000229,2026-06,W-END-01,West District 1,West,Endocrinology,Cash,2,2
HCP0231,9999000231,2026-06,W-END-01,West District 1,West,Endocrinology,Medicare Part D,1,1
HCP0232,9999000232,2026-06,W-END-02,West District 2,West,Endocrinology,Medicaid,0,0
HCP0233,9999000233,2026-06,W-END-01,West District 1,West,Endocrinology,Cash,0,0
HCP0234,9999000234,2026-06,W-END-02,West District 2,West,Endocrinology,Commercial,1,1
HCP0236,9999000236,2026-06,W-END-02,West District 2,West,Endocrinology,Medicaid,1,1
HCP0237,9999000237,2026-06,W-END-01,West District 1,West,Endocrinology,Cash,0,0
HCP0238,9999000238,2026-06,W-END-02,West District 2,West,Endocrinology,Commercial,0,0
HCP0239,9999000239,2026-06,W-END-01,West District 1,West,Endocrinology,Medicare Part D,0,0
